[2025-10-17T07:38:12.948+0000] {processor.py:186} INFO - Started process (PID=274) to work on /opt/airflow/dags/premier_dag.py
[2025-10-17T07:38:12.951+0000] {processor.py:914} INFO - Processing file /opt/airflow/dags/premier_dag.py for tasks to queue
[2025-10-17T07:38:12.956+0000] {logging_mixin.py:190} INFO - [2025-10-17T07:38:12.955+0000] {dagbag.py:588} INFO - Filling up the DagBag from /opt/airflow/dags/premier_dag.py
[2025-10-17T07:38:12.997+0000] {processor.py:925} INFO - DAG(s) 'premier_dag_test' retrieved from /opt/airflow/dags/premier_dag.py
[2025-10-17T07:38:13.071+0000] {logging_mixin.py:190} INFO - [2025-10-17T07:38:13.071+0000] {dag.py:3239} INFO - Sync 1 DAGs
[2025-10-17T07:38:13.121+0000] {logging_mixin.py:190} INFO - [2025-10-17T07:38:13.121+0000] {dag.py:4180} INFO - Setting next_dagrun for premier_dag_test to 2025-06-02 09:00:00+00:00, run_after=2025-06-02 10:00:00+00:00
[2025-10-17T07:38:13.149+0000] {processor.py:208} INFO - Processing /opt/airflow/dags/premier_dag.py took 0.217 seconds
[2025-10-17T07:38:43.675+0000] {processor.py:186} INFO - Started process (PID=299) to work on /opt/airflow/dags/premier_dag.py
[2025-10-17T07:38:43.677+0000] {processor.py:914} INFO - Processing file /opt/airflow/dags/premier_dag.py for tasks to queue
[2025-10-17T07:38:43.680+0000] {logging_mixin.py:190} INFO - [2025-10-17T07:38:43.679+0000] {dagbag.py:588} INFO - Filling up the DagBag from /opt/airflow/dags/premier_dag.py
[2025-10-17T07:38:43.717+0000] {processor.py:925} INFO - DAG(s) 'premier_dag_test' retrieved from /opt/airflow/dags/premier_dag.py
[2025-10-17T07:38:43.762+0000] {logging_mixin.py:190} INFO - [2025-10-17T07:38:43.761+0000] {dag.py:3239} INFO - Sync 1 DAGs
[2025-10-17T07:38:43.798+0000] {logging_mixin.py:190} INFO - [2025-10-17T07:38:43.797+0000] {dag.py:4180} INFO - Setting next_dagrun for premier_dag_test to 2025-06-02 09:00:00+00:00, run_after=2025-06-02 10:00:00+00:00
[2025-10-17T07:38:43.862+0000] {processor.py:208} INFO - Processing /opt/airflow/dags/premier_dag.py took 0.195 seconds
[2025-10-17T07:39:14.085+0000] {processor.py:186} INFO - Started process (PID=316) to work on /opt/airflow/dags/premier_dag.py
[2025-10-17T07:39:14.087+0000] {processor.py:914} INFO - Processing file /opt/airflow/dags/premier_dag.py for tasks to queue
[2025-10-17T07:39:14.091+0000] {logging_mixin.py:190} INFO - [2025-10-17T07:39:14.091+0000] {dagbag.py:588} INFO - Filling up the DagBag from /opt/airflow/dags/premier_dag.py
[2025-10-17T07:39:14.124+0000] {processor.py:925} INFO - DAG(s) 'premier_dag_test' retrieved from /opt/airflow/dags/premier_dag.py
[2025-10-17T07:39:14.154+0000] {logging_mixin.py:190} INFO - [2025-10-17T07:39:14.154+0000] {dag.py:3239} INFO - Sync 1 DAGs
[2025-10-17T07:39:14.178+0000] {logging_mixin.py:190} INFO - [2025-10-17T07:39:14.178+0000] {dag.py:4180} INFO - Setting next_dagrun for premier_dag_test to 2025-06-02 09:00:00+00:00, run_after=2025-06-02 10:00:00+00:00
[2025-10-17T07:39:14.200+0000] {processor.py:208} INFO - Processing /opt/airflow/dags/premier_dag.py took 0.119 seconds
[2025-10-17T07:39:44.656+0000] {processor.py:186} INFO - Started process (PID=333) to work on /opt/airflow/dags/premier_dag.py
[2025-10-17T07:39:44.657+0000] {processor.py:914} INFO - Processing file /opt/airflow/dags/premier_dag.py for tasks to queue
[2025-10-17T07:39:44.661+0000] {logging_mixin.py:190} INFO - [2025-10-17T07:39:44.660+0000] {dagbag.py:588} INFO - Filling up the DagBag from /opt/airflow/dags/premier_dag.py
[2025-10-17T07:39:44.698+0000] {processor.py:925} INFO - DAG(s) 'premier_dag_test' retrieved from /opt/airflow/dags/premier_dag.py
[2025-10-17T07:39:44.738+0000] {logging_mixin.py:190} INFO - [2025-10-17T07:39:44.738+0000] {dag.py:3239} INFO - Sync 1 DAGs
[2025-10-17T07:39:44.774+0000] {logging_mixin.py:190} INFO - [2025-10-17T07:39:44.774+0000] {dag.py:4180} INFO - Setting next_dagrun for premier_dag_test to 2025-06-02 09:00:00+00:00, run_after=2025-06-02 10:00:00+00:00
[2025-10-17T07:39:44.834+0000] {processor.py:208} INFO - Processing /opt/airflow/dags/premier_dag.py took 0.187 seconds
[2025-10-17T07:40:15.015+0000] {processor.py:186} INFO - Started process (PID=350) to work on /opt/airflow/dags/premier_dag.py
[2025-10-17T07:40:15.016+0000] {processor.py:914} INFO - Processing file /opt/airflow/dags/premier_dag.py for tasks to queue
[2025-10-17T07:40:15.019+0000] {logging_mixin.py:190} INFO - [2025-10-17T07:40:15.019+0000] {dagbag.py:588} INFO - Filling up the DagBag from /opt/airflow/dags/premier_dag.py
[2025-10-17T07:40:15.055+0000] {processor.py:925} INFO - DAG(s) 'premier_dag_test' retrieved from /opt/airflow/dags/premier_dag.py
[2025-10-17T07:40:15.092+0000] {logging_mixin.py:190} INFO - [2025-10-17T07:40:15.091+0000] {dag.py:3239} INFO - Sync 1 DAGs
[2025-10-17T07:40:15.126+0000] {logging_mixin.py:190} INFO - [2025-10-17T07:40:15.126+0000] {dag.py:4180} INFO - Setting next_dagrun for premier_dag_test to 2025-06-02 09:00:00+00:00, run_after=2025-06-02 10:00:00+00:00
[2025-10-17T07:40:15.190+0000] {processor.py:208} INFO - Processing /opt/airflow/dags/premier_dag.py took 0.183 seconds
[2025-10-17T07:40:45.656+0000] {processor.py:186} INFO - Started process (PID=367) to work on /opt/airflow/dags/premier_dag.py
[2025-10-17T07:40:45.658+0000] {processor.py:914} INFO - Processing file /opt/airflow/dags/premier_dag.py for tasks to queue
[2025-10-17T07:40:45.661+0000] {logging_mixin.py:190} INFO - [2025-10-17T07:40:45.660+0000] {dagbag.py:588} INFO - Filling up the DagBag from /opt/airflow/dags/premier_dag.py
[2025-10-17T07:40:45.693+0000] {processor.py:925} INFO - DAG(s) 'premier_dag_test' retrieved from /opt/airflow/dags/premier_dag.py
[2025-10-17T07:40:45.722+0000] {logging_mixin.py:190} INFO - [2025-10-17T07:40:45.722+0000] {dag.py:3239} INFO - Sync 1 DAGs
[2025-10-17T07:40:45.747+0000] {logging_mixin.py:190} INFO - [2025-10-17T07:40:45.747+0000] {dag.py:4180} INFO - Setting next_dagrun for premier_dag_test to 2025-06-02 09:00:00+00:00, run_after=2025-06-02 10:00:00+00:00
[2025-10-17T07:40:45.806+0000] {processor.py:208} INFO - Processing /opt/airflow/dags/premier_dag.py took 0.157 seconds
[2025-10-17T07:41:16.023+0000] {processor.py:186} INFO - Started process (PID=384) to work on /opt/airflow/dags/premier_dag.py
[2025-10-17T07:41:16.025+0000] {processor.py:914} INFO - Processing file /opt/airflow/dags/premier_dag.py for tasks to queue
[2025-10-17T07:41:16.029+0000] {logging_mixin.py:190} INFO - [2025-10-17T07:41:16.029+0000] {dagbag.py:588} INFO - Filling up the DagBag from /opt/airflow/dags/premier_dag.py
[2025-10-17T07:41:16.078+0000] {processor.py:925} INFO - DAG(s) 'premier_dag_test' retrieved from /opt/airflow/dags/premier_dag.py
[2025-10-17T07:41:16.118+0000] {logging_mixin.py:190} INFO - [2025-10-17T07:41:16.117+0000] {dag.py:3239} INFO - Sync 1 DAGs
[2025-10-17T07:41:16.152+0000] {logging_mixin.py:190} INFO - [2025-10-17T07:41:16.152+0000] {dag.py:4180} INFO - Setting next_dagrun for premier_dag_test to 2025-06-02 09:00:00+00:00, run_after=2025-06-02 10:00:00+00:00
[2025-10-17T07:41:16.235+0000] {processor.py:208} INFO - Processing /opt/airflow/dags/premier_dag.py took 0.221 seconds
[2025-10-17T07:41:46.365+0000] {processor.py:186} INFO - Started process (PID=405) to work on /opt/airflow/dags/premier_dag.py
[2025-10-17T07:41:46.368+0000] {processor.py:914} INFO - Processing file /opt/airflow/dags/premier_dag.py for tasks to queue
[2025-10-17T07:41:46.375+0000] {logging_mixin.py:190} INFO - [2025-10-17T07:41:46.375+0000] {dagbag.py:588} INFO - Filling up the DagBag from /opt/airflow/dags/premier_dag.py
[2025-10-17T07:41:46.436+0000] {processor.py:925} INFO - DAG(s) 'premier_dag_test' retrieved from /opt/airflow/dags/premier_dag.py
[2025-10-17T07:41:46.495+0000] {logging_mixin.py:190} INFO - [2025-10-17T07:41:46.494+0000] {dag.py:3239} INFO - Sync 1 DAGs
[2025-10-17T07:41:46.540+0000] {logging_mixin.py:190} INFO - [2025-10-17T07:41:46.540+0000] {dag.py:4180} INFO - Setting next_dagrun for premier_dag_test to 2025-06-02 09:00:00+00:00, run_after=2025-06-02 10:00:00+00:00
[2025-10-17T07:41:46.580+0000] {processor.py:208} INFO - Processing /opt/airflow/dags/premier_dag.py took 0.228 seconds
[2025-10-17T07:42:17.029+0000] {processor.py:186} INFO - Started process (PID=430) to work on /opt/airflow/dags/premier_dag.py
[2025-10-17T07:42:17.032+0000] {processor.py:914} INFO - Processing file /opt/airflow/dags/premier_dag.py for tasks to queue
[2025-10-17T07:42:17.037+0000] {logging_mixin.py:190} INFO - [2025-10-17T07:42:17.035+0000] {dagbag.py:588} INFO - Filling up the DagBag from /opt/airflow/dags/premier_dag.py
[2025-10-17T07:42:17.078+0000] {processor.py:925} INFO - DAG(s) 'premier_dag_test' retrieved from /opt/airflow/dags/premier_dag.py
[2025-10-17T07:42:17.138+0000] {logging_mixin.py:190} INFO - [2025-10-17T07:42:17.137+0000] {dag.py:3239} INFO - Sync 1 DAGs
[2025-10-17T07:42:17.185+0000] {logging_mixin.py:190} INFO - [2025-10-17T07:42:17.185+0000] {dag.py:4180} INFO - Setting next_dagrun for premier_dag_test to 2025-06-02 09:00:00+00:00, run_after=2025-06-02 10:00:00+00:00
[2025-10-17T07:42:17.219+0000] {processor.py:208} INFO - Processing /opt/airflow/dags/premier_dag.py took 0.198 seconds
[2025-10-17T07:42:47.439+0000] {processor.py:186} INFO - Started process (PID=447) to work on /opt/airflow/dags/premier_dag.py
[2025-10-17T07:42:47.441+0000] {processor.py:914} INFO - Processing file /opt/airflow/dags/premier_dag.py for tasks to queue
[2025-10-17T07:42:47.444+0000] {logging_mixin.py:190} INFO - [2025-10-17T07:42:47.443+0000] {dagbag.py:588} INFO - Filling up the DagBag from /opt/airflow/dags/premier_dag.py
[2025-10-17T07:42:47.476+0000] {processor.py:925} INFO - DAG(s) 'premier_dag_test' retrieved from /opt/airflow/dags/premier_dag.py
[2025-10-17T07:42:47.523+0000] {logging_mixin.py:190} INFO - [2025-10-17T07:42:47.523+0000] {dag.py:3239} INFO - Sync 1 DAGs
[2025-10-17T07:42:47.599+0000] {logging_mixin.py:190} INFO - [2025-10-17T07:42:47.599+0000] {dag.py:4180} INFO - Setting next_dagrun for premier_dag_test to 2025-06-02 09:00:00+00:00, run_after=2025-06-02 10:00:00+00:00
[2025-10-17T07:42:47.738+0000] {processor.py:208} INFO - Processing /opt/airflow/dags/premier_dag.py took 0.307 seconds
[2025-10-17T07:43:18.069+0000] {processor.py:186} INFO - Started process (PID=464) to work on /opt/airflow/dags/premier_dag.py
[2025-10-17T07:43:18.071+0000] {processor.py:914} INFO - Processing file /opt/airflow/dags/premier_dag.py for tasks to queue
[2025-10-17T07:43:18.074+0000] {logging_mixin.py:190} INFO - [2025-10-17T07:43:18.073+0000] {dagbag.py:588} INFO - Filling up the DagBag from /opt/airflow/dags/premier_dag.py
[2025-10-17T07:43:18.108+0000] {processor.py:925} INFO - DAG(s) 'premier_dag_test' retrieved from /opt/airflow/dags/premier_dag.py
[2025-10-17T07:43:18.136+0000] {logging_mixin.py:190} INFO - [2025-10-17T07:43:18.136+0000] {dag.py:3239} INFO - Sync 1 DAGs
[2025-10-17T07:43:18.165+0000] {logging_mixin.py:190} INFO - [2025-10-17T07:43:18.165+0000] {dag.py:4180} INFO - Setting next_dagrun for premier_dag_test to 2025-06-02 09:00:00+00:00, run_after=2025-06-02 10:00:00+00:00
[2025-10-17T07:43:18.190+0000] {processor.py:208} INFO - Processing /opt/airflow/dags/premier_dag.py took 0.126 seconds
[2025-10-17T07:43:48.390+0000] {processor.py:186} INFO - Started process (PID=481) to work on /opt/airflow/dags/premier_dag.py
[2025-10-17T07:43:48.392+0000] {processor.py:914} INFO - Processing file /opt/airflow/dags/premier_dag.py for tasks to queue
[2025-10-17T07:43:48.395+0000] {logging_mixin.py:190} INFO - [2025-10-17T07:43:48.394+0000] {dagbag.py:588} INFO - Filling up the DagBag from /opt/airflow/dags/premier_dag.py
[2025-10-17T07:43:48.431+0000] {processor.py:925} INFO - DAG(s) 'premier_dag_test' retrieved from /opt/airflow/dags/premier_dag.py
[2025-10-17T07:43:48.464+0000] {logging_mixin.py:190} INFO - [2025-10-17T07:43:48.464+0000] {dag.py:3239} INFO - Sync 1 DAGs
[2025-10-17T07:43:48.502+0000] {logging_mixin.py:190} INFO - [2025-10-17T07:43:48.501+0000] {dag.py:4180} INFO - Setting next_dagrun for premier_dag_test to 2025-06-02 09:00:00+00:00, run_after=2025-06-02 10:00:00+00:00
[2025-10-17T07:43:48.532+0000] {processor.py:208} INFO - Processing /opt/airflow/dags/premier_dag.py took 0.148 seconds
[2025-10-17T07:44:18.712+0000] {processor.py:186} INFO - Started process (PID=498) to work on /opt/airflow/dags/premier_dag.py
[2025-10-17T07:44:18.714+0000] {processor.py:914} INFO - Processing file /opt/airflow/dags/premier_dag.py for tasks to queue
[2025-10-17T07:44:18.717+0000] {logging_mixin.py:190} INFO - [2025-10-17T07:44:18.717+0000] {dagbag.py:588} INFO - Filling up the DagBag from /opt/airflow/dags/premier_dag.py
[2025-10-17T07:44:18.759+0000] {processor.py:925} INFO - DAG(s) 'premier_dag_test' retrieved from /opt/airflow/dags/premier_dag.py
[2025-10-17T07:44:18.796+0000] {logging_mixin.py:190} INFO - [2025-10-17T07:44:18.795+0000] {dag.py:3239} INFO - Sync 1 DAGs
[2025-10-17T07:44:18.834+0000] {logging_mixin.py:190} INFO - [2025-10-17T07:44:18.834+0000] {dag.py:4180} INFO - Setting next_dagrun for premier_dag_test to 2025-06-02 09:00:00+00:00, run_after=2025-06-02 10:00:00+00:00
[2025-10-17T07:44:18.900+0000] {processor.py:208} INFO - Processing /opt/airflow/dags/premier_dag.py took 0.198 seconds
[2025-10-17T07:44:49.344+0000] {processor.py:186} INFO - Started process (PID=515) to work on /opt/airflow/dags/premier_dag.py
[2025-10-17T07:44:49.345+0000] {processor.py:914} INFO - Processing file /opt/airflow/dags/premier_dag.py for tasks to queue
[2025-10-17T07:44:49.348+0000] {logging_mixin.py:190} INFO - [2025-10-17T07:44:49.348+0000] {dagbag.py:588} INFO - Filling up the DagBag from /opt/airflow/dags/premier_dag.py
[2025-10-17T07:44:49.384+0000] {processor.py:925} INFO - DAG(s) 'premier_dag_test' retrieved from /opt/airflow/dags/premier_dag.py
[2025-10-17T07:44:49.415+0000] {logging_mixin.py:190} INFO - [2025-10-17T07:44:49.415+0000] {dag.py:3239} INFO - Sync 1 DAGs
[2025-10-17T07:44:49.444+0000] {logging_mixin.py:190} INFO - [2025-10-17T07:44:49.444+0000] {dag.py:4180} INFO - Setting next_dagrun for premier_dag_test to 2025-06-02 09:00:00+00:00, run_after=2025-06-02 10:00:00+00:00
[2025-10-17T07:44:49.480+0000] {processor.py:208} INFO - Processing /opt/airflow/dags/premier_dag.py took 0.143 seconds
[2025-10-17T07:45:19.659+0000] {processor.py:186} INFO - Started process (PID=531) to work on /opt/airflow/dags/premier_dag.py
[2025-10-17T07:45:19.661+0000] {processor.py:914} INFO - Processing file /opt/airflow/dags/premier_dag.py for tasks to queue
[2025-10-17T07:45:19.664+0000] {logging_mixin.py:190} INFO - [2025-10-17T07:45:19.664+0000] {dagbag.py:588} INFO - Filling up the DagBag from /opt/airflow/dags/premier_dag.py
[2025-10-17T07:45:19.701+0000] {processor.py:925} INFO - DAG(s) 'premier_dag_test' retrieved from /opt/airflow/dags/premier_dag.py
[2025-10-17T07:45:19.733+0000] {logging_mixin.py:190} INFO - [2025-10-17T07:45:19.732+0000] {dag.py:3239} INFO - Sync 1 DAGs
[2025-10-17T07:45:19.763+0000] {logging_mixin.py:190} INFO - [2025-10-17T07:45:19.762+0000] {dag.py:4180} INFO - Setting next_dagrun for premier_dag_test to 2025-06-02 09:00:00+00:00, run_after=2025-06-02 10:00:00+00:00
[2025-10-17T07:45:19.822+0000] {processor.py:208} INFO - Processing /opt/airflow/dags/premier_dag.py took 0.170 seconds
[2025-10-17T07:45:50.278+0000] {processor.py:186} INFO - Started process (PID=548) to work on /opt/airflow/dags/premier_dag.py
[2025-10-17T07:45:50.279+0000] {processor.py:914} INFO - Processing file /opt/airflow/dags/premier_dag.py for tasks to queue
[2025-10-17T07:45:50.282+0000] {logging_mixin.py:190} INFO - [2025-10-17T07:45:50.282+0000] {dagbag.py:588} INFO - Filling up the DagBag from /opt/airflow/dags/premier_dag.py
[2025-10-17T07:45:50.317+0000] {processor.py:925} INFO - DAG(s) 'premier_dag_test' retrieved from /opt/airflow/dags/premier_dag.py
[2025-10-17T07:45:50.347+0000] {logging_mixin.py:190} INFO - [2025-10-17T07:45:50.347+0000] {dag.py:3239} INFO - Sync 1 DAGs
[2025-10-17T07:45:50.376+0000] {logging_mixin.py:190} INFO - [2025-10-17T07:45:50.376+0000] {dag.py:4180} INFO - Setting next_dagrun for premier_dag_test to 2025-06-02 09:00:00+00:00, run_after=2025-06-02 10:00:00+00:00
[2025-10-17T07:45:50.438+0000] {processor.py:208} INFO - Processing /opt/airflow/dags/premier_dag.py took 0.166 seconds
[2025-10-17T07:46:20.924+0000] {processor.py:186} INFO - Started process (PID=565) to work on /opt/airflow/dags/premier_dag.py
[2025-10-17T07:46:20.926+0000] {processor.py:914} INFO - Processing file /opt/airflow/dags/premier_dag.py for tasks to queue
[2025-10-17T07:46:20.929+0000] {logging_mixin.py:190} INFO - [2025-10-17T07:46:20.929+0000] {dagbag.py:588} INFO - Filling up the DagBag from /opt/airflow/dags/premier_dag.py
[2025-10-17T07:46:20.959+0000] {processor.py:925} INFO - DAG(s) 'premier_dag_test' retrieved from /opt/airflow/dags/premier_dag.py
[2025-10-17T07:46:20.994+0000] {logging_mixin.py:190} INFO - [2025-10-17T07:46:20.993+0000] {dag.py:3239} INFO - Sync 1 DAGs
[2025-10-17T07:46:21.026+0000] {logging_mixin.py:190} INFO - [2025-10-17T07:46:21.025+0000] {dag.py:4180} INFO - Setting next_dagrun for premier_dag_test to 2025-06-02 09:00:00+00:00, run_after=2025-06-02 10:00:00+00:00
[2025-10-17T07:46:21.086+0000] {processor.py:208} INFO - Processing /opt/airflow/dags/premier_dag.py took 0.169 seconds
[2025-10-17T07:46:51.193+0000] {processor.py:186} INFO - Started process (PID=581) to work on /opt/airflow/dags/premier_dag.py
[2025-10-17T07:46:51.195+0000] {processor.py:914} INFO - Processing file /opt/airflow/dags/premier_dag.py for tasks to queue
[2025-10-17T07:46:51.197+0000] {logging_mixin.py:190} INFO - [2025-10-17T07:46:51.197+0000] {dagbag.py:588} INFO - Filling up the DagBag from /opt/airflow/dags/premier_dag.py
[2025-10-17T07:46:51.231+0000] {processor.py:925} INFO - DAG(s) 'premier_dag_test' retrieved from /opt/airflow/dags/premier_dag.py
[2025-10-17T07:46:51.263+0000] {logging_mixin.py:190} INFO - [2025-10-17T07:46:51.262+0000] {dag.py:3239} INFO - Sync 1 DAGs
[2025-10-17T07:46:51.292+0000] {logging_mixin.py:190} INFO - [2025-10-17T07:46:51.292+0000] {dag.py:4180} INFO - Setting next_dagrun for premier_dag_test to 2025-06-02 09:00:00+00:00, run_after=2025-06-02 10:00:00+00:00
[2025-10-17T07:46:51.315+0000] {processor.py:208} INFO - Processing /opt/airflow/dags/premier_dag.py took 0.127 seconds
[2025-10-17T07:47:21.756+0000] {processor.py:186} INFO - Started process (PID=598) to work on /opt/airflow/dags/premier_dag.py
[2025-10-17T07:47:21.758+0000] {processor.py:914} INFO - Processing file /opt/airflow/dags/premier_dag.py for tasks to queue
[2025-10-17T07:47:21.761+0000] {logging_mixin.py:190} INFO - [2025-10-17T07:47:21.761+0000] {dagbag.py:588} INFO - Filling up the DagBag from /opt/airflow/dags/premier_dag.py
[2025-10-17T07:47:21.787+0000] {processor.py:925} INFO - DAG(s) 'premier_dag_test' retrieved from /opt/airflow/dags/premier_dag.py
[2025-10-17T07:47:21.819+0000] {logging_mixin.py:190} INFO - [2025-10-17T07:47:21.819+0000] {dag.py:3239} INFO - Sync 1 DAGs
[2025-10-17T07:47:21.854+0000] {logging_mixin.py:190} INFO - [2025-10-17T07:47:21.854+0000] {dag.py:4180} INFO - Setting next_dagrun for premier_dag_test to 2025-06-02 09:00:00+00:00, run_after=2025-06-02 10:00:00+00:00
[2025-10-17T07:47:21.897+0000] {processor.py:208} INFO - Processing /opt/airflow/dags/premier_dag.py took 0.148 seconds
[2025-10-17T07:47:52.194+0000] {processor.py:186} INFO - Started process (PID=614) to work on /opt/airflow/dags/premier_dag.py
[2025-10-17T07:47:52.196+0000] {processor.py:914} INFO - Processing file /opt/airflow/dags/premier_dag.py for tasks to queue
[2025-10-17T07:47:52.199+0000] {logging_mixin.py:190} INFO - [2025-10-17T07:47:52.199+0000] {dagbag.py:588} INFO - Filling up the DagBag from /opt/airflow/dags/premier_dag.py
[2025-10-17T07:47:52.239+0000] {processor.py:925} INFO - DAG(s) 'premier_dag_test' retrieved from /opt/airflow/dags/premier_dag.py
[2025-10-17T07:47:52.278+0000] {logging_mixin.py:190} INFO - [2025-10-17T07:47:52.278+0000] {dag.py:3239} INFO - Sync 1 DAGs
[2025-10-17T07:47:52.311+0000] {logging_mixin.py:190} INFO - [2025-10-17T07:47:52.311+0000] {dag.py:4180} INFO - Setting next_dagrun for premier_dag_test to 2025-06-02 09:00:00+00:00, run_after=2025-06-02 10:00:00+00:00
[2025-10-17T07:47:52.373+0000] {processor.py:208} INFO - Processing /opt/airflow/dags/premier_dag.py took 0.188 seconds
[2025-10-17T07:48:22.459+0000] {processor.py:186} INFO - Started process (PID=631) to work on /opt/airflow/dags/premier_dag.py
[2025-10-17T07:48:22.460+0000] {processor.py:914} INFO - Processing file /opt/airflow/dags/premier_dag.py for tasks to queue
[2025-10-17T07:48:22.464+0000] {logging_mixin.py:190} INFO - [2025-10-17T07:48:22.464+0000] {dagbag.py:588} INFO - Filling up the DagBag from /opt/airflow/dags/premier_dag.py
[2025-10-17T07:48:22.499+0000] {processor.py:925} INFO - DAG(s) 'premier_dag_test' retrieved from /opt/airflow/dags/premier_dag.py
[2025-10-17T07:48:22.529+0000] {logging_mixin.py:190} INFO - [2025-10-17T07:48:22.529+0000] {dag.py:3239} INFO - Sync 1 DAGs
[2025-10-17T07:48:22.556+0000] {logging_mixin.py:190} INFO - [2025-10-17T07:48:22.556+0000] {dag.py:4180} INFO - Setting next_dagrun for premier_dag_test to 2025-06-02 09:00:00+00:00, run_after=2025-06-02 10:00:00+00:00
[2025-10-17T07:48:22.613+0000] {processor.py:208} INFO - Processing /opt/airflow/dags/premier_dag.py took 0.159 seconds
[2025-10-17T07:48:53.097+0000] {processor.py:186} INFO - Started process (PID=654) to work on /opt/airflow/dags/premier_dag.py
[2025-10-17T07:48:53.098+0000] {processor.py:914} INFO - Processing file /opt/airflow/dags/premier_dag.py for tasks to queue
[2025-10-17T07:48:53.101+0000] {logging_mixin.py:190} INFO - [2025-10-17T07:48:53.101+0000] {dagbag.py:588} INFO - Filling up the DagBag from /opt/airflow/dags/premier_dag.py
[2025-10-17T07:48:53.149+0000] {processor.py:925} INFO - DAG(s) 'premier_dag_test' retrieved from /opt/airflow/dags/premier_dag.py
[2025-10-17T07:48:53.184+0000] {logging_mixin.py:190} INFO - [2025-10-17T07:48:53.184+0000] {dag.py:3239} INFO - Sync 1 DAGs
[2025-10-17T07:48:53.224+0000] {logging_mixin.py:190} INFO - [2025-10-17T07:48:53.224+0000] {dag.py:4180} INFO - Setting next_dagrun for premier_dag_test to 2025-06-02 09:00:00+00:00, run_after=2025-06-02 10:00:00+00:00
[2025-10-17T07:48:53.290+0000] {processor.py:208} INFO - Processing /opt/airflow/dags/premier_dag.py took 0.200 seconds
[2025-10-17T07:49:23.414+0000] {processor.py:186} INFO - Started process (PID=671) to work on /opt/airflow/dags/premier_dag.py
[2025-10-17T07:49:23.416+0000] {processor.py:914} INFO - Processing file /opt/airflow/dags/premier_dag.py for tasks to queue
[2025-10-17T07:49:23.418+0000] {logging_mixin.py:190} INFO - [2025-10-17T07:49:23.418+0000] {dagbag.py:588} INFO - Filling up the DagBag from /opt/airflow/dags/premier_dag.py
[2025-10-17T07:49:23.446+0000] {processor.py:925} INFO - DAG(s) 'premier_dag_test' retrieved from /opt/airflow/dags/premier_dag.py
[2025-10-17T07:49:23.476+0000] {logging_mixin.py:190} INFO - [2025-10-17T07:49:23.476+0000] {dag.py:3239} INFO - Sync 1 DAGs
[2025-10-17T07:49:23.503+0000] {logging_mixin.py:190} INFO - [2025-10-17T07:49:23.502+0000] {dag.py:4180} INFO - Setting next_dagrun for premier_dag_test to 2025-06-02 09:00:00+00:00, run_after=2025-06-02 10:00:00+00:00
[2025-10-17T07:49:23.525+0000] {processor.py:208} INFO - Processing /opt/airflow/dags/premier_dag.py took 0.116 seconds
[2025-10-17T07:49:54.016+0000] {processor.py:186} INFO - Started process (PID=688) to work on /opt/airflow/dags/premier_dag.py
[2025-10-17T07:49:54.018+0000] {processor.py:914} INFO - Processing file /opt/airflow/dags/premier_dag.py for tasks to queue
[2025-10-17T07:49:54.021+0000] {logging_mixin.py:190} INFO - [2025-10-17T07:49:54.021+0000] {dagbag.py:588} INFO - Filling up the DagBag from /opt/airflow/dags/premier_dag.py
[2025-10-17T07:49:54.058+0000] {processor.py:925} INFO - DAG(s) 'premier_dag_test' retrieved from /opt/airflow/dags/premier_dag.py
[2025-10-17T07:49:54.095+0000] {logging_mixin.py:190} INFO - [2025-10-17T07:49:54.095+0000] {dag.py:3239} INFO - Sync 1 DAGs
[2025-10-17T07:49:54.129+0000] {logging_mixin.py:190} INFO - [2025-10-17T07:49:54.129+0000] {dag.py:4180} INFO - Setting next_dagrun for premier_dag_test to 2025-06-02 09:00:00+00:00, run_after=2025-06-02 10:00:00+00:00
[2025-10-17T07:49:54.188+0000] {processor.py:208} INFO - Processing /opt/airflow/dags/premier_dag.py took 0.180 seconds
[2025-10-17T07:50:24.389+0000] {processor.py:186} INFO - Started process (PID=705) to work on /opt/airflow/dags/premier_dag.py
[2025-10-17T07:50:24.392+0000] {processor.py:914} INFO - Processing file /opt/airflow/dags/premier_dag.py for tasks to queue
[2025-10-17T07:50:24.395+0000] {logging_mixin.py:190} INFO - [2025-10-17T07:50:24.395+0000] {dagbag.py:588} INFO - Filling up the DagBag from /opt/airflow/dags/premier_dag.py
[2025-10-17T07:50:24.422+0000] {processor.py:925} INFO - DAG(s) 'premier_dag_test' retrieved from /opt/airflow/dags/premier_dag.py
[2025-10-17T07:50:24.464+0000] {logging_mixin.py:190} INFO - [2025-10-17T07:50:24.464+0000] {dag.py:3239} INFO - Sync 1 DAGs
[2025-10-17T07:50:24.513+0000] {logging_mixin.py:190} INFO - [2025-10-17T07:50:24.512+0000] {dag.py:4180} INFO - Setting next_dagrun for premier_dag_test to 2025-06-02 09:00:00+00:00, run_after=2025-06-02 10:00:00+00:00
[2025-10-17T07:50:24.549+0000] {processor.py:208} INFO - Processing /opt/airflow/dags/premier_dag.py took 0.172 seconds
[2025-10-17T07:50:55.007+0000] {processor.py:186} INFO - Started process (PID=722) to work on /opt/airflow/dags/premier_dag.py
[2025-10-17T07:50:55.010+0000] {processor.py:914} INFO - Processing file /opt/airflow/dags/premier_dag.py for tasks to queue
[2025-10-17T07:50:55.013+0000] {logging_mixin.py:190} INFO - [2025-10-17T07:50:55.013+0000] {dagbag.py:588} INFO - Filling up the DagBag from /opt/airflow/dags/premier_dag.py
[2025-10-17T07:50:55.059+0000] {processor.py:925} INFO - DAG(s) 'premier_dag_test' retrieved from /opt/airflow/dags/premier_dag.py
[2025-10-17T07:50:55.103+0000] {logging_mixin.py:190} INFO - [2025-10-17T07:50:55.103+0000] {dag.py:3239} INFO - Sync 1 DAGs
[2025-10-17T07:50:55.133+0000] {logging_mixin.py:190} INFO - [2025-10-17T07:50:55.133+0000] {dag.py:4180} INFO - Setting next_dagrun for premier_dag_test to 2025-06-02 09:00:00+00:00, run_after=2025-06-02 10:00:00+00:00
[2025-10-17T07:50:55.191+0000] {processor.py:208} INFO - Processing /opt/airflow/dags/premier_dag.py took 0.191 seconds
[2025-10-17T07:51:25.664+0000] {processor.py:186} INFO - Started process (PID=739) to work on /opt/airflow/dags/premier_dag.py
[2025-10-17T07:51:25.666+0000] {processor.py:914} INFO - Processing file /opt/airflow/dags/premier_dag.py for tasks to queue
[2025-10-17T07:51:25.670+0000] {logging_mixin.py:190} INFO - [2025-10-17T07:51:25.669+0000] {dagbag.py:588} INFO - Filling up the DagBag from /opt/airflow/dags/premier_dag.py
[2025-10-17T07:51:25.711+0000] {processor.py:925} INFO - DAG(s) 'premier_dag_test' retrieved from /opt/airflow/dags/premier_dag.py
[2025-10-17T07:51:25.746+0000] {logging_mixin.py:190} INFO - [2025-10-17T07:51:25.746+0000] {dag.py:3239} INFO - Sync 1 DAGs
[2025-10-17T07:51:25.776+0000] {logging_mixin.py:190} INFO - [2025-10-17T07:51:25.776+0000] {dag.py:4180} INFO - Setting next_dagrun for premier_dag_test to 2025-06-02 09:00:00+00:00, run_after=2025-06-02 10:00:00+00:00
[2025-10-17T07:51:25.802+0000] {processor.py:208} INFO - Processing /opt/airflow/dags/premier_dag.py took 0.147 seconds
[2025-10-17T07:51:55.957+0000] {processor.py:186} INFO - Started process (PID=756) to work on /opt/airflow/dags/premier_dag.py
[2025-10-17T07:51:55.959+0000] {processor.py:914} INFO - Processing file /opt/airflow/dags/premier_dag.py for tasks to queue
[2025-10-17T07:51:55.965+0000] {logging_mixin.py:190} INFO - [2025-10-17T07:51:55.964+0000] {dagbag.py:588} INFO - Filling up the DagBag from /opt/airflow/dags/premier_dag.py
[2025-10-17T07:51:56.003+0000] {processor.py:925} INFO - DAG(s) 'premier_dag_test' retrieved from /opt/airflow/dags/premier_dag.py
[2025-10-17T07:51:56.044+0000] {logging_mixin.py:190} INFO - [2025-10-17T07:51:56.044+0000] {dag.py:3239} INFO - Sync 1 DAGs
[2025-10-17T07:51:56.076+0000] {logging_mixin.py:190} INFO - [2025-10-17T07:51:56.076+0000] {dag.py:4180} INFO - Setting next_dagrun for premier_dag_test to 2025-06-02 09:00:00+00:00, run_after=2025-06-02 10:00:00+00:00
[2025-10-17T07:51:56.134+0000] {processor.py:208} INFO - Processing /opt/airflow/dags/premier_dag.py took 0.187 seconds
[2025-10-17T07:52:26.619+0000] {processor.py:186} INFO - Started process (PID=773) to work on /opt/airflow/dags/premier_dag.py
[2025-10-17T07:52:26.621+0000] {processor.py:914} INFO - Processing file /opt/airflow/dags/premier_dag.py for tasks to queue
[2025-10-17T07:52:26.624+0000] {logging_mixin.py:190} INFO - [2025-10-17T07:52:26.624+0000] {dagbag.py:588} INFO - Filling up the DagBag from /opt/airflow/dags/premier_dag.py
[2025-10-17T07:52:26.670+0000] {processor.py:925} INFO - DAG(s) 'premier_dag_test' retrieved from /opt/airflow/dags/premier_dag.py
[2025-10-17T07:52:26.705+0000] {logging_mixin.py:190} INFO - [2025-10-17T07:52:26.705+0000] {dag.py:3239} INFO - Sync 1 DAGs
[2025-10-17T07:52:26.732+0000] {logging_mixin.py:190} INFO - [2025-10-17T07:52:26.732+0000] {dag.py:4180} INFO - Setting next_dagrun for premier_dag_test to 2025-06-02 09:00:00+00:00, run_after=2025-06-02 10:00:00+00:00
[2025-10-17T07:52:26.757+0000] {processor.py:208} INFO - Processing /opt/airflow/dags/premier_dag.py took 0.149 seconds
[2025-10-17T07:52:57.197+0000] {processor.py:186} INFO - Started process (PID=790) to work on /opt/airflow/dags/premier_dag.py
[2025-10-17T07:52:57.199+0000] {processor.py:914} INFO - Processing file /opt/airflow/dags/premier_dag.py for tasks to queue
[2025-10-17T07:52:57.204+0000] {logging_mixin.py:190} INFO - [2025-10-17T07:52:57.203+0000] {dagbag.py:588} INFO - Filling up the DagBag from /opt/airflow/dags/premier_dag.py
[2025-10-17T07:52:57.238+0000] {processor.py:925} INFO - DAG(s) 'premier_dag_test' retrieved from /opt/airflow/dags/premier_dag.py
[2025-10-17T07:52:57.281+0000] {logging_mixin.py:190} INFO - [2025-10-17T07:52:57.280+0000] {dag.py:3239} INFO - Sync 1 DAGs
[2025-10-17T07:52:57.306+0000] {logging_mixin.py:190} INFO - [2025-10-17T07:52:57.306+0000] {dag.py:4180} INFO - Setting next_dagrun for premier_dag_test to 2025-06-02 09:00:00+00:00, run_after=2025-06-02 10:00:00+00:00
[2025-10-17T07:52:57.335+0000] {processor.py:208} INFO - Processing /opt/airflow/dags/premier_dag.py took 0.147 seconds
[2025-10-17T07:53:27.464+0000] {processor.py:186} INFO - Started process (PID=807) to work on /opt/airflow/dags/premier_dag.py
[2025-10-17T07:53:27.466+0000] {processor.py:914} INFO - Processing file /opt/airflow/dags/premier_dag.py for tasks to queue
[2025-10-17T07:53:27.470+0000] {logging_mixin.py:190} INFO - [2025-10-17T07:53:27.469+0000] {dagbag.py:588} INFO - Filling up the DagBag from /opt/airflow/dags/premier_dag.py
[2025-10-17T07:53:27.512+0000] {processor.py:925} INFO - DAG(s) 'premier_dag_test' retrieved from /opt/airflow/dags/premier_dag.py
[2025-10-17T07:53:27.562+0000] {logging_mixin.py:190} INFO - [2025-10-17T07:53:27.561+0000] {dag.py:3239} INFO - Sync 1 DAGs
[2025-10-17T07:53:27.595+0000] {logging_mixin.py:190} INFO - [2025-10-17T07:53:27.595+0000] {dag.py:4180} INFO - Setting next_dagrun for premier_dag_test to 2025-06-02 09:00:00+00:00, run_after=2025-06-02 10:00:00+00:00
[2025-10-17T07:53:27.624+0000] {processor.py:208} INFO - Processing /opt/airflow/dags/premier_dag.py took 0.172 seconds
[2025-10-17T07:53:58.054+0000] {processor.py:186} INFO - Started process (PID=824) to work on /opt/airflow/dags/premier_dag.py
[2025-10-17T07:53:58.055+0000] {processor.py:914} INFO - Processing file /opt/airflow/dags/premier_dag.py for tasks to queue
[2025-10-17T07:53:58.058+0000] {logging_mixin.py:190} INFO - [2025-10-17T07:53:58.058+0000] {dagbag.py:588} INFO - Filling up the DagBag from /opt/airflow/dags/premier_dag.py
[2025-10-17T07:53:58.089+0000] {processor.py:925} INFO - DAG(s) 'premier_dag_test' retrieved from /opt/airflow/dags/premier_dag.py
[2025-10-17T07:53:58.115+0000] {logging_mixin.py:190} INFO - [2025-10-17T07:53:58.114+0000] {dag.py:3239} INFO - Sync 1 DAGs
[2025-10-17T07:53:58.138+0000] {logging_mixin.py:190} INFO - [2025-10-17T07:53:58.138+0000] {dag.py:4180} INFO - Setting next_dagrun for premier_dag_test to 2025-06-02 09:00:00+00:00, run_after=2025-06-02 10:00:00+00:00
[2025-10-17T07:53:58.160+0000] {processor.py:208} INFO - Processing /opt/airflow/dags/premier_dag.py took 0.113 seconds
[2025-10-17T07:54:28.267+0000] {processor.py:186} INFO - Started process (PID=841) to work on /opt/airflow/dags/premier_dag.py
[2025-10-17T07:54:28.268+0000] {processor.py:914} INFO - Processing file /opt/airflow/dags/premier_dag.py for tasks to queue
[2025-10-17T07:54:28.272+0000] {logging_mixin.py:190} INFO - [2025-10-17T07:54:28.271+0000] {dagbag.py:588} INFO - Filling up the DagBag from /opt/airflow/dags/premier_dag.py
[2025-10-17T07:54:28.311+0000] {processor.py:925} INFO - DAG(s) 'premier_dag_test' retrieved from /opt/airflow/dags/premier_dag.py
[2025-10-17T07:54:28.343+0000] {logging_mixin.py:190} INFO - [2025-10-17T07:54:28.342+0000] {dag.py:3239} INFO - Sync 1 DAGs
[2025-10-17T07:54:28.375+0000] {logging_mixin.py:190} INFO - [2025-10-17T07:54:28.374+0000] {dag.py:4180} INFO - Setting next_dagrun for premier_dag_test to 2025-06-02 09:00:00+00:00, run_after=2025-06-02 10:00:00+00:00
[2025-10-17T07:54:28.435+0000] {processor.py:208} INFO - Processing /opt/airflow/dags/premier_dag.py took 0.175 seconds
[2025-10-17T07:54:58.915+0000] {processor.py:186} INFO - Started process (PID=859) to work on /opt/airflow/dags/premier_dag.py
[2025-10-17T07:54:58.916+0000] {processor.py:914} INFO - Processing file /opt/airflow/dags/premier_dag.py for tasks to queue
[2025-10-17T07:54:58.919+0000] {logging_mixin.py:190} INFO - [2025-10-17T07:54:58.919+0000] {dagbag.py:588} INFO - Filling up the DagBag from /opt/airflow/dags/premier_dag.py
[2025-10-17T07:54:58.953+0000] {processor.py:925} INFO - DAG(s) 'premier_dag_test' retrieved from /opt/airflow/dags/premier_dag.py
[2025-10-17T07:54:58.982+0000] {logging_mixin.py:190} INFO - [2025-10-17T07:54:58.982+0000] {dag.py:3239} INFO - Sync 1 DAGs
[2025-10-17T07:54:59.009+0000] {logging_mixin.py:190} INFO - [2025-10-17T07:54:59.008+0000] {dag.py:4180} INFO - Setting next_dagrun for premier_dag_test to 2025-06-02 09:00:00+00:00, run_after=2025-06-02 10:00:00+00:00
[2025-10-17T07:54:59.060+0000] {processor.py:208} INFO - Processing /opt/airflow/dags/premier_dag.py took 0.152 seconds
[2025-10-17T07:55:29.545+0000] {processor.py:186} INFO - Started process (PID=876) to work on /opt/airflow/dags/premier_dag.py
[2025-10-17T07:55:29.546+0000] {processor.py:914} INFO - Processing file /opt/airflow/dags/premier_dag.py for tasks to queue
[2025-10-17T07:55:29.552+0000] {logging_mixin.py:190} INFO - [2025-10-17T07:55:29.551+0000] {dagbag.py:588} INFO - Filling up the DagBag from /opt/airflow/dags/premier_dag.py
[2025-10-17T07:55:29.589+0000] {processor.py:925} INFO - DAG(s) 'premier_dag_test' retrieved from /opt/airflow/dags/premier_dag.py
[2025-10-17T07:55:29.624+0000] {logging_mixin.py:190} INFO - [2025-10-17T07:55:29.624+0000] {dag.py:3239} INFO - Sync 1 DAGs
[2025-10-17T07:55:29.655+0000] {logging_mixin.py:190} INFO - [2025-10-17T07:55:29.655+0000] {dag.py:4180} INFO - Setting next_dagrun for premier_dag_test to 2025-06-02 09:00:00+00:00, run_after=2025-06-02 10:00:00+00:00
[2025-10-17T07:55:29.685+0000] {processor.py:208} INFO - Processing /opt/airflow/dags/premier_dag.py took 0.148 seconds
[2025-10-17T07:55:59.868+0000] {processor.py:186} INFO - Started process (PID=893) to work on /opt/airflow/dags/premier_dag.py
[2025-10-17T07:55:59.870+0000] {processor.py:914} INFO - Processing file /opt/airflow/dags/premier_dag.py for tasks to queue
[2025-10-17T07:55:59.874+0000] {logging_mixin.py:190} INFO - [2025-10-17T07:55:59.874+0000] {dagbag.py:588} INFO - Filling up the DagBag from /opt/airflow/dags/premier_dag.py
[2025-10-17T07:55:59.916+0000] {processor.py:925} INFO - DAG(s) 'premier_dag_test' retrieved from /opt/airflow/dags/premier_dag.py
[2025-10-17T07:55:59.950+0000] {logging_mixin.py:190} INFO - [2025-10-17T07:55:59.950+0000] {dag.py:3239} INFO - Sync 1 DAGs
[2025-10-17T07:55:59.979+0000] {logging_mixin.py:190} INFO - [2025-10-17T07:55:59.979+0000] {dag.py:4180} INFO - Setting next_dagrun for premier_dag_test to 2025-06-02 09:00:00+00:00, run_after=2025-06-02 10:00:00+00:00
[2025-10-17T07:56:00.006+0000] {processor.py:208} INFO - Processing /opt/airflow/dags/premier_dag.py took 0.144 seconds
[2025-10-17T07:56:30.494+0000] {processor.py:186} INFO - Started process (PID=910) to work on /opt/airflow/dags/premier_dag.py
[2025-10-17T07:56:30.496+0000] {processor.py:914} INFO - Processing file /opt/airflow/dags/premier_dag.py for tasks to queue
[2025-10-17T07:56:30.499+0000] {logging_mixin.py:190} INFO - [2025-10-17T07:56:30.499+0000] {dagbag.py:588} INFO - Filling up the DagBag from /opt/airflow/dags/premier_dag.py
[2025-10-17T07:56:30.534+0000] {processor.py:925} INFO - DAG(s) 'premier_dag_test' retrieved from /opt/airflow/dags/premier_dag.py
[2025-10-17T07:56:30.564+0000] {logging_mixin.py:190} INFO - [2025-10-17T07:56:30.564+0000] {dag.py:3239} INFO - Sync 1 DAGs
[2025-10-17T07:56:30.592+0000] {logging_mixin.py:190} INFO - [2025-10-17T07:56:30.592+0000] {dag.py:4180} INFO - Setting next_dagrun for premier_dag_test to 2025-06-02 09:00:00+00:00, run_after=2025-06-02 10:00:00+00:00
[2025-10-17T07:56:30.619+0000] {processor.py:208} INFO - Processing /opt/airflow/dags/premier_dag.py took 0.131 seconds
[2025-10-17T07:57:01.094+0000] {processor.py:186} INFO - Started process (PID=927) to work on /opt/airflow/dags/premier_dag.py
[2025-10-17T07:57:01.096+0000] {processor.py:914} INFO - Processing file /opt/airflow/dags/premier_dag.py for tasks to queue
[2025-10-17T07:57:01.099+0000] {logging_mixin.py:190} INFO - [2025-10-17T07:57:01.099+0000] {dagbag.py:588} INFO - Filling up the DagBag from /opt/airflow/dags/premier_dag.py
[2025-10-17T07:57:01.139+0000] {processor.py:925} INFO - DAG(s) 'premier_dag_test' retrieved from /opt/airflow/dags/premier_dag.py
[2025-10-17T07:57:01.172+0000] {logging_mixin.py:190} INFO - [2025-10-17T07:57:01.171+0000] {dag.py:3239} INFO - Sync 1 DAGs
[2025-10-17T07:57:01.197+0000] {logging_mixin.py:190} INFO - [2025-10-17T07:57:01.197+0000] {dag.py:4180} INFO - Setting next_dagrun for premier_dag_test to 2025-06-02 09:00:00+00:00, run_after=2025-06-02 10:00:00+00:00
[2025-10-17T07:57:01.255+0000] {processor.py:208} INFO - Processing /opt/airflow/dags/premier_dag.py took 0.168 seconds
[2025-10-17T07:57:31.386+0000] {processor.py:186} INFO - Started process (PID=944) to work on /opt/airflow/dags/premier_dag.py
[2025-10-17T07:57:31.388+0000] {processor.py:914} INFO - Processing file /opt/airflow/dags/premier_dag.py for tasks to queue
[2025-10-17T07:57:31.391+0000] {logging_mixin.py:190} INFO - [2025-10-17T07:57:31.391+0000] {dagbag.py:588} INFO - Filling up the DagBag from /opt/airflow/dags/premier_dag.py
[2025-10-17T07:57:31.426+0000] {processor.py:925} INFO - DAG(s) 'premier_dag_test' retrieved from /opt/airflow/dags/premier_dag.py
[2025-10-17T07:57:31.455+0000] {logging_mixin.py:190} INFO - [2025-10-17T07:57:31.455+0000] {dag.py:3239} INFO - Sync 1 DAGs
[2025-10-17T07:57:31.480+0000] {logging_mixin.py:190} INFO - [2025-10-17T07:57:31.480+0000] {dag.py:4180} INFO - Setting next_dagrun for premier_dag_test to 2025-06-02 09:00:00+00:00, run_after=2025-06-02 10:00:00+00:00
[2025-10-17T07:57:31.503+0000] {processor.py:208} INFO - Processing /opt/airflow/dags/premier_dag.py took 0.122 seconds
[2025-10-17T07:58:01.930+0000] {processor.py:186} INFO - Started process (PID=961) to work on /opt/airflow/dags/premier_dag.py
[2025-10-17T07:58:01.931+0000] {processor.py:914} INFO - Processing file /opt/airflow/dags/premier_dag.py for tasks to queue
[2025-10-17T07:58:01.934+0000] {logging_mixin.py:190} INFO - [2025-10-17T07:58:01.934+0000] {dagbag.py:588} INFO - Filling up the DagBag from /opt/airflow/dags/premier_dag.py
[2025-10-17T07:58:01.964+0000] {processor.py:925} INFO - DAG(s) 'premier_dag_test' retrieved from /opt/airflow/dags/premier_dag.py
[2025-10-17T07:58:01.992+0000] {logging_mixin.py:190} INFO - [2025-10-17T07:58:01.992+0000] {dag.py:3239} INFO - Sync 1 DAGs
[2025-10-17T07:58:02.017+0000] {logging_mixin.py:190} INFO - [2025-10-17T07:58:02.017+0000] {dag.py:4180} INFO - Setting next_dagrun for premier_dag_test to 2025-06-02 09:00:00+00:00, run_after=2025-06-02 10:00:00+00:00
[2025-10-17T07:58:02.034+0000] {processor.py:208} INFO - Processing /opt/airflow/dags/premier_dag.py took 0.109 seconds
[2025-10-17T07:58:32.255+0000] {processor.py:186} INFO - Started process (PID=985) to work on /opt/airflow/dags/premier_dag.py
[2025-10-17T07:58:32.256+0000] {processor.py:914} INFO - Processing file /opt/airflow/dags/premier_dag.py for tasks to queue
[2025-10-17T07:58:32.259+0000] {logging_mixin.py:190} INFO - [2025-10-17T07:58:32.259+0000] {dagbag.py:588} INFO - Filling up the DagBag from /opt/airflow/dags/premier_dag.py
[2025-10-17T07:58:32.295+0000] {processor.py:925} INFO - DAG(s) 'premier_dag_test' retrieved from /opt/airflow/dags/premier_dag.py
[2025-10-17T07:58:32.324+0000] {logging_mixin.py:190} INFO - [2025-10-17T07:58:32.324+0000] {dag.py:3239} INFO - Sync 1 DAGs
[2025-10-17T07:58:32.350+0000] {logging_mixin.py:190} INFO - [2025-10-17T07:58:32.350+0000] {dag.py:4180} INFO - Setting next_dagrun for premier_dag_test to 2025-06-02 09:00:00+00:00, run_after=2025-06-02 10:00:00+00:00
[2025-10-17T07:58:32.414+0000] {processor.py:208} INFO - Processing /opt/airflow/dags/premier_dag.py took 0.165 seconds
[2025-10-17T07:59:02.618+0000] {processor.py:186} INFO - Started process (PID=1003) to work on /opt/airflow/dags/premier_dag.py
[2025-10-17T07:59:02.620+0000] {processor.py:914} INFO - Processing file /opt/airflow/dags/premier_dag.py for tasks to queue
[2025-10-17T07:59:02.624+0000] {logging_mixin.py:190} INFO - [2025-10-17T07:59:02.623+0000] {dagbag.py:588} INFO - Filling up the DagBag from /opt/airflow/dags/premier_dag.py
[2025-10-17T07:59:02.672+0000] {processor.py:925} INFO - DAG(s) 'premier_dag_test' retrieved from /opt/airflow/dags/premier_dag.py
[2025-10-17T07:59:02.716+0000] {logging_mixin.py:190} INFO - [2025-10-17T07:59:02.716+0000] {dag.py:3239} INFO - Sync 1 DAGs
[2025-10-17T07:59:02.762+0000] {logging_mixin.py:190} INFO - [2025-10-17T07:59:02.762+0000] {dag.py:4180} INFO - Setting next_dagrun for premier_dag_test to 2025-06-02 09:00:00+00:00, run_after=2025-06-02 10:00:00+00:00
[2025-10-17T07:59:02.831+0000] {processor.py:208} INFO - Processing /opt/airflow/dags/premier_dag.py took 0.223 seconds
[2025-10-17T07:59:32.991+0000] {processor.py:186} INFO - Started process (PID=1020) to work on /opt/airflow/dags/premier_dag.py
[2025-10-17T07:59:32.992+0000] {processor.py:914} INFO - Processing file /opt/airflow/dags/premier_dag.py for tasks to queue
[2025-10-17T07:59:32.995+0000] {logging_mixin.py:190} INFO - [2025-10-17T07:59:32.995+0000] {dagbag.py:588} INFO - Filling up the DagBag from /opt/airflow/dags/premier_dag.py
[2025-10-17T07:59:33.028+0000] {processor.py:925} INFO - DAG(s) 'premier_dag_test' retrieved from /opt/airflow/dags/premier_dag.py
[2025-10-17T07:59:33.058+0000] {logging_mixin.py:190} INFO - [2025-10-17T07:59:33.057+0000] {dag.py:3239} INFO - Sync 1 DAGs
[2025-10-17T07:59:33.080+0000] {logging_mixin.py:190} INFO - [2025-10-17T07:59:33.080+0000] {dag.py:4180} INFO - Setting next_dagrun for premier_dag_test to 2025-06-02 09:00:00+00:00, run_after=2025-06-02 10:00:00+00:00
[2025-10-17T07:59:33.141+0000] {processor.py:208} INFO - Processing /opt/airflow/dags/premier_dag.py took 0.155 seconds
[2025-10-17T08:00:03.613+0000] {processor.py:186} INFO - Started process (PID=1051) to work on /opt/airflow/dags/premier_dag.py
[2025-10-17T08:00:03.614+0000] {processor.py:914} INFO - Processing file /opt/airflow/dags/premier_dag.py for tasks to queue
[2025-10-17T08:00:03.617+0000] {logging_mixin.py:190} INFO - [2025-10-17T08:00:03.617+0000] {dagbag.py:588} INFO - Filling up the DagBag from /opt/airflow/dags/premier_dag.py
[2025-10-17T08:00:03.649+0000] {processor.py:925} INFO - DAG(s) 'premier_dag_test' retrieved from /opt/airflow/dags/premier_dag.py
[2025-10-17T08:00:03.688+0000] {logging_mixin.py:190} INFO - [2025-10-17T08:00:03.687+0000] {dag.py:3239} INFO - Sync 1 DAGs
[2025-10-17T08:00:03.723+0000] {logging_mixin.py:190} INFO - [2025-10-17T08:00:03.722+0000] {dag.py:4180} INFO - Setting next_dagrun for premier_dag_test to 2025-06-02 09:00:00+00:00, run_after=2025-06-02 10:00:00+00:00
[2025-10-17T08:00:03.750+0000] {processor.py:208} INFO - Processing /opt/airflow/dags/premier_dag.py took 0.146 seconds
[2025-10-17T08:02:36.984+0000] {processor.py:186} INFO - Started process (PID=272) to work on /opt/airflow/dags/premier_dag.py
[2025-10-17T08:02:36.985+0000] {processor.py:914} INFO - Processing file /opt/airflow/dags/premier_dag.py for tasks to queue
[2025-10-17T08:02:36.987+0000] {logging_mixin.py:190} INFO - [2025-10-17T08:02:36.987+0000] {dagbag.py:588} INFO - Filling up the DagBag from /opt/airflow/dags/premier_dag.py
[2025-10-17T08:02:37.028+0000] {processor.py:925} INFO - DAG(s) 'premier_dag_test' retrieved from /opt/airflow/dags/premier_dag.py
[2025-10-17T08:02:37.083+0000] {logging_mixin.py:190} INFO - [2025-10-17T08:02:37.082+0000] {dag.py:3239} INFO - Sync 1 DAGs
[2025-10-17T08:02:37.125+0000] {logging_mixin.py:190} INFO - [2025-10-17T08:02:37.125+0000] {dag.py:4180} INFO - Setting next_dagrun for premier_dag_test to 2025-06-02 09:00:00+00:00, run_after=2025-06-02 10:00:00+00:00
[2025-10-17T08:02:37.195+0000] {processor.py:208} INFO - Processing /opt/airflow/dags/premier_dag.py took 0.220 seconds
[2025-10-17T08:03:07.354+0000] {processor.py:186} INFO - Started process (PID=288) to work on /opt/airflow/dags/premier_dag.py
[2025-10-17T08:03:07.355+0000] {processor.py:914} INFO - Processing file /opt/airflow/dags/premier_dag.py for tasks to queue
[2025-10-17T08:03:07.359+0000] {logging_mixin.py:190} INFO - [2025-10-17T08:03:07.358+0000] {dagbag.py:588} INFO - Filling up the DagBag from /opt/airflow/dags/premier_dag.py
[2025-10-17T08:03:07.405+0000] {processor.py:925} INFO - DAG(s) 'premier_dag_test' retrieved from /opt/airflow/dags/premier_dag.py
[2025-10-17T08:03:07.444+0000] {logging_mixin.py:190} INFO - [2025-10-17T08:03:07.444+0000] {dag.py:3239} INFO - Sync 1 DAGs
[2025-10-17T08:03:07.484+0000] {logging_mixin.py:190} INFO - [2025-10-17T08:03:07.484+0000] {dag.py:4180} INFO - Setting next_dagrun for premier_dag_test to 2025-06-02 09:00:00+00:00, run_after=2025-06-02 10:00:00+00:00
[2025-10-17T08:03:07.533+0000] {processor.py:208} INFO - Processing /opt/airflow/dags/premier_dag.py took 0.185 seconds
[2025-10-17T08:03:37.645+0000] {processor.py:186} INFO - Started process (PID=315) to work on /opt/airflow/dags/premier_dag.py
[2025-10-17T08:03:37.646+0000] {processor.py:914} INFO - Processing file /opt/airflow/dags/premier_dag.py for tasks to queue
[2025-10-17T08:03:37.650+0000] {logging_mixin.py:190} INFO - [2025-10-17T08:03:37.650+0000] {dagbag.py:588} INFO - Filling up the DagBag from /opt/airflow/dags/premier_dag.py
[2025-10-17T08:03:37.691+0000] {processor.py:925} INFO - DAG(s) 'premier_dag_test' retrieved from /opt/airflow/dags/premier_dag.py
[2025-10-17T08:03:37.740+0000] {logging_mixin.py:190} INFO - [2025-10-17T08:03:37.740+0000] {dag.py:3239} INFO - Sync 1 DAGs
[2025-10-17T08:03:37.793+0000] {logging_mixin.py:190} INFO - [2025-10-17T08:03:37.792+0000] {dag.py:4180} INFO - Setting next_dagrun for premier_dag_test to 2025-06-02 09:00:00+00:00, run_after=2025-06-02 10:00:00+00:00
[2025-10-17T08:03:37.863+0000] {processor.py:208} INFO - Processing /opt/airflow/dags/premier_dag.py took 0.225 seconds
[2025-10-17T08:04:08.308+0000] {processor.py:186} INFO - Started process (PID=332) to work on /opt/airflow/dags/premier_dag.py
[2025-10-17T08:04:08.310+0000] {processor.py:914} INFO - Processing file /opt/airflow/dags/premier_dag.py for tasks to queue
[2025-10-17T08:04:08.314+0000] {logging_mixin.py:190} INFO - [2025-10-17T08:04:08.313+0000] {dagbag.py:588} INFO - Filling up the DagBag from /opt/airflow/dags/premier_dag.py
[2025-10-17T08:04:08.353+0000] {processor.py:925} INFO - DAG(s) 'premier_dag_test' retrieved from /opt/airflow/dags/premier_dag.py
[2025-10-17T08:04:08.385+0000] {logging_mixin.py:190} INFO - [2025-10-17T08:04:08.385+0000] {dag.py:3239} INFO - Sync 1 DAGs
[2025-10-17T08:04:08.414+0000] {logging_mixin.py:190} INFO - [2025-10-17T08:04:08.414+0000] {dag.py:4180} INFO - Setting next_dagrun for premier_dag_test to 2025-06-02 09:00:00+00:00, run_after=2025-06-02 10:00:00+00:00
[2025-10-17T08:04:08.471+0000] {processor.py:208} INFO - Processing /opt/airflow/dags/premier_dag.py took 0.169 seconds
[2025-10-17T08:04:38.707+0000] {processor.py:186} INFO - Started process (PID=349) to work on /opt/airflow/dags/premier_dag.py
[2025-10-17T08:04:38.709+0000] {processor.py:914} INFO - Processing file /opt/airflow/dags/premier_dag.py for tasks to queue
[2025-10-17T08:04:38.712+0000] {logging_mixin.py:190} INFO - [2025-10-17T08:04:38.712+0000] {dagbag.py:588} INFO - Filling up the DagBag from /opt/airflow/dags/premier_dag.py
[2025-10-17T08:04:38.746+0000] {processor.py:925} INFO - DAG(s) 'premier_dag_test' retrieved from /opt/airflow/dags/premier_dag.py
[2025-10-17T08:04:38.786+0000] {logging_mixin.py:190} INFO - [2025-10-17T08:04:38.786+0000] {dag.py:3239} INFO - Sync 1 DAGs
[2025-10-17T08:04:38.820+0000] {logging_mixin.py:190} INFO - [2025-10-17T08:04:38.820+0000] {dag.py:4180} INFO - Setting next_dagrun for premier_dag_test to 2025-06-02 09:00:00+00:00, run_after=2025-06-02 10:00:00+00:00
[2025-10-17T08:04:38.883+0000] {processor.py:208} INFO - Processing /opt/airflow/dags/premier_dag.py took 0.184 seconds
[2025-10-17T08:05:09.022+0000] {processor.py:186} INFO - Started process (PID=366) to work on /opt/airflow/dags/premier_dag.py
[2025-10-17T08:05:09.023+0000] {processor.py:914} INFO - Processing file /opt/airflow/dags/premier_dag.py for tasks to queue
[2025-10-17T08:05:09.027+0000] {logging_mixin.py:190} INFO - [2025-10-17T08:05:09.027+0000] {dagbag.py:588} INFO - Filling up the DagBag from /opt/airflow/dags/premier_dag.py
[2025-10-17T08:05:09.064+0000] {processor.py:925} INFO - DAG(s) 'premier_dag_test' retrieved from /opt/airflow/dags/premier_dag.py
[2025-10-17T08:05:09.101+0000] {logging_mixin.py:190} INFO - [2025-10-17T08:05:09.100+0000] {dag.py:3239} INFO - Sync 1 DAGs
[2025-10-17T08:05:09.131+0000] {logging_mixin.py:190} INFO - [2025-10-17T08:05:09.131+0000] {dag.py:4180} INFO - Setting next_dagrun for premier_dag_test to 2025-06-02 09:00:00+00:00, run_after=2025-06-02 10:00:00+00:00
[2025-10-17T08:05:09.195+0000] {processor.py:208} INFO - Processing /opt/airflow/dags/premier_dag.py took 0.181 seconds
[2025-10-17T08:05:39.668+0000] {processor.py:186} INFO - Started process (PID=384) to work on /opt/airflow/dags/premier_dag.py
[2025-10-17T08:05:39.670+0000] {processor.py:914} INFO - Processing file /opt/airflow/dags/premier_dag.py for tasks to queue
[2025-10-17T08:05:39.675+0000] {logging_mixin.py:190} INFO - [2025-10-17T08:05:39.674+0000] {dagbag.py:588} INFO - Filling up the DagBag from /opt/airflow/dags/premier_dag.py
[2025-10-17T08:05:39.720+0000] {processor.py:925} INFO - DAG(s) 'premier_dag_test' retrieved from /opt/airflow/dags/premier_dag.py
[2025-10-17T08:05:39.765+0000] {logging_mixin.py:190} INFO - [2025-10-17T08:05:39.764+0000] {dag.py:3239} INFO - Sync 1 DAGs
[2025-10-17T08:05:39.806+0000] {logging_mixin.py:190} INFO - [2025-10-17T08:05:39.805+0000] {dag.py:4180} INFO - Setting next_dagrun for premier_dag_test to 2025-06-02 09:00:00+00:00, run_after=2025-06-02 10:00:00+00:00
[2025-10-17T08:05:39.872+0000] {processor.py:208} INFO - Processing /opt/airflow/dags/premier_dag.py took 0.214 seconds
[2025-10-17T08:06:10.026+0000] {processor.py:186} INFO - Started process (PID=401) to work on /opt/airflow/dags/premier_dag.py
[2025-10-17T08:06:10.027+0000] {processor.py:914} INFO - Processing file /opt/airflow/dags/premier_dag.py for tasks to queue
[2025-10-17T08:06:10.030+0000] {logging_mixin.py:190} INFO - [2025-10-17T08:06:10.030+0000] {dagbag.py:588} INFO - Filling up the DagBag from /opt/airflow/dags/premier_dag.py
[2025-10-17T08:06:10.070+0000] {processor.py:925} INFO - DAG(s) 'premier_dag_test' retrieved from /opt/airflow/dags/premier_dag.py
[2025-10-17T08:06:10.103+0000] {logging_mixin.py:190} INFO - [2025-10-17T08:06:10.103+0000] {dag.py:3239} INFO - Sync 1 DAGs
[2025-10-17T08:06:10.133+0000] {logging_mixin.py:190} INFO - [2025-10-17T08:06:10.133+0000] {dag.py:4180} INFO - Setting next_dagrun for premier_dag_test to 2025-06-02 09:00:00+00:00, run_after=2025-06-02 10:00:00+00:00
[2025-10-17T08:06:10.189+0000] {processor.py:208} INFO - Processing /opt/airflow/dags/premier_dag.py took 0.171 seconds
[2025-10-17T08:06:40.378+0000] {processor.py:186} INFO - Started process (PID=418) to work on /opt/airflow/dags/premier_dag.py
[2025-10-17T08:06:40.379+0000] {processor.py:914} INFO - Processing file /opt/airflow/dags/premier_dag.py for tasks to queue
[2025-10-17T08:06:40.383+0000] {logging_mixin.py:190} INFO - [2025-10-17T08:06:40.383+0000] {dagbag.py:588} INFO - Filling up the DagBag from /opt/airflow/dags/premier_dag.py
[2025-10-17T08:06:40.413+0000] {processor.py:925} INFO - DAG(s) 'premier_dag_test' retrieved from /opt/airflow/dags/premier_dag.py
[2025-10-17T08:06:40.442+0000] {logging_mixin.py:190} INFO - [2025-10-17T08:06:40.442+0000] {dag.py:3239} INFO - Sync 1 DAGs
[2025-10-17T08:06:40.468+0000] {logging_mixin.py:190} INFO - [2025-10-17T08:06:40.468+0000] {dag.py:4180} INFO - Setting next_dagrun for premier_dag_test to 2025-06-02 09:00:00+00:00, run_after=2025-06-02 10:00:00+00:00
[2025-10-17T08:06:40.490+0000] {processor.py:208} INFO - Processing /opt/airflow/dags/premier_dag.py took 0.119 seconds
[2025-10-17T08:07:10.936+0000] {processor.py:186} INFO - Started process (PID=435) to work on /opt/airflow/dags/premier_dag.py
[2025-10-17T08:07:10.938+0000] {processor.py:914} INFO - Processing file /opt/airflow/dags/premier_dag.py for tasks to queue
[2025-10-17T08:07:10.941+0000] {logging_mixin.py:190} INFO - [2025-10-17T08:07:10.940+0000] {dagbag.py:588} INFO - Filling up the DagBag from /opt/airflow/dags/premier_dag.py
[2025-10-17T08:07:10.985+0000] {processor.py:925} INFO - DAG(s) 'premier_dag_test' retrieved from /opt/airflow/dags/premier_dag.py
[2025-10-17T08:07:11.026+0000] {logging_mixin.py:190} INFO - [2025-10-17T08:07:11.026+0000] {dag.py:3239} INFO - Sync 1 DAGs
[2025-10-17T08:07:11.053+0000] {logging_mixin.py:190} INFO - [2025-10-17T08:07:11.053+0000] {dag.py:4180} INFO - Setting next_dagrun for premier_dag_test to 2025-06-02 09:00:00+00:00, run_after=2025-06-02 10:00:00+00:00
[2025-10-17T08:07:11.113+0000] {processor.py:208} INFO - Processing /opt/airflow/dags/premier_dag.py took 0.186 seconds
[2025-10-17T08:07:41.269+0000] {processor.py:186} INFO - Started process (PID=460) to work on /opt/airflow/dags/premier_dag.py
[2025-10-17T08:07:41.270+0000] {processor.py:914} INFO - Processing file /opt/airflow/dags/premier_dag.py for tasks to queue
[2025-10-17T08:07:41.272+0000] {logging_mixin.py:190} INFO - [2025-10-17T08:07:41.272+0000] {dagbag.py:588} INFO - Filling up the DagBag from /opt/airflow/dags/premier_dag.py
[2025-10-17T08:07:41.310+0000] {processor.py:925} INFO - DAG(s) 'premier_dag_test' retrieved from /opt/airflow/dags/premier_dag.py
[2025-10-17T08:07:41.339+0000] {logging_mixin.py:190} INFO - [2025-10-17T08:07:41.339+0000] {dag.py:3239} INFO - Sync 1 DAGs
[2025-10-17T08:07:41.364+0000] {logging_mixin.py:190} INFO - [2025-10-17T08:07:41.364+0000] {dag.py:4180} INFO - Setting next_dagrun for premier_dag_test to 2025-06-02 09:00:00+00:00, run_after=2025-06-02 10:00:00+00:00
[2025-10-17T08:07:41.424+0000] {processor.py:208} INFO - Processing /opt/airflow/dags/premier_dag.py took 0.161 seconds
[2025-10-17T08:08:11.581+0000] {processor.py:186} INFO - Started process (PID=477) to work on /opt/airflow/dags/premier_dag.py
[2025-10-17T08:08:11.582+0000] {processor.py:914} INFO - Processing file /opt/airflow/dags/premier_dag.py for tasks to queue
[2025-10-17T08:08:11.586+0000] {logging_mixin.py:190} INFO - [2025-10-17T08:08:11.585+0000] {dagbag.py:588} INFO - Filling up the DagBag from /opt/airflow/dags/premier_dag.py
[2025-10-17T08:08:11.623+0000] {processor.py:925} INFO - DAG(s) 'premier_dag_test' retrieved from /opt/airflow/dags/premier_dag.py
[2025-10-17T08:08:11.656+0000] {logging_mixin.py:190} INFO - [2025-10-17T08:08:11.655+0000] {dag.py:3239} INFO - Sync 1 DAGs
[2025-10-17T08:08:11.687+0000] {logging_mixin.py:190} INFO - [2025-10-17T08:08:11.687+0000] {dag.py:4180} INFO - Setting next_dagrun for premier_dag_test to 2025-06-02 09:00:00+00:00, run_after=2025-06-02 10:00:00+00:00
[2025-10-17T08:08:11.744+0000] {processor.py:208} INFO - Processing /opt/airflow/dags/premier_dag.py took 0.171 seconds
[2025-10-17T08:08:42.186+0000] {processor.py:186} INFO - Started process (PID=500) to work on /opt/airflow/dags/premier_dag.py
[2025-10-17T08:08:42.188+0000] {processor.py:914} INFO - Processing file /opt/airflow/dags/premier_dag.py for tasks to queue
[2025-10-17T08:08:42.193+0000] {logging_mixin.py:190} INFO - [2025-10-17T08:08:42.192+0000] {dagbag.py:588} INFO - Filling up the DagBag from /opt/airflow/dags/premier_dag.py
[2025-10-17T08:08:42.225+0000] {processor.py:925} INFO - DAG(s) 'premier_dag_test' retrieved from /opt/airflow/dags/premier_dag.py
[2025-10-17T08:08:42.265+0000] {logging_mixin.py:190} INFO - [2025-10-17T08:08:42.264+0000] {dag.py:3239} INFO - Sync 1 DAGs
[2025-10-17T08:08:42.302+0000] {logging_mixin.py:190} INFO - [2025-10-17T08:08:42.302+0000] {dag.py:4180} INFO - Setting next_dagrun for premier_dag_test to 2025-06-02 09:00:00+00:00, run_after=2025-06-02 10:00:00+00:00
[2025-10-17T08:08:42.361+0000] {processor.py:208} INFO - Processing /opt/airflow/dags/premier_dag.py took 0.186 seconds
[2025-10-17T08:09:12.803+0000] {processor.py:186} INFO - Started process (PID=517) to work on /opt/airflow/dags/premier_dag.py
[2025-10-17T08:09:12.805+0000] {processor.py:914} INFO - Processing file /opt/airflow/dags/premier_dag.py for tasks to queue
[2025-10-17T08:09:12.811+0000] {logging_mixin.py:190} INFO - [2025-10-17T08:09:12.810+0000] {dagbag.py:588} INFO - Filling up the DagBag from /opt/airflow/dags/premier_dag.py
[2025-10-17T08:09:12.860+0000] {processor.py:925} INFO - DAG(s) 'premier_dag_test' retrieved from /opt/airflow/dags/premier_dag.py
[2025-10-17T08:09:12.897+0000] {logging_mixin.py:190} INFO - [2025-10-17T08:09:12.897+0000] {dag.py:3239} INFO - Sync 1 DAGs
[2025-10-17T08:09:12.926+0000] {logging_mixin.py:190} INFO - [2025-10-17T08:09:12.926+0000] {dag.py:4180} INFO - Setting next_dagrun for premier_dag_test to 2025-06-02 09:00:00+00:00, run_after=2025-06-02 10:00:00+00:00
[2025-10-17T08:09:12.952+0000] {processor.py:208} INFO - Processing /opt/airflow/dags/premier_dag.py took 0.159 seconds
[2025-10-17T08:09:43.373+0000] {processor.py:186} INFO - Started process (PID=534) to work on /opt/airflow/dags/premier_dag.py
[2025-10-17T08:09:43.375+0000] {processor.py:914} INFO - Processing file /opt/airflow/dags/premier_dag.py for tasks to queue
[2025-10-17T08:09:43.378+0000] {logging_mixin.py:190} INFO - [2025-10-17T08:09:43.377+0000] {dagbag.py:588} INFO - Filling up the DagBag from /opt/airflow/dags/premier_dag.py
[2025-10-17T08:09:43.411+0000] {processor.py:925} INFO - DAG(s) 'premier_dag_test' retrieved from /opt/airflow/dags/premier_dag.py
[2025-10-17T08:09:43.443+0000] {logging_mixin.py:190} INFO - [2025-10-17T08:09:43.443+0000] {dag.py:3239} INFO - Sync 1 DAGs
[2025-10-17T08:09:43.471+0000] {logging_mixin.py:190} INFO - [2025-10-17T08:09:43.471+0000] {dag.py:4180} INFO - Setting next_dagrun for premier_dag_test to 2025-06-02 09:00:00+00:00, run_after=2025-06-02 10:00:00+00:00
[2025-10-17T08:09:43.495+0000] {processor.py:208} INFO - Processing /opt/airflow/dags/premier_dag.py took 0.128 seconds
[2025-10-17T08:10:10.408+0000] {processor.py:186} INFO - Started process (PID=210) to work on /opt/airflow/dags/premier_dag.py
[2025-10-17T08:10:10.410+0000] {processor.py:914} INFO - Processing file /opt/airflow/dags/premier_dag.py for tasks to queue
[2025-10-17T08:10:10.415+0000] {logging_mixin.py:190} INFO - [2025-10-17T08:10:10.415+0000] {dagbag.py:588} INFO - Filling up the DagBag from /opt/airflow/dags/premier_dag.py
[2025-10-17T08:10:10.449+0000] {processor.py:925} INFO - DAG(s) 'premier_dag_test' retrieved from /opt/airflow/dags/premier_dag.py
[2025-10-17T08:10:10.484+0000] {logging_mixin.py:190} INFO - [2025-10-17T08:10:10.484+0000] {dag.py:3239} INFO - Sync 1 DAGs
[2025-10-17T08:10:10.529+0000] {logging_mixin.py:190} INFO - [2025-10-17T08:10:10.528+0000] {dag.py:4180} INFO - Setting next_dagrun for premier_dag_test to 2025-06-02 09:00:00+00:00, run_after=2025-06-02 10:00:00+00:00
[2025-10-17T08:10:10.600+0000] {processor.py:208} INFO - Processing /opt/airflow/dags/premier_dag.py took 0.200 seconds
[2025-10-17T08:10:41.022+0000] {processor.py:186} INFO - Started process (PID=236) to work on /opt/airflow/dags/premier_dag.py
[2025-10-17T08:10:41.024+0000] {processor.py:914} INFO - Processing file /opt/airflow/dags/premier_dag.py for tasks to queue
[2025-10-17T08:10:41.028+0000] {logging_mixin.py:190} INFO - [2025-10-17T08:10:41.027+0000] {dagbag.py:588} INFO - Filling up the DagBag from /opt/airflow/dags/premier_dag.py
[2025-10-17T08:10:41.080+0000] {processor.py:925} INFO - DAG(s) 'premier_dag_test' retrieved from /opt/airflow/dags/premier_dag.py
[2025-10-17T08:10:41.125+0000] {logging_mixin.py:190} INFO - [2025-10-17T08:10:41.124+0000] {dag.py:3239} INFO - Sync 1 DAGs
[2025-10-17T08:10:41.163+0000] {logging_mixin.py:190} INFO - [2025-10-17T08:10:41.163+0000] {dag.py:4180} INFO - Setting next_dagrun for premier_dag_test to 2025-06-02 09:00:00+00:00, run_after=2025-06-02 10:00:00+00:00
[2025-10-17T08:10:41.226+0000] {processor.py:208} INFO - Processing /opt/airflow/dags/premier_dag.py took 0.214 seconds
[2025-10-17T08:11:11.446+0000] {processor.py:186} INFO - Started process (PID=253) to work on /opt/airflow/dags/premier_dag.py
[2025-10-17T08:11:11.447+0000] {processor.py:914} INFO - Processing file /opt/airflow/dags/premier_dag.py for tasks to queue
[2025-10-17T08:11:11.450+0000] {logging_mixin.py:190} INFO - [2025-10-17T08:11:11.450+0000] {dagbag.py:588} INFO - Filling up the DagBag from /opt/airflow/dags/premier_dag.py
[2025-10-17T08:11:11.486+0000] {processor.py:925} INFO - DAG(s) 'premier_dag_test' retrieved from /opt/airflow/dags/premier_dag.py
[2025-10-17T08:11:11.517+0000] {logging_mixin.py:190} INFO - [2025-10-17T08:11:11.517+0000] {dag.py:3239} INFO - Sync 1 DAGs
[2025-10-17T08:11:11.545+0000] {logging_mixin.py:190} INFO - [2025-10-17T08:11:11.544+0000] {dag.py:4180} INFO - Setting next_dagrun for premier_dag_test to 2025-06-02 09:00:00+00:00, run_after=2025-06-02 10:00:00+00:00
[2025-10-17T08:11:11.607+0000] {processor.py:208} INFO - Processing /opt/airflow/dags/premier_dag.py took 0.166 seconds
[2025-10-17T08:11:42.080+0000] {processor.py:186} INFO - Started process (PID=270) to work on /opt/airflow/dags/premier_dag.py
[2025-10-17T08:11:42.081+0000] {processor.py:914} INFO - Processing file /opt/airflow/dags/premier_dag.py for tasks to queue
[2025-10-17T08:11:42.084+0000] {logging_mixin.py:190} INFO - [2025-10-17T08:11:42.084+0000] {dagbag.py:588} INFO - Filling up the DagBag from /opt/airflow/dags/premier_dag.py
[2025-10-17T08:11:42.121+0000] {processor.py:925} INFO - DAG(s) 'premier_dag_test' retrieved from /opt/airflow/dags/premier_dag.py
[2025-10-17T08:11:42.150+0000] {logging_mixin.py:190} INFO - [2025-10-17T08:11:42.150+0000] {dag.py:3239} INFO - Sync 1 DAGs
[2025-10-17T08:11:42.176+0000] {logging_mixin.py:190} INFO - [2025-10-17T08:11:42.176+0000] {dag.py:4180} INFO - Setting next_dagrun for premier_dag_test to 2025-06-02 09:00:00+00:00, run_after=2025-06-02 10:00:00+00:00
[2025-10-17T08:11:42.200+0000] {processor.py:208} INFO - Processing /opt/airflow/dags/premier_dag.py took 0.126 seconds
[2025-10-17T08:12:12.663+0000] {processor.py:186} INFO - Started process (PID=293) to work on /opt/airflow/dags/premier_dag.py
[2025-10-17T08:12:12.665+0000] {processor.py:914} INFO - Processing file /opt/airflow/dags/premier_dag.py for tasks to queue
[2025-10-17T08:12:12.668+0000] {logging_mixin.py:190} INFO - [2025-10-17T08:12:12.667+0000] {dagbag.py:588} INFO - Filling up the DagBag from /opt/airflow/dags/premier_dag.py
[2025-10-17T08:12:12.697+0000] {processor.py:925} INFO - DAG(s) 'premier_dag_test' retrieved from /opt/airflow/dags/premier_dag.py
[2025-10-17T08:12:12.730+0000] {logging_mixin.py:190} INFO - [2025-10-17T08:12:12.730+0000] {dag.py:3239} INFO - Sync 1 DAGs
[2025-10-17T08:12:12.761+0000] {logging_mixin.py:190} INFO - [2025-10-17T08:12:12.761+0000] {dag.py:4180} INFO - Setting next_dagrun for premier_dag_test to 2025-06-02 09:00:00+00:00, run_after=2025-06-02 10:00:00+00:00
[2025-10-17T08:12:12.788+0000] {processor.py:208} INFO - Processing /opt/airflow/dags/premier_dag.py took 0.133 seconds
[2025-10-17T08:12:42.893+0000] {processor.py:186} INFO - Started process (PID=310) to work on /opt/airflow/dags/premier_dag.py
[2025-10-17T08:12:42.895+0000] {processor.py:914} INFO - Processing file /opt/airflow/dags/premier_dag.py for tasks to queue
[2025-10-17T08:12:42.898+0000] {logging_mixin.py:190} INFO - [2025-10-17T08:12:42.897+0000] {dagbag.py:588} INFO - Filling up the DagBag from /opt/airflow/dags/premier_dag.py
[2025-10-17T08:12:42.929+0000] {processor.py:925} INFO - DAG(s) 'premier_dag_test' retrieved from /opt/airflow/dags/premier_dag.py
[2025-10-17T08:12:42.966+0000] {logging_mixin.py:190} INFO - [2025-10-17T08:12:42.966+0000] {dag.py:3239} INFO - Sync 1 DAGs
[2025-10-17T08:12:42.993+0000] {logging_mixin.py:190} INFO - [2025-10-17T08:12:42.993+0000] {dag.py:4180} INFO - Setting next_dagrun for premier_dag_test to 2025-06-02 09:00:00+00:00, run_after=2025-06-02 10:00:00+00:00
[2025-10-17T08:12:43.016+0000] {processor.py:208} INFO - Processing /opt/airflow/dags/premier_dag.py took 0.130 seconds
[2025-10-17T08:13:13.484+0000] {processor.py:186} INFO - Started process (PID=327) to work on /opt/airflow/dags/premier_dag.py
[2025-10-17T08:13:13.485+0000] {processor.py:914} INFO - Processing file /opt/airflow/dags/premier_dag.py for tasks to queue
[2025-10-17T08:13:13.488+0000] {logging_mixin.py:190} INFO - [2025-10-17T08:13:13.488+0000] {dagbag.py:588} INFO - Filling up the DagBag from /opt/airflow/dags/premier_dag.py
[2025-10-17T08:13:13.523+0000] {processor.py:925} INFO - DAG(s) 'premier_dag_test' retrieved from /opt/airflow/dags/premier_dag.py
[2025-10-17T08:13:13.550+0000] {logging_mixin.py:190} INFO - [2025-10-17T08:13:13.550+0000] {dag.py:3239} INFO - Sync 1 DAGs
[2025-10-17T08:13:13.575+0000] {logging_mixin.py:190} INFO - [2025-10-17T08:13:13.575+0000] {dag.py:4180} INFO - Setting next_dagrun for premier_dag_test to 2025-06-02 09:00:00+00:00, run_after=2025-06-02 10:00:00+00:00
[2025-10-17T08:13:13.647+0000] {processor.py:208} INFO - Processing /opt/airflow/dags/premier_dag.py took 0.169 seconds
[2025-10-17T08:13:44.158+0000] {processor.py:186} INFO - Started process (PID=344) to work on /opt/airflow/dags/premier_dag.py
[2025-10-17T08:13:44.160+0000] {processor.py:914} INFO - Processing file /opt/airflow/dags/premier_dag.py for tasks to queue
[2025-10-17T08:13:44.163+0000] {logging_mixin.py:190} INFO - [2025-10-17T08:13:44.163+0000] {dagbag.py:588} INFO - Filling up the DagBag from /opt/airflow/dags/premier_dag.py
[2025-10-17T08:13:44.204+0000] {processor.py:925} INFO - DAG(s) 'premier_dag_test' retrieved from /opt/airflow/dags/premier_dag.py
[2025-10-17T08:13:44.238+0000] {logging_mixin.py:190} INFO - [2025-10-17T08:13:44.238+0000] {dag.py:3239} INFO - Sync 1 DAGs
[2025-10-17T08:13:44.270+0000] {logging_mixin.py:190} INFO - [2025-10-17T08:13:44.270+0000] {dag.py:4180} INFO - Setting next_dagrun for premier_dag_test to 2025-06-02 09:00:00+00:00, run_after=2025-06-02 10:00:00+00:00
[2025-10-17T08:13:44.331+0000] {processor.py:208} INFO - Processing /opt/airflow/dags/premier_dag.py took 0.179 seconds
[2025-10-17T08:14:14.566+0000] {processor.py:186} INFO - Started process (PID=361) to work on /opt/airflow/dags/premier_dag.py
[2025-10-17T08:14:14.568+0000] {processor.py:914} INFO - Processing file /opt/airflow/dags/premier_dag.py for tasks to queue
[2025-10-17T08:14:14.571+0000] {logging_mixin.py:190} INFO - [2025-10-17T08:14:14.570+0000] {dagbag.py:588} INFO - Filling up the DagBag from /opt/airflow/dags/premier_dag.py
[2025-10-17T08:14:14.600+0000] {processor.py:925} INFO - DAG(s) 'premier_dag_test' retrieved from /opt/airflow/dags/premier_dag.py
[2025-10-17T08:14:14.627+0000] {logging_mixin.py:190} INFO - [2025-10-17T08:14:14.626+0000] {dag.py:3239} INFO - Sync 1 DAGs
[2025-10-17T08:14:14.653+0000] {logging_mixin.py:190} INFO - [2025-10-17T08:14:14.652+0000] {dag.py:4180} INFO - Setting next_dagrun for premier_dag_test to 2025-06-02 09:00:00+00:00, run_after=2025-06-02 10:00:00+00:00
[2025-10-17T08:14:14.718+0000] {processor.py:208} INFO - Processing /opt/airflow/dags/premier_dag.py took 0.157 seconds
[2025-10-17T08:14:45.192+0000] {processor.py:186} INFO - Started process (PID=379) to work on /opt/airflow/dags/premier_dag.py
[2025-10-17T08:14:45.194+0000] {processor.py:914} INFO - Processing file /opt/airflow/dags/premier_dag.py for tasks to queue
[2025-10-17T08:14:45.196+0000] {logging_mixin.py:190} INFO - [2025-10-17T08:14:45.196+0000] {dagbag.py:588} INFO - Filling up the DagBag from /opt/airflow/dags/premier_dag.py
[2025-10-17T08:14:45.240+0000] {processor.py:925} INFO - DAG(s) 'premier_dag_test' retrieved from /opt/airflow/dags/premier_dag.py
[2025-10-17T08:14:45.270+0000] {logging_mixin.py:190} INFO - [2025-10-17T08:14:45.270+0000] {dag.py:3239} INFO - Sync 1 DAGs
[2025-10-17T08:14:45.302+0000] {logging_mixin.py:190} INFO - [2025-10-17T08:14:45.302+0000] {dag.py:4180} INFO - Setting next_dagrun for premier_dag_test to 2025-06-02 09:00:00+00:00, run_after=2025-06-02 10:00:00+00:00
[2025-10-17T08:14:45.353+0000] {processor.py:208} INFO - Processing /opt/airflow/dags/premier_dag.py took 0.168 seconds
[2025-10-17T08:15:15.641+0000] {processor.py:186} INFO - Started process (PID=396) to work on /opt/airflow/dags/premier_dag.py
[2025-10-17T08:15:15.643+0000] {processor.py:914} INFO - Processing file /opt/airflow/dags/premier_dag.py for tasks to queue
[2025-10-17T08:15:15.646+0000] {logging_mixin.py:190} INFO - [2025-10-17T08:15:15.646+0000] {dagbag.py:588} INFO - Filling up the DagBag from /opt/airflow/dags/premier_dag.py
[2025-10-17T08:15:15.687+0000] {processor.py:925} INFO - DAG(s) 'premier_dag_test' retrieved from /opt/airflow/dags/premier_dag.py
[2025-10-17T08:15:15.719+0000] {logging_mixin.py:190} INFO - [2025-10-17T08:15:15.719+0000] {dag.py:3239} INFO - Sync 1 DAGs
[2025-10-17T08:15:15.748+0000] {logging_mixin.py:190} INFO - [2025-10-17T08:15:15.748+0000] {dag.py:4180} INFO - Setting next_dagrun for premier_dag_test to 2025-06-02 09:00:00+00:00, run_after=2025-06-02 10:00:00+00:00
[2025-10-17T08:15:15.772+0000] {processor.py:208} INFO - Processing /opt/airflow/dags/premier_dag.py took 0.138 seconds
[2025-10-17T08:15:46.214+0000] {processor.py:186} INFO - Started process (PID=413) to work on /opt/airflow/dags/premier_dag.py
[2025-10-17T08:15:46.215+0000] {processor.py:914} INFO - Processing file /opt/airflow/dags/premier_dag.py for tasks to queue
[2025-10-17T08:15:46.219+0000] {logging_mixin.py:190} INFO - [2025-10-17T08:15:46.219+0000] {dagbag.py:588} INFO - Filling up the DagBag from /opt/airflow/dags/premier_dag.py
[2025-10-17T08:15:46.245+0000] {processor.py:925} INFO - DAG(s) 'premier_dag_test' retrieved from /opt/airflow/dags/premier_dag.py
[2025-10-17T08:15:46.289+0000] {logging_mixin.py:190} INFO - [2025-10-17T08:15:46.289+0000] {dag.py:3239} INFO - Sync 1 DAGs
[2025-10-17T08:15:46.321+0000] {logging_mixin.py:190} INFO - [2025-10-17T08:15:46.321+0000] {dag.py:4180} INFO - Setting next_dagrun for premier_dag_test to 2025-06-02 09:00:00+00:00, run_after=2025-06-02 10:00:00+00:00
[2025-10-17T08:15:46.383+0000] {processor.py:208} INFO - Processing /opt/airflow/dags/premier_dag.py took 0.178 seconds
[2025-10-17T08:16:16.542+0000] {processor.py:186} INFO - Started process (PID=430) to work on /opt/airflow/dags/premier_dag.py
[2025-10-17T08:16:16.543+0000] {processor.py:914} INFO - Processing file /opt/airflow/dags/premier_dag.py for tasks to queue
[2025-10-17T08:16:16.549+0000] {logging_mixin.py:190} INFO - [2025-10-17T08:16:16.548+0000] {dagbag.py:588} INFO - Filling up the DagBag from /opt/airflow/dags/premier_dag.py
[2025-10-17T08:16:16.594+0000] {processor.py:925} INFO - DAG(s) 'premier_dag_test' retrieved from /opt/airflow/dags/premier_dag.py
[2025-10-17T08:16:16.629+0000] {logging_mixin.py:190} INFO - [2025-10-17T08:16:16.628+0000] {dag.py:3239} INFO - Sync 1 DAGs
[2025-10-17T08:16:16.668+0000] {logging_mixin.py:190} INFO - [2025-10-17T08:16:16.668+0000] {dag.py:4180} INFO - Setting next_dagrun for premier_dag_test to 2025-06-02 09:00:00+00:00, run_after=2025-06-02 10:00:00+00:00
[2025-10-17T08:16:16.698+0000] {processor.py:208} INFO - Processing /opt/airflow/dags/premier_dag.py took 0.164 seconds
[2025-10-17T08:16:47.129+0000] {processor.py:186} INFO - Started process (PID=447) to work on /opt/airflow/dags/premier_dag.py
[2025-10-17T08:16:47.131+0000] {processor.py:914} INFO - Processing file /opt/airflow/dags/premier_dag.py for tasks to queue
[2025-10-17T08:16:47.135+0000] {logging_mixin.py:190} INFO - [2025-10-17T08:16:47.134+0000] {dagbag.py:588} INFO - Filling up the DagBag from /opt/airflow/dags/premier_dag.py
[2025-10-17T08:16:47.178+0000] {processor.py:925} INFO - DAG(s) 'premier_dag_test' retrieved from /opt/airflow/dags/premier_dag.py
[2025-10-17T08:16:47.209+0000] {logging_mixin.py:190} INFO - [2025-10-17T08:16:47.208+0000] {dag.py:3239} INFO - Sync 1 DAGs
[2025-10-17T08:16:47.245+0000] {logging_mixin.py:190} INFO - [2025-10-17T08:16:47.244+0000] {dag.py:4180} INFO - Setting next_dagrun for premier_dag_test to 2025-06-02 09:00:00+00:00, run_after=2025-06-02 10:00:00+00:00
[2025-10-17T08:16:47.291+0000] {processor.py:208} INFO - Processing /opt/airflow/dags/premier_dag.py took 0.168 seconds
[2025-10-17T08:17:17.598+0000] {processor.py:186} INFO - Started process (PID=464) to work on /opt/airflow/dags/premier_dag.py
[2025-10-17T08:17:17.600+0000] {processor.py:914} INFO - Processing file /opt/airflow/dags/premier_dag.py for tasks to queue
[2025-10-17T08:17:17.603+0000] {logging_mixin.py:190} INFO - [2025-10-17T08:17:17.602+0000] {dagbag.py:588} INFO - Filling up the DagBag from /opt/airflow/dags/premier_dag.py
[2025-10-17T08:17:17.638+0000] {processor.py:925} INFO - DAG(s) 'premier_dag_test' retrieved from /opt/airflow/dags/premier_dag.py
[2025-10-17T08:17:17.666+0000] {logging_mixin.py:190} INFO - [2025-10-17T08:17:17.666+0000] {dag.py:3239} INFO - Sync 1 DAGs
[2025-10-17T08:17:17.697+0000] {logging_mixin.py:190} INFO - [2025-10-17T08:17:17.697+0000] {dag.py:4180} INFO - Setting next_dagrun for premier_dag_test to 2025-06-02 09:00:00+00:00, run_after=2025-06-02 10:00:00+00:00
[2025-10-17T08:17:17.765+0000] {processor.py:208} INFO - Processing /opt/airflow/dags/premier_dag.py took 0.171 seconds
[2025-10-17T08:17:48.250+0000] {processor.py:186} INFO - Started process (PID=481) to work on /opt/airflow/dags/premier_dag.py
[2025-10-17T08:17:48.252+0000] {processor.py:914} INFO - Processing file /opt/airflow/dags/premier_dag.py for tasks to queue
[2025-10-17T08:17:48.255+0000] {logging_mixin.py:190} INFO - [2025-10-17T08:17:48.254+0000] {dagbag.py:588} INFO - Filling up the DagBag from /opt/airflow/dags/premier_dag.py
[2025-10-17T08:17:48.284+0000] {processor.py:925} INFO - DAG(s) 'premier_dag_test' retrieved from /opt/airflow/dags/premier_dag.py
[2025-10-17T08:17:48.334+0000] {logging_mixin.py:190} INFO - [2025-10-17T08:17:48.333+0000] {dag.py:3239} INFO - Sync 1 DAGs
[2025-10-17T08:17:48.373+0000] {logging_mixin.py:190} INFO - [2025-10-17T08:17:48.373+0000] {dag.py:4180} INFO - Setting next_dagrun for premier_dag_test to 2025-06-02 09:00:00+00:00, run_after=2025-06-02 10:00:00+00:00
[2025-10-17T08:17:48.415+0000] {processor.py:208} INFO - Processing /opt/airflow/dags/premier_dag.py took 0.174 seconds
[2025-10-17T08:18:18.626+0000] {processor.py:186} INFO - Started process (PID=498) to work on /opt/airflow/dags/premier_dag.py
[2025-10-17T08:18:18.628+0000] {processor.py:914} INFO - Processing file /opt/airflow/dags/premier_dag.py for tasks to queue
[2025-10-17T08:18:18.632+0000] {logging_mixin.py:190} INFO - [2025-10-17T08:18:18.631+0000] {dagbag.py:588} INFO - Filling up the DagBag from /opt/airflow/dags/premier_dag.py
[2025-10-17T08:18:18.666+0000] {processor.py:925} INFO - DAG(s) 'premier_dag_test' retrieved from /opt/airflow/dags/premier_dag.py
[2025-10-17T08:18:18.698+0000] {logging_mixin.py:190} INFO - [2025-10-17T08:18:18.698+0000] {dag.py:3239} INFO - Sync 1 DAGs
[2025-10-17T08:18:18.724+0000] {logging_mixin.py:190} INFO - [2025-10-17T08:18:18.724+0000] {dag.py:4180} INFO - Setting next_dagrun for premier_dag_test to 2025-06-02 09:00:00+00:00, run_after=2025-06-02 10:00:00+00:00
[2025-10-17T08:18:18.756+0000] {processor.py:208} INFO - Processing /opt/airflow/dags/premier_dag.py took 0.135 seconds
[2025-10-17T08:18:49.232+0000] {processor.py:186} INFO - Started process (PID=515) to work on /opt/airflow/dags/premier_dag.py
[2025-10-17T08:18:49.233+0000] {processor.py:914} INFO - Processing file /opt/airflow/dags/premier_dag.py for tasks to queue
[2025-10-17T08:18:49.236+0000] {logging_mixin.py:190} INFO - [2025-10-17T08:18:49.236+0000] {dagbag.py:588} INFO - Filling up the DagBag from /opt/airflow/dags/premier_dag.py
[2025-10-17T08:18:49.274+0000] {processor.py:925} INFO - DAG(s) 'premier_dag_test' retrieved from /opt/airflow/dags/premier_dag.py
[2025-10-17T08:18:49.304+0000] {logging_mixin.py:190} INFO - [2025-10-17T08:18:49.304+0000] {dag.py:3239} INFO - Sync 1 DAGs
[2025-10-17T08:18:49.328+0000] {logging_mixin.py:190} INFO - [2025-10-17T08:18:49.328+0000] {dag.py:4180} INFO - Setting next_dagrun for premier_dag_test to 2025-06-02 09:00:00+00:00, run_after=2025-06-02 10:00:00+00:00
[2025-10-17T08:18:49.391+0000] {processor.py:208} INFO - Processing /opt/airflow/dags/premier_dag.py took 0.167 seconds
[2025-10-17T08:19:19.577+0000] {processor.py:186} INFO - Started process (PID=532) to work on /opt/airflow/dags/premier_dag.py
[2025-10-17T08:19:19.578+0000] {processor.py:914} INFO - Processing file /opt/airflow/dags/premier_dag.py for tasks to queue
[2025-10-17T08:19:19.581+0000] {logging_mixin.py:190} INFO - [2025-10-17T08:19:19.580+0000] {dagbag.py:588} INFO - Filling up the DagBag from /opt/airflow/dags/premier_dag.py
[2025-10-17T08:19:19.618+0000] {processor.py:925} INFO - DAG(s) 'premier_dag_test' retrieved from /opt/airflow/dags/premier_dag.py
[2025-10-17T08:19:19.645+0000] {logging_mixin.py:190} INFO - [2025-10-17T08:19:19.645+0000] {dag.py:3239} INFO - Sync 1 DAGs
[2025-10-17T08:19:19.676+0000] {logging_mixin.py:190} INFO - [2025-10-17T08:19:19.676+0000] {dag.py:4180} INFO - Setting next_dagrun for premier_dag_test to 2025-06-02 09:00:00+00:00, run_after=2025-06-02 10:00:00+00:00
[2025-10-17T08:19:19.738+0000] {processor.py:208} INFO - Processing /opt/airflow/dags/premier_dag.py took 0.165 seconds
[2025-10-17T08:19:50.222+0000] {processor.py:186} INFO - Started process (PID=549) to work on /opt/airflow/dags/premier_dag.py
[2025-10-17T08:19:50.224+0000] {processor.py:914} INFO - Processing file /opt/airflow/dags/premier_dag.py for tasks to queue
[2025-10-17T08:19:50.226+0000] {logging_mixin.py:190} INFO - [2025-10-17T08:19:50.226+0000] {dagbag.py:588} INFO - Filling up the DagBag from /opt/airflow/dags/premier_dag.py
[2025-10-17T08:19:50.259+0000] {processor.py:925} INFO - DAG(s) 'premier_dag_test' retrieved from /opt/airflow/dags/premier_dag.py
[2025-10-17T08:19:50.301+0000] {logging_mixin.py:190} INFO - [2025-10-17T08:19:50.300+0000] {dag.py:3239} INFO - Sync 1 DAGs
[2025-10-17T08:19:50.359+0000] {logging_mixin.py:190} INFO - [2025-10-17T08:19:50.359+0000] {dag.py:4180} INFO - Setting next_dagrun for premier_dag_test to 2025-06-02 09:00:00+00:00, run_after=2025-06-02 10:00:00+00:00
[2025-10-17T08:19:50.424+0000] {processor.py:208} INFO - Processing /opt/airflow/dags/premier_dag.py took 0.207 seconds
[2025-10-17T08:20:21.029+0000] {processor.py:186} INFO - Started process (PID=566) to work on /opt/airflow/dags/premier_dag.py
[2025-10-17T08:20:21.031+0000] {processor.py:914} INFO - Processing file /opt/airflow/dags/premier_dag.py for tasks to queue
[2025-10-17T08:20:21.038+0000] {logging_mixin.py:190} INFO - [2025-10-17T08:20:21.037+0000] {dagbag.py:588} INFO - Filling up the DagBag from /opt/airflow/dags/premier_dag.py
[2025-10-17T08:20:21.073+0000] {processor.py:925} INFO - DAG(s) 'premier_dag_test' retrieved from /opt/airflow/dags/premier_dag.py
[2025-10-17T08:20:21.117+0000] {logging_mixin.py:190} INFO - [2025-10-17T08:20:21.116+0000] {dag.py:3239} INFO - Sync 1 DAGs
[2025-10-17T08:20:21.153+0000] {logging_mixin.py:190} INFO - [2025-10-17T08:20:21.152+0000] {dag.py:4180} INFO - Setting next_dagrun for premier_dag_test to 2025-06-02 09:00:00+00:00, run_after=2025-06-02 10:00:00+00:00
[2025-10-17T08:20:21.177+0000] {processor.py:208} INFO - Processing /opt/airflow/dags/premier_dag.py took 0.160 seconds
[2025-10-17T08:20:51.679+0000] {processor.py:186} INFO - Started process (PID=583) to work on /opt/airflow/dags/premier_dag.py
[2025-10-17T08:20:51.681+0000] {processor.py:914} INFO - Processing file /opt/airflow/dags/premier_dag.py for tasks to queue
[2025-10-17T08:20:51.684+0000] {logging_mixin.py:190} INFO - [2025-10-17T08:20:51.684+0000] {dagbag.py:588} INFO - Filling up the DagBag from /opt/airflow/dags/premier_dag.py
[2025-10-17T08:20:51.718+0000] {processor.py:925} INFO - DAG(s) 'premier_dag_test' retrieved from /opt/airflow/dags/premier_dag.py
[2025-10-17T08:20:51.745+0000] {logging_mixin.py:190} INFO - [2025-10-17T08:20:51.744+0000] {dag.py:3239} INFO - Sync 1 DAGs
[2025-10-17T08:20:51.776+0000] {logging_mixin.py:190} INFO - [2025-10-17T08:20:51.775+0000] {dag.py:4180} INFO - Setting next_dagrun for premier_dag_test to 2025-06-02 09:00:00+00:00, run_after=2025-06-02 10:00:00+00:00
[2025-10-17T08:20:51.838+0000] {processor.py:208} INFO - Processing /opt/airflow/dags/premier_dag.py took 0.165 seconds
[2025-10-17T08:21:21.924+0000] {processor.py:186} INFO - Started process (PID=600) to work on /opt/airflow/dags/premier_dag.py
[2025-10-17T08:21:21.925+0000] {processor.py:914} INFO - Processing file /opt/airflow/dags/premier_dag.py for tasks to queue
[2025-10-17T08:21:21.928+0000] {logging_mixin.py:190} INFO - [2025-10-17T08:21:21.927+0000] {dagbag.py:588} INFO - Filling up the DagBag from /opt/airflow/dags/premier_dag.py
[2025-10-17T08:21:21.965+0000] {processor.py:925} INFO - DAG(s) 'premier_dag_test' retrieved from /opt/airflow/dags/premier_dag.py
[2025-10-17T08:21:22.012+0000] {logging_mixin.py:190} INFO - [2025-10-17T08:21:22.011+0000] {dag.py:3239} INFO - Sync 1 DAGs
[2025-10-17T08:21:22.052+0000] {logging_mixin.py:190} INFO - [2025-10-17T08:21:22.051+0000] {dag.py:4180} INFO - Setting next_dagrun for premier_dag_test to 2025-06-02 09:00:00+00:00, run_after=2025-06-02 10:00:00+00:00
[2025-10-17T08:21:22.087+0000] {processor.py:208} INFO - Processing /opt/airflow/dags/premier_dag.py took 0.169 seconds
[2025-10-17T08:21:52.544+0000] {processor.py:186} INFO - Started process (PID=617) to work on /opt/airflow/dags/premier_dag.py
[2025-10-17T08:21:52.545+0000] {processor.py:914} INFO - Processing file /opt/airflow/dags/premier_dag.py for tasks to queue
[2025-10-17T08:21:52.548+0000] {logging_mixin.py:190} INFO - [2025-10-17T08:21:52.547+0000] {dagbag.py:588} INFO - Filling up the DagBag from /opt/airflow/dags/premier_dag.py
[2025-10-17T08:21:52.583+0000] {processor.py:925} INFO - DAG(s) 'premier_dag_test' retrieved from /opt/airflow/dags/premier_dag.py
[2025-10-17T08:21:52.613+0000] {logging_mixin.py:190} INFO - [2025-10-17T08:21:52.613+0000] {dag.py:3239} INFO - Sync 1 DAGs
[2025-10-17T08:21:52.639+0000] {logging_mixin.py:190} INFO - [2025-10-17T08:21:52.639+0000] {dag.py:4180} INFO - Setting next_dagrun for premier_dag_test to 2025-06-02 09:00:00+00:00, run_after=2025-06-02 10:00:00+00:00
[2025-10-17T08:21:52.660+0000] {processor.py:208} INFO - Processing /opt/airflow/dags/premier_dag.py took 0.123 seconds
[2025-10-17T08:22:22.771+0000] {processor.py:186} INFO - Started process (PID=634) to work on /opt/airflow/dags/premier_dag.py
[2025-10-17T08:22:22.773+0000] {processor.py:914} INFO - Processing file /opt/airflow/dags/premier_dag.py for tasks to queue
[2025-10-17T08:22:22.775+0000] {logging_mixin.py:190} INFO - [2025-10-17T08:22:22.775+0000] {dagbag.py:588} INFO - Filling up the DagBag from /opt/airflow/dags/premier_dag.py
[2025-10-17T08:22:22.813+0000] {processor.py:925} INFO - DAG(s) 'premier_dag_test' retrieved from /opt/airflow/dags/premier_dag.py
[2025-10-17T08:22:22.859+0000] {logging_mixin.py:190} INFO - [2025-10-17T08:22:22.859+0000] {dag.py:3239} INFO - Sync 1 DAGs
[2025-10-17T08:22:22.899+0000] {logging_mixin.py:190} INFO - [2025-10-17T08:22:22.899+0000] {dag.py:4180} INFO - Setting next_dagrun for premier_dag_test to 2025-06-02 09:00:00+00:00, run_after=2025-06-02 10:00:00+00:00
[2025-10-17T08:22:22.933+0000] {processor.py:208} INFO - Processing /opt/airflow/dags/premier_dag.py took 0.167 seconds
[2025-10-17T08:22:53.370+0000] {processor.py:186} INFO - Started process (PID=651) to work on /opt/airflow/dags/premier_dag.py
[2025-10-17T08:22:53.372+0000] {processor.py:914} INFO - Processing file /opt/airflow/dags/premier_dag.py for tasks to queue
[2025-10-17T08:22:53.376+0000] {logging_mixin.py:190} INFO - [2025-10-17T08:22:53.375+0000] {dagbag.py:588} INFO - Filling up the DagBag from /opt/airflow/dags/premier_dag.py
[2025-10-17T08:22:53.414+0000] {processor.py:925} INFO - DAG(s) 'premier_dag_test' retrieved from /opt/airflow/dags/premier_dag.py
[2025-10-17T08:22:53.446+0000] {logging_mixin.py:190} INFO - [2025-10-17T08:22:53.446+0000] {dag.py:3239} INFO - Sync 1 DAGs
[2025-10-17T08:22:53.477+0000] {logging_mixin.py:190} INFO - [2025-10-17T08:22:53.477+0000] {dag.py:4180} INFO - Setting next_dagrun for premier_dag_test to 2025-06-02 09:00:00+00:00, run_after=2025-06-02 10:00:00+00:00
[2025-10-17T08:22:53.499+0000] {processor.py:208} INFO - Processing /opt/airflow/dags/premier_dag.py took 0.135 seconds
[2025-10-17T08:23:23.686+0000] {processor.py:186} INFO - Started process (PID=668) to work on /opt/airflow/dags/premier_dag.py
[2025-10-17T08:23:23.687+0000] {processor.py:914} INFO - Processing file /opt/airflow/dags/premier_dag.py for tasks to queue
[2025-10-17T08:23:23.690+0000] {logging_mixin.py:190} INFO - [2025-10-17T08:23:23.689+0000] {dagbag.py:588} INFO - Filling up the DagBag from /opt/airflow/dags/premier_dag.py
[2025-10-17T08:23:23.731+0000] {processor.py:925} INFO - DAG(s) 'premier_dag_test' retrieved from /opt/airflow/dags/premier_dag.py
[2025-10-17T08:23:23.765+0000] {logging_mixin.py:190} INFO - [2025-10-17T08:23:23.764+0000] {dag.py:3239} INFO - Sync 1 DAGs
[2025-10-17T08:23:23.803+0000] {logging_mixin.py:190} INFO - [2025-10-17T08:23:23.803+0000] {dag.py:4180} INFO - Setting next_dagrun for premier_dag_test to 2025-06-02 09:00:00+00:00, run_after=2025-06-02 10:00:00+00:00
[2025-10-17T08:23:23.838+0000] {processor.py:208} INFO - Processing /opt/airflow/dags/premier_dag.py took 0.159 seconds
[2025-10-17T08:23:53.919+0000] {processor.py:186} INFO - Started process (PID=685) to work on /opt/airflow/dags/premier_dag.py
[2025-10-17T08:23:53.921+0000] {processor.py:914} INFO - Processing file /opt/airflow/dags/premier_dag.py for tasks to queue
[2025-10-17T08:23:53.924+0000] {logging_mixin.py:190} INFO - [2025-10-17T08:23:53.923+0000] {dagbag.py:588} INFO - Filling up the DagBag from /opt/airflow/dags/premier_dag.py
[2025-10-17T08:23:53.961+0000] {processor.py:925} INFO - DAG(s) 'premier_dag_test' retrieved from /opt/airflow/dags/premier_dag.py
[2025-10-17T08:23:53.991+0000] {logging_mixin.py:190} INFO - [2025-10-17T08:23:53.990+0000] {dag.py:3239} INFO - Sync 1 DAGs
[2025-10-17T08:23:54.016+0000] {logging_mixin.py:190} INFO - [2025-10-17T08:23:54.015+0000] {dag.py:4180} INFO - Setting next_dagrun for premier_dag_test to 2025-06-02 09:00:00+00:00, run_after=2025-06-02 10:00:00+00:00
[2025-10-17T08:23:54.077+0000] {processor.py:208} INFO - Processing /opt/airflow/dags/premier_dag.py took 0.163 seconds
[2025-10-17T08:24:24.568+0000] {processor.py:186} INFO - Started process (PID=702) to work on /opt/airflow/dags/premier_dag.py
[2025-10-17T08:24:24.570+0000] {processor.py:914} INFO - Processing file /opt/airflow/dags/premier_dag.py for tasks to queue
[2025-10-17T08:24:24.573+0000] {logging_mixin.py:190} INFO - [2025-10-17T08:24:24.573+0000] {dagbag.py:588} INFO - Filling up the DagBag from /opt/airflow/dags/premier_dag.py
[2025-10-17T08:24:24.618+0000] {processor.py:925} INFO - DAG(s) 'premier_dag_test' retrieved from /opt/airflow/dags/premier_dag.py
[2025-10-17T08:24:24.655+0000] {logging_mixin.py:190} INFO - [2025-10-17T08:24:24.654+0000] {dag.py:3239} INFO - Sync 1 DAGs
[2025-10-17T08:24:24.692+0000] {logging_mixin.py:190} INFO - [2025-10-17T08:24:24.692+0000] {dag.py:4180} INFO - Setting next_dagrun for premier_dag_test to 2025-06-02 09:00:00+00:00, run_after=2025-06-02 10:00:00+00:00
[2025-10-17T08:24:24.752+0000] {processor.py:208} INFO - Processing /opt/airflow/dags/premier_dag.py took 0.190 seconds
[2025-10-17T08:24:55.239+0000] {processor.py:186} INFO - Started process (PID=719) to work on /opt/airflow/dags/premier_dag.py
[2025-10-17T08:24:55.241+0000] {processor.py:914} INFO - Processing file /opt/airflow/dags/premier_dag.py for tasks to queue
[2025-10-17T08:24:55.245+0000] {logging_mixin.py:190} INFO - [2025-10-17T08:24:55.244+0000] {dagbag.py:588} INFO - Filling up the DagBag from /opt/airflow/dags/premier_dag.py
[2025-10-17T08:24:55.291+0000] {processor.py:925} INFO - DAG(s) 'premier_dag_test' retrieved from /opt/airflow/dags/premier_dag.py
[2025-10-17T08:24:55.336+0000] {logging_mixin.py:190} INFO - [2025-10-17T08:24:55.336+0000] {dag.py:3239} INFO - Sync 1 DAGs
[2025-10-17T08:24:55.375+0000] {logging_mixin.py:190} INFO - [2025-10-17T08:24:55.374+0000] {dag.py:4180} INFO - Setting next_dagrun for premier_dag_test to 2025-06-02 09:00:00+00:00, run_after=2025-06-02 10:00:00+00:00
[2025-10-17T08:24:55.399+0000] {processor.py:208} INFO - Processing /opt/airflow/dags/premier_dag.py took 0.165 seconds
[2025-10-17T08:25:25.733+0000] {processor.py:186} INFO - Started process (PID=736) to work on /opt/airflow/dags/premier_dag.py
[2025-10-17T08:25:25.735+0000] {processor.py:914} INFO - Processing file /opt/airflow/dags/premier_dag.py for tasks to queue
[2025-10-17T08:25:25.737+0000] {logging_mixin.py:190} INFO - [2025-10-17T08:25:25.737+0000] {dagbag.py:588} INFO - Filling up the DagBag from /opt/airflow/dags/premier_dag.py
[2025-10-17T08:25:25.772+0000] {processor.py:925} INFO - DAG(s) 'premier_dag_test' retrieved from /opt/airflow/dags/premier_dag.py
[2025-10-17T08:25:25.807+0000] {logging_mixin.py:190} INFO - [2025-10-17T08:25:25.807+0000] {dag.py:3239} INFO - Sync 1 DAGs
[2025-10-17T08:25:25.843+0000] {logging_mixin.py:190} INFO - [2025-10-17T08:25:25.843+0000] {dag.py:4180} INFO - Setting next_dagrun for premier_dag_test to 2025-06-02 09:00:00+00:00, run_after=2025-06-02 10:00:00+00:00
[2025-10-17T08:25:25.873+0000] {processor.py:208} INFO - Processing /opt/airflow/dags/premier_dag.py took 0.147 seconds
[2025-10-17T08:25:56.322+0000] {processor.py:186} INFO - Started process (PID=753) to work on /opt/airflow/dags/premier_dag.py
[2025-10-17T08:25:56.324+0000] {processor.py:914} INFO - Processing file /opt/airflow/dags/premier_dag.py for tasks to queue
[2025-10-17T08:25:56.326+0000] {logging_mixin.py:190} INFO - [2025-10-17T08:25:56.326+0000] {dagbag.py:588} INFO - Filling up the DagBag from /opt/airflow/dags/premier_dag.py
[2025-10-17T08:25:56.361+0000] {processor.py:925} INFO - DAG(s) 'premier_dag_test' retrieved from /opt/airflow/dags/premier_dag.py
[2025-10-17T08:25:56.392+0000] {logging_mixin.py:190} INFO - [2025-10-17T08:25:56.392+0000] {dag.py:3239} INFO - Sync 1 DAGs
[2025-10-17T08:25:56.417+0000] {logging_mixin.py:190} INFO - [2025-10-17T08:25:56.417+0000] {dag.py:4180} INFO - Setting next_dagrun for premier_dag_test to 2025-06-02 09:00:00+00:00, run_after=2025-06-02 10:00:00+00:00
[2025-10-17T08:25:56.475+0000] {processor.py:208} INFO - Processing /opt/airflow/dags/premier_dag.py took 0.159 seconds
[2025-10-17T08:26:26.637+0000] {processor.py:186} INFO - Started process (PID=770) to work on /opt/airflow/dags/premier_dag.py
[2025-10-17T08:26:26.638+0000] {processor.py:914} INFO - Processing file /opt/airflow/dags/premier_dag.py for tasks to queue
[2025-10-17T08:26:26.641+0000] {logging_mixin.py:190} INFO - [2025-10-17T08:26:26.641+0000] {dagbag.py:588} INFO - Filling up the DagBag from /opt/airflow/dags/premier_dag.py
[2025-10-17T08:26:26.675+0000] {processor.py:925} INFO - DAG(s) 'premier_dag_test' retrieved from /opt/airflow/dags/premier_dag.py
[2025-10-17T08:26:26.702+0000] {logging_mixin.py:190} INFO - [2025-10-17T08:26:26.702+0000] {dag.py:3239} INFO - Sync 1 DAGs
[2025-10-17T08:26:26.725+0000] {logging_mixin.py:190} INFO - [2025-10-17T08:26:26.725+0000] {dag.py:4180} INFO - Setting next_dagrun for premier_dag_test to 2025-06-02 09:00:00+00:00, run_after=2025-06-02 10:00:00+00:00
[2025-10-17T08:26:26.748+0000] {processor.py:208} INFO - Processing /opt/airflow/dags/premier_dag.py took 0.117 seconds
[2025-10-17T08:26:57.236+0000] {processor.py:186} INFO - Started process (PID=787) to work on /opt/airflow/dags/premier_dag.py
[2025-10-17T08:26:57.238+0000] {processor.py:914} INFO - Processing file /opt/airflow/dags/premier_dag.py for tasks to queue
[2025-10-17T08:26:57.240+0000] {logging_mixin.py:190} INFO - [2025-10-17T08:26:57.240+0000] {dagbag.py:588} INFO - Filling up the DagBag from /opt/airflow/dags/premier_dag.py
[2025-10-17T08:26:57.283+0000] {processor.py:925} INFO - DAG(s) 'premier_dag_test' retrieved from /opt/airflow/dags/premier_dag.py
[2025-10-17T08:26:57.320+0000] {logging_mixin.py:190} INFO - [2025-10-17T08:26:57.319+0000] {dag.py:3239} INFO - Sync 1 DAGs
[2025-10-17T08:26:57.358+0000] {logging_mixin.py:190} INFO - [2025-10-17T08:26:57.358+0000] {dag.py:4180} INFO - Setting next_dagrun for premier_dag_test to 2025-06-02 09:00:00+00:00, run_after=2025-06-02 10:00:00+00:00
[2025-10-17T08:26:57.391+0000] {processor.py:208} INFO - Processing /opt/airflow/dags/premier_dag.py took 0.161 seconds
[2025-10-17T08:27:27.473+0000] {processor.py:186} INFO - Started process (PID=804) to work on /opt/airflow/dags/premier_dag.py
[2025-10-17T08:27:27.475+0000] {processor.py:914} INFO - Processing file /opt/airflow/dags/premier_dag.py for tasks to queue
[2025-10-17T08:27:27.478+0000] {logging_mixin.py:190} INFO - [2025-10-17T08:27:27.478+0000] {dagbag.py:588} INFO - Filling up the DagBag from /opt/airflow/dags/premier_dag.py
[2025-10-17T08:27:27.519+0000] {processor.py:925} INFO - DAG(s) 'premier_dag_test' retrieved from /opt/airflow/dags/premier_dag.py
[2025-10-17T08:27:27.548+0000] {logging_mixin.py:190} INFO - [2025-10-17T08:27:27.548+0000] {dag.py:3239} INFO - Sync 1 DAGs
[2025-10-17T08:27:27.574+0000] {logging_mixin.py:190} INFO - [2025-10-17T08:27:27.574+0000] {dag.py:4180} INFO - Setting next_dagrun for premier_dag_test to 2025-06-02 09:00:00+00:00, run_after=2025-06-02 10:00:00+00:00
[2025-10-17T08:27:27.595+0000] {processor.py:208} INFO - Processing /opt/airflow/dags/premier_dag.py took 0.128 seconds
[2025-10-17T08:27:58.046+0000] {processor.py:186} INFO - Started process (PID=821) to work on /opt/airflow/dags/premier_dag.py
[2025-10-17T08:27:58.048+0000] {processor.py:914} INFO - Processing file /opt/airflow/dags/premier_dag.py for tasks to queue
[2025-10-17T08:27:58.051+0000] {logging_mixin.py:190} INFO - [2025-10-17T08:27:58.050+0000] {dagbag.py:588} INFO - Filling up the DagBag from /opt/airflow/dags/premier_dag.py
[2025-10-17T08:27:58.086+0000] {processor.py:925} INFO - DAG(s) 'premier_dag_test' retrieved from /opt/airflow/dags/premier_dag.py
[2025-10-17T08:27:58.125+0000] {logging_mixin.py:190} INFO - [2025-10-17T08:27:58.125+0000] {dag.py:3239} INFO - Sync 1 DAGs
[2025-10-17T08:27:58.158+0000] {logging_mixin.py:190} INFO - [2025-10-17T08:27:58.157+0000] {dag.py:4180} INFO - Setting next_dagrun for premier_dag_test to 2025-06-02 09:00:00+00:00, run_after=2025-06-02 10:00:00+00:00
[2025-10-17T08:27:58.181+0000] {processor.py:208} INFO - Processing /opt/airflow/dags/premier_dag.py took 0.142 seconds
[2025-10-17T08:28:28.387+0000] {processor.py:186} INFO - Started process (PID=838) to work on /opt/airflow/dags/premier_dag.py
[2025-10-17T08:28:28.388+0000] {processor.py:914} INFO - Processing file /opt/airflow/dags/premier_dag.py for tasks to queue
[2025-10-17T08:28:28.391+0000] {logging_mixin.py:190} INFO - [2025-10-17T08:28:28.391+0000] {dagbag.py:588} INFO - Filling up the DagBag from /opt/airflow/dags/premier_dag.py
[2025-10-17T08:28:28.424+0000] {processor.py:925} INFO - DAG(s) 'premier_dag_test' retrieved from /opt/airflow/dags/premier_dag.py
[2025-10-17T08:28:28.453+0000] {logging_mixin.py:190} INFO - [2025-10-17T08:28:28.453+0000] {dag.py:3239} INFO - Sync 1 DAGs
[2025-10-17T08:28:28.478+0000] {logging_mixin.py:190} INFO - [2025-10-17T08:28:28.478+0000] {dag.py:4180} INFO - Setting next_dagrun for premier_dag_test to 2025-06-02 09:00:00+00:00, run_after=2025-06-02 10:00:00+00:00
[2025-10-17T08:28:28.538+0000] {processor.py:208} INFO - Processing /opt/airflow/dags/premier_dag.py took 0.158 seconds
[2025-10-17T08:28:58.992+0000] {processor.py:186} INFO - Started process (PID=855) to work on /opt/airflow/dags/premier_dag.py
[2025-10-17T08:28:58.995+0000] {processor.py:914} INFO - Processing file /opt/airflow/dags/premier_dag.py for tasks to queue
[2025-10-17T08:28:58.997+0000] {logging_mixin.py:190} INFO - [2025-10-17T08:28:58.997+0000] {dagbag.py:588} INFO - Filling up the DagBag from /opt/airflow/dags/premier_dag.py
[2025-10-17T08:28:59.041+0000] {processor.py:925} INFO - DAG(s) 'premier_dag_test' retrieved from /opt/airflow/dags/premier_dag.py
[2025-10-17T08:28:59.083+0000] {logging_mixin.py:190} INFO - [2025-10-17T08:28:59.083+0000] {dag.py:3239} INFO - Sync 1 DAGs
[2025-10-17T08:28:59.123+0000] {logging_mixin.py:190} INFO - [2025-10-17T08:28:59.123+0000] {dag.py:4180} INFO - Setting next_dagrun for premier_dag_test to 2025-06-02 09:00:00+00:00, run_after=2025-06-02 10:00:00+00:00
[2025-10-17T08:28:59.189+0000] {processor.py:208} INFO - Processing /opt/airflow/dags/premier_dag.py took 0.203 seconds
[2025-10-17T08:29:29.640+0000] {processor.py:186} INFO - Started process (PID=872) to work on /opt/airflow/dags/premier_dag.py
[2025-10-17T08:29:29.642+0000] {processor.py:914} INFO - Processing file /opt/airflow/dags/premier_dag.py for tasks to queue
[2025-10-17T08:29:29.645+0000] {logging_mixin.py:190} INFO - [2025-10-17T08:29:29.644+0000] {dagbag.py:588} INFO - Filling up the DagBag from /opt/airflow/dags/premier_dag.py
[2025-10-17T08:29:29.679+0000] {processor.py:925} INFO - DAG(s) 'premier_dag_test' retrieved from /opt/airflow/dags/premier_dag.py
[2025-10-17T08:29:29.704+0000] {logging_mixin.py:190} INFO - [2025-10-17T08:29:29.703+0000] {dag.py:3239} INFO - Sync 1 DAGs
[2025-10-17T08:29:29.726+0000] {logging_mixin.py:190} INFO - [2025-10-17T08:29:29.726+0000] {dag.py:4180} INFO - Setting next_dagrun for premier_dag_test to 2025-06-02 09:00:00+00:00, run_after=2025-06-02 10:00:00+00:00
[2025-10-17T08:29:29.787+0000] {processor.py:208} INFO - Processing /opt/airflow/dags/premier_dag.py took 0.153 seconds
[2025-10-17T08:30:00.289+0000] {processor.py:186} INFO - Started process (PID=889) to work on /opt/airflow/dags/premier_dag.py
[2025-10-17T08:30:00.292+0000] {processor.py:914} INFO - Processing file /opt/airflow/dags/premier_dag.py for tasks to queue
[2025-10-17T08:30:00.295+0000] {logging_mixin.py:190} INFO - [2025-10-17T08:30:00.295+0000] {dagbag.py:588} INFO - Filling up the DagBag from /opt/airflow/dags/premier_dag.py
[2025-10-17T08:30:00.337+0000] {processor.py:925} INFO - DAG(s) 'premier_dag_test' retrieved from /opt/airflow/dags/premier_dag.py
[2025-10-17T08:30:00.370+0000] {logging_mixin.py:190} INFO - [2025-10-17T08:30:00.369+0000] {dag.py:3239} INFO - Sync 1 DAGs
[2025-10-17T08:30:00.397+0000] {logging_mixin.py:190} INFO - [2025-10-17T08:30:00.397+0000] {dag.py:4180} INFO - Setting next_dagrun for premier_dag_test to 2025-06-02 09:00:00+00:00, run_after=2025-06-02 10:00:00+00:00
[2025-10-17T08:30:00.430+0000] {processor.py:208} INFO - Processing /opt/airflow/dags/premier_dag.py took 0.150 seconds
[2025-10-17T08:30:30.608+0000] {processor.py:186} INFO - Started process (PID=906) to work on /opt/airflow/dags/premier_dag.py
[2025-10-17T08:30:30.611+0000] {processor.py:914} INFO - Processing file /opt/airflow/dags/premier_dag.py for tasks to queue
[2025-10-17T08:30:30.614+0000] {logging_mixin.py:190} INFO - [2025-10-17T08:30:30.614+0000] {dagbag.py:588} INFO - Filling up the DagBag from /opt/airflow/dags/premier_dag.py
[2025-10-17T08:30:30.656+0000] {processor.py:925} INFO - DAG(s) 'premier_dag_test' retrieved from /opt/airflow/dags/premier_dag.py
[2025-10-17T08:30:30.691+0000] {logging_mixin.py:190} INFO - [2025-10-17T08:30:30.691+0000] {dag.py:3239} INFO - Sync 1 DAGs
[2025-10-17T08:30:30.718+0000] {logging_mixin.py:190} INFO - [2025-10-17T08:30:30.717+0000] {dag.py:4180} INFO - Setting next_dagrun for premier_dag_test to 2025-06-02 09:00:00+00:00, run_after=2025-06-02 10:00:00+00:00
[2025-10-17T08:30:30.741+0000] {processor.py:208} INFO - Processing /opt/airflow/dags/premier_dag.py took 0.142 seconds
[2025-10-17T08:31:01.220+0000] {processor.py:186} INFO - Started process (PID=923) to work on /opt/airflow/dags/premier_dag.py
[2025-10-17T08:31:01.222+0000] {processor.py:914} INFO - Processing file /opt/airflow/dags/premier_dag.py for tasks to queue
[2025-10-17T08:31:01.226+0000] {logging_mixin.py:190} INFO - [2025-10-17T08:31:01.225+0000] {dagbag.py:588} INFO - Filling up the DagBag from /opt/airflow/dags/premier_dag.py
[2025-10-17T08:31:01.267+0000] {processor.py:925} INFO - DAG(s) 'premier_dag_test' retrieved from /opt/airflow/dags/premier_dag.py
[2025-10-17T08:31:01.304+0000] {logging_mixin.py:190} INFO - [2025-10-17T08:31:01.303+0000] {dag.py:3239} INFO - Sync 1 DAGs
[2025-10-17T08:31:01.344+0000] {logging_mixin.py:190} INFO - [2025-10-17T08:31:01.344+0000] {dag.py:4180} INFO - Setting next_dagrun for premier_dag_test to 2025-06-02 09:00:00+00:00, run_after=2025-06-02 10:00:00+00:00
[2025-10-17T08:31:01.408+0000] {processor.py:208} INFO - Processing /opt/airflow/dags/premier_dag.py took 0.199 seconds
[2025-10-17T08:31:31.508+0000] {processor.py:186} INFO - Started process (PID=940) to work on /opt/airflow/dags/premier_dag.py
[2025-10-17T08:31:31.510+0000] {processor.py:914} INFO - Processing file /opt/airflow/dags/premier_dag.py for tasks to queue
[2025-10-17T08:31:31.514+0000] {logging_mixin.py:190} INFO - [2025-10-17T08:31:31.514+0000] {dagbag.py:588} INFO - Filling up the DagBag from /opt/airflow/dags/premier_dag.py
[2025-10-17T08:31:31.558+0000] {processor.py:925} INFO - DAG(s) 'premier_dag_test' retrieved from /opt/airflow/dags/premier_dag.py
[2025-10-17T08:31:31.595+0000] {logging_mixin.py:190} INFO - [2025-10-17T08:31:31.594+0000] {dag.py:3239} INFO - Sync 1 DAGs
[2025-10-17T08:31:31.627+0000] {logging_mixin.py:190} INFO - [2025-10-17T08:31:31.626+0000] {dag.py:4180} INFO - Setting next_dagrun for premier_dag_test to 2025-06-02 09:00:00+00:00, run_after=2025-06-02 10:00:00+00:00
[2025-10-17T08:31:31.652+0000] {processor.py:208} INFO - Processing /opt/airflow/dags/premier_dag.py took 0.150 seconds
[2025-10-17T08:32:02.135+0000] {processor.py:186} INFO - Started process (PID=957) to work on /opt/airflow/dags/premier_dag.py
[2025-10-17T08:32:02.137+0000] {processor.py:914} INFO - Processing file /opt/airflow/dags/premier_dag.py for tasks to queue
[2025-10-17T08:32:02.140+0000] {logging_mixin.py:190} INFO - [2025-10-17T08:32:02.139+0000] {dagbag.py:588} INFO - Filling up the DagBag from /opt/airflow/dags/premier_dag.py
[2025-10-17T08:32:02.174+0000] {processor.py:925} INFO - DAG(s) 'premier_dag_test' retrieved from /opt/airflow/dags/premier_dag.py
[2025-10-17T08:32:02.203+0000] {logging_mixin.py:190} INFO - [2025-10-17T08:32:02.202+0000] {dag.py:3239} INFO - Sync 1 DAGs
[2025-10-17T08:32:02.229+0000] {logging_mixin.py:190} INFO - [2025-10-17T08:32:02.228+0000] {dag.py:4180} INFO - Setting next_dagrun for premier_dag_test to 2025-06-02 09:00:00+00:00, run_after=2025-06-02 10:00:00+00:00
[2025-10-17T08:32:02.253+0000] {processor.py:208} INFO - Processing /opt/airflow/dags/premier_dag.py took 0.124 seconds
[2025-10-17T08:32:32.716+0000] {processor.py:186} INFO - Started process (PID=974) to work on /opt/airflow/dags/premier_dag.py
[2025-10-17T08:32:32.717+0000] {processor.py:914} INFO - Processing file /opt/airflow/dags/premier_dag.py for tasks to queue
[2025-10-17T08:32:32.723+0000] {logging_mixin.py:190} INFO - [2025-10-17T08:32:32.723+0000] {dagbag.py:588} INFO - Filling up the DagBag from /opt/airflow/dags/premier_dag.py
[2025-10-17T08:32:32.756+0000] {processor.py:925} INFO - DAG(s) 'premier_dag_test' retrieved from /opt/airflow/dags/premier_dag.py
[2025-10-17T08:32:32.793+0000] {logging_mixin.py:190} INFO - [2025-10-17T08:32:32.793+0000] {dag.py:3239} INFO - Sync 1 DAGs
[2025-10-17T08:32:32.824+0000] {logging_mixin.py:190} INFO - [2025-10-17T08:32:32.823+0000] {dag.py:4180} INFO - Setting next_dagrun for premier_dag_test to 2025-06-02 09:00:00+00:00, run_after=2025-06-02 10:00:00+00:00
[2025-10-17T08:32:32.847+0000] {processor.py:208} INFO - Processing /opt/airflow/dags/premier_dag.py took 0.138 seconds
[2025-10-17T08:33:03.030+0000] {processor.py:186} INFO - Started process (PID=992) to work on /opt/airflow/dags/premier_dag.py
[2025-10-17T08:33:03.032+0000] {processor.py:914} INFO - Processing file /opt/airflow/dags/premier_dag.py for tasks to queue
[2025-10-17T08:33:03.035+0000] {logging_mixin.py:190} INFO - [2025-10-17T08:33:03.035+0000] {dagbag.py:588} INFO - Filling up the DagBag from /opt/airflow/dags/premier_dag.py
[2025-10-17T08:33:03.083+0000] {processor.py:925} INFO - DAG(s) 'premier_dag_test' retrieved from /opt/airflow/dags/premier_dag.py
[2025-10-17T08:33:03.130+0000] {logging_mixin.py:190} INFO - [2025-10-17T08:33:03.130+0000] {dag.py:3239} INFO - Sync 1 DAGs
[2025-10-17T08:33:03.181+0000] {logging_mixin.py:190} INFO - [2025-10-17T08:33:03.180+0000] {dag.py:4180} INFO - Setting next_dagrun for premier_dag_test to 2025-06-02 09:00:00+00:00, run_after=2025-06-02 10:00:00+00:00
[2025-10-17T08:33:03.250+0000] {processor.py:208} INFO - Processing /opt/airflow/dags/premier_dag.py took 0.226 seconds
[2025-10-17T08:33:33.724+0000] {processor.py:186} INFO - Started process (PID=1010) to work on /opt/airflow/dags/premier_dag.py
[2025-10-17T08:33:33.725+0000] {processor.py:914} INFO - Processing file /opt/airflow/dags/premier_dag.py for tasks to queue
[2025-10-17T08:33:33.729+0000] {logging_mixin.py:190} INFO - [2025-10-17T08:33:33.728+0000] {dagbag.py:588} INFO - Filling up the DagBag from /opt/airflow/dags/premier_dag.py
[2025-10-17T08:33:33.763+0000] {processor.py:925} INFO - DAG(s) 'premier_dag_test' retrieved from /opt/airflow/dags/premier_dag.py
[2025-10-17T08:33:33.799+0000] {logging_mixin.py:190} INFO - [2025-10-17T08:33:33.799+0000] {dag.py:3239} INFO - Sync 1 DAGs
[2025-10-17T08:33:33.825+0000] {logging_mixin.py:190} INFO - [2025-10-17T08:33:33.825+0000] {dag.py:4180} INFO - Setting next_dagrun for premier_dag_test to 2025-06-02 09:00:00+00:00, run_after=2025-06-02 10:00:00+00:00
[2025-10-17T08:33:33.889+0000] {processor.py:208} INFO - Processing /opt/airflow/dags/premier_dag.py took 0.172 seconds
[2025-10-17T08:34:04.044+0000] {processor.py:186} INFO - Started process (PID=1027) to work on /opt/airflow/dags/premier_dag.py
[2025-10-17T08:34:04.045+0000] {processor.py:914} INFO - Processing file /opt/airflow/dags/premier_dag.py for tasks to queue
[2025-10-17T08:34:04.048+0000] {logging_mixin.py:190} INFO - [2025-10-17T08:34:04.048+0000] {dagbag.py:588} INFO - Filling up the DagBag from /opt/airflow/dags/premier_dag.py
[2025-10-17T08:34:04.081+0000] {processor.py:925} INFO - DAG(s) 'premier_dag_test' retrieved from /opt/airflow/dags/premier_dag.py
[2025-10-17T08:34:04.109+0000] {logging_mixin.py:190} INFO - [2025-10-17T08:34:04.109+0000] {dag.py:3239} INFO - Sync 1 DAGs
[2025-10-17T08:34:04.137+0000] {logging_mixin.py:190} INFO - [2025-10-17T08:34:04.137+0000] {dag.py:4180} INFO - Setting next_dagrun for premier_dag_test to 2025-06-02 09:00:00+00:00, run_after=2025-06-02 10:00:00+00:00
[2025-10-17T08:34:04.197+0000] {processor.py:208} INFO - Processing /opt/airflow/dags/premier_dag.py took 0.159 seconds
[2025-10-17T08:34:34.667+0000] {processor.py:186} INFO - Started process (PID=1044) to work on /opt/airflow/dags/premier_dag.py
[2025-10-17T08:34:34.669+0000] {processor.py:914} INFO - Processing file /opt/airflow/dags/premier_dag.py for tasks to queue
[2025-10-17T08:34:34.673+0000] {logging_mixin.py:190} INFO - [2025-10-17T08:34:34.672+0000] {dagbag.py:588} INFO - Filling up the DagBag from /opt/airflow/dags/premier_dag.py
[2025-10-17T08:34:34.712+0000] {processor.py:925} INFO - DAG(s) 'premier_dag_test' retrieved from /opt/airflow/dags/premier_dag.py
[2025-10-17T08:34:34.745+0000] {logging_mixin.py:190} INFO - [2025-10-17T08:34:34.745+0000] {dag.py:3239} INFO - Sync 1 DAGs
[2025-10-17T08:34:34.770+0000] {logging_mixin.py:190} INFO - [2025-10-17T08:34:34.770+0000] {dag.py:4180} INFO - Setting next_dagrun for premier_dag_test to 2025-06-02 09:00:00+00:00, run_after=2025-06-02 10:00:00+00:00
[2025-10-17T08:34:34.830+0000] {processor.py:208} INFO - Processing /opt/airflow/dags/premier_dag.py took 0.172 seconds
[2025-10-17T08:35:05.078+0000] {processor.py:186} INFO - Started process (PID=1062) to work on /opt/airflow/dags/premier_dag.py
[2025-10-17T08:35:05.080+0000] {processor.py:914} INFO - Processing file /opt/airflow/dags/premier_dag.py for tasks to queue
[2025-10-17T08:35:05.084+0000] {logging_mixin.py:190} INFO - [2025-10-17T08:35:05.083+0000] {dagbag.py:588} INFO - Filling up the DagBag from /opt/airflow/dags/premier_dag.py
[2025-10-17T08:35:05.118+0000] {processor.py:925} INFO - DAG(s) 'premier_dag_test' retrieved from /opt/airflow/dags/premier_dag.py
[2025-10-17T08:35:05.149+0000] {logging_mixin.py:190} INFO - [2025-10-17T08:35:05.149+0000] {dag.py:3239} INFO - Sync 1 DAGs
[2025-10-17T08:35:05.178+0000] {logging_mixin.py:190} INFO - [2025-10-17T08:35:05.178+0000] {dag.py:4180} INFO - Setting next_dagrun for premier_dag_test to 2025-06-02 09:00:00+00:00, run_after=2025-06-02 10:00:00+00:00
[2025-10-17T08:35:05.206+0000] {processor.py:208} INFO - Processing /opt/airflow/dags/premier_dag.py took 0.133 seconds
[2025-10-17T08:35:35.702+0000] {processor.py:186} INFO - Started process (PID=1079) to work on /opt/airflow/dags/premier_dag.py
[2025-10-17T08:35:35.703+0000] {processor.py:914} INFO - Processing file /opt/airflow/dags/premier_dag.py for tasks to queue
[2025-10-17T08:35:35.707+0000] {logging_mixin.py:190} INFO - [2025-10-17T08:35:35.706+0000] {dagbag.py:588} INFO - Filling up the DagBag from /opt/airflow/dags/premier_dag.py
[2025-10-17T08:35:35.748+0000] {processor.py:925} INFO - DAG(s) 'premier_dag_test' retrieved from /opt/airflow/dags/premier_dag.py
[2025-10-17T08:35:35.780+0000] {logging_mixin.py:190} INFO - [2025-10-17T08:35:35.780+0000] {dag.py:3239} INFO - Sync 1 DAGs
[2025-10-17T08:35:35.816+0000] {logging_mixin.py:190} INFO - [2025-10-17T08:35:35.816+0000] {dag.py:4180} INFO - Setting next_dagrun for premier_dag_test to 2025-06-02 09:00:00+00:00, run_after=2025-06-02 10:00:00+00:00
[2025-10-17T08:35:35.880+0000] {processor.py:208} INFO - Processing /opt/airflow/dags/premier_dag.py took 0.184 seconds
[2025-10-17T08:36:05.990+0000] {processor.py:186} INFO - Started process (PID=1096) to work on /opt/airflow/dags/premier_dag.py
[2025-10-17T08:36:05.991+0000] {processor.py:914} INFO - Processing file /opt/airflow/dags/premier_dag.py for tasks to queue
[2025-10-17T08:36:05.993+0000] {logging_mixin.py:190} INFO - [2025-10-17T08:36:05.993+0000] {dagbag.py:588} INFO - Filling up the DagBag from /opt/airflow/dags/premier_dag.py
[2025-10-17T08:36:06.033+0000] {processor.py:925} INFO - DAG(s) 'premier_dag_test' retrieved from /opt/airflow/dags/premier_dag.py
[2025-10-17T08:36:06.064+0000] {logging_mixin.py:190} INFO - [2025-10-17T08:36:06.064+0000] {dag.py:3239} INFO - Sync 1 DAGs
[2025-10-17T08:36:06.095+0000] {logging_mixin.py:190} INFO - [2025-10-17T08:36:06.095+0000] {dag.py:4180} INFO - Setting next_dagrun for premier_dag_test to 2025-06-02 09:00:00+00:00, run_after=2025-06-02 10:00:00+00:00
[2025-10-17T08:36:06.156+0000] {processor.py:208} INFO - Processing /opt/airflow/dags/premier_dag.py took 0.173 seconds
[2025-10-17T08:36:36.645+0000] {processor.py:186} INFO - Started process (PID=1113) to work on /opt/airflow/dags/premier_dag.py
[2025-10-17T08:36:36.647+0000] {processor.py:914} INFO - Processing file /opt/airflow/dags/premier_dag.py for tasks to queue
[2025-10-17T08:36:36.651+0000] {logging_mixin.py:190} INFO - [2025-10-17T08:36:36.650+0000] {dagbag.py:588} INFO - Filling up the DagBag from /opt/airflow/dags/premier_dag.py
[2025-10-17T08:36:36.686+0000] {processor.py:925} INFO - DAG(s) 'premier_dag_test' retrieved from /opt/airflow/dags/premier_dag.py
[2025-10-17T08:36:36.718+0000] {logging_mixin.py:190} INFO - [2025-10-17T08:36:36.717+0000] {dag.py:3239} INFO - Sync 1 DAGs
[2025-10-17T08:36:36.757+0000] {logging_mixin.py:190} INFO - [2025-10-17T08:36:36.756+0000] {dag.py:4180} INFO - Setting next_dagrun for premier_dag_test to 2025-06-02 09:00:00+00:00, run_after=2025-06-02 10:00:00+00:00
[2025-10-17T08:36:36.787+0000] {processor.py:208} INFO - Processing /opt/airflow/dags/premier_dag.py took 0.148 seconds
[2025-10-17T08:37:06.892+0000] {processor.py:186} INFO - Started process (PID=1130) to work on /opt/airflow/dags/premier_dag.py
[2025-10-17T08:37:06.894+0000] {processor.py:914} INFO - Processing file /opt/airflow/dags/premier_dag.py for tasks to queue
[2025-10-17T08:37:06.897+0000] {logging_mixin.py:190} INFO - [2025-10-17T08:37:06.896+0000] {dagbag.py:588} INFO - Filling up the DagBag from /opt/airflow/dags/premier_dag.py
[2025-10-17T08:37:06.932+0000] {processor.py:925} INFO - DAG(s) 'premier_dag_test' retrieved from /opt/airflow/dags/premier_dag.py
[2025-10-17T08:37:06.961+0000] {logging_mixin.py:190} INFO - [2025-10-17T08:37:06.960+0000] {dag.py:3239} INFO - Sync 1 DAGs
[2025-10-17T08:37:06.993+0000] {logging_mixin.py:190} INFO - [2025-10-17T08:37:06.992+0000] {dag.py:4180} INFO - Setting next_dagrun for premier_dag_test to 2025-06-02 09:00:00+00:00, run_after=2025-06-02 10:00:00+00:00
[2025-10-17T08:37:07.056+0000] {processor.py:208} INFO - Processing /opt/airflow/dags/premier_dag.py took 0.169 seconds
[2025-10-17T08:37:37.564+0000] {processor.py:186} INFO - Started process (PID=1147) to work on /opt/airflow/dags/premier_dag.py
[2025-10-17T08:37:37.566+0000] {processor.py:914} INFO - Processing file /opt/airflow/dags/premier_dag.py for tasks to queue
[2025-10-17T08:37:37.569+0000] {logging_mixin.py:190} INFO - [2025-10-17T08:37:37.568+0000] {dagbag.py:588} INFO - Filling up the DagBag from /opt/airflow/dags/premier_dag.py
[2025-10-17T08:37:37.604+0000] {processor.py:925} INFO - DAG(s) 'premier_dag_test' retrieved from /opt/airflow/dags/premier_dag.py
[2025-10-17T08:37:37.639+0000] {logging_mixin.py:190} INFO - [2025-10-17T08:37:37.639+0000] {dag.py:3239} INFO - Sync 1 DAGs
[2025-10-17T08:37:37.670+0000] {logging_mixin.py:190} INFO - [2025-10-17T08:37:37.670+0000] {dag.py:4180} INFO - Setting next_dagrun for premier_dag_test to 2025-06-02 09:00:00+00:00, run_after=2025-06-02 10:00:00+00:00
[2025-10-17T08:37:37.731+0000] {processor.py:208} INFO - Processing /opt/airflow/dags/premier_dag.py took 0.173 seconds
[2025-10-17T08:38:08.241+0000] {processor.py:186} INFO - Started process (PID=1164) to work on /opt/airflow/dags/premier_dag.py
[2025-10-17T08:38:08.242+0000] {processor.py:914} INFO - Processing file /opt/airflow/dags/premier_dag.py for tasks to queue
[2025-10-17T08:38:08.245+0000] {logging_mixin.py:190} INFO - [2025-10-17T08:38:08.245+0000] {dagbag.py:588} INFO - Filling up the DagBag from /opt/airflow/dags/premier_dag.py
[2025-10-17T08:38:08.280+0000] {processor.py:925} INFO - DAG(s) 'premier_dag_test' retrieved from /opt/airflow/dags/premier_dag.py
[2025-10-17T08:38:08.309+0000] {logging_mixin.py:190} INFO - [2025-10-17T08:38:08.308+0000] {dag.py:3239} INFO - Sync 1 DAGs
[2025-10-17T08:38:08.335+0000] {logging_mixin.py:190} INFO - [2025-10-17T08:38:08.335+0000] {dag.py:4180} INFO - Setting next_dagrun for premier_dag_test to 2025-06-02 09:00:00+00:00, run_after=2025-06-02 10:00:00+00:00
[2025-10-17T08:38:08.392+0000] {processor.py:208} INFO - Processing /opt/airflow/dags/premier_dag.py took 0.157 seconds
[2025-10-17T08:38:38.780+0000] {processor.py:186} INFO - Started process (PID=1181) to work on /opt/airflow/dags/premier_dag.py
[2025-10-17T08:38:38.782+0000] {processor.py:914} INFO - Processing file /opt/airflow/dags/premier_dag.py for tasks to queue
[2025-10-17T08:38:38.784+0000] {logging_mixin.py:190} INFO - [2025-10-17T08:38:38.784+0000] {dagbag.py:588} INFO - Filling up the DagBag from /opt/airflow/dags/premier_dag.py
[2025-10-17T08:38:38.811+0000] {processor.py:925} INFO - DAG(s) 'premier_dag_test' retrieved from /opt/airflow/dags/premier_dag.py
[2025-10-17T08:38:38.842+0000] {logging_mixin.py:190} INFO - [2025-10-17T08:38:38.842+0000] {dag.py:3239} INFO - Sync 1 DAGs
[2025-10-17T08:38:38.874+0000] {logging_mixin.py:190} INFO - [2025-10-17T08:38:38.874+0000] {dag.py:4180} INFO - Setting next_dagrun for premier_dag_test to 2025-06-02 09:00:00+00:00, run_after=2025-06-02 10:00:00+00:00
[2025-10-17T08:38:38.900+0000] {processor.py:208} INFO - Processing /opt/airflow/dags/premier_dag.py took 0.126 seconds
[2025-10-17T08:39:09.389+0000] {processor.py:186} INFO - Started process (PID=1198) to work on /opt/airflow/dags/premier_dag.py
[2025-10-17T08:39:09.391+0000] {processor.py:914} INFO - Processing file /opt/airflow/dags/premier_dag.py for tasks to queue
[2025-10-17T08:39:09.394+0000] {logging_mixin.py:190} INFO - [2025-10-17T08:39:09.393+0000] {dagbag.py:588} INFO - Filling up the DagBag from /opt/airflow/dags/premier_dag.py
[2025-10-17T08:39:09.431+0000] {processor.py:925} INFO - DAG(s) 'premier_dag_test' retrieved from /opt/airflow/dags/premier_dag.py
[2025-10-17T08:39:09.459+0000] {logging_mixin.py:190} INFO - [2025-10-17T08:39:09.458+0000] {dag.py:3239} INFO - Sync 1 DAGs
[2025-10-17T08:39:09.484+0000] {logging_mixin.py:190} INFO - [2025-10-17T08:39:09.484+0000] {dag.py:4180} INFO - Setting next_dagrun for premier_dag_test to 2025-06-02 09:00:00+00:00, run_after=2025-06-02 10:00:00+00:00
[2025-10-17T08:39:09.544+0000] {processor.py:208} INFO - Processing /opt/airflow/dags/premier_dag.py took 0.159 seconds
[2025-10-17T08:39:39.840+0000] {processor.py:186} INFO - Started process (PID=1215) to work on /opt/airflow/dags/premier_dag.py
[2025-10-17T08:39:39.842+0000] {processor.py:914} INFO - Processing file /opt/airflow/dags/premier_dag.py for tasks to queue
[2025-10-17T08:39:39.846+0000] {logging_mixin.py:190} INFO - [2025-10-17T08:39:39.846+0000] {dagbag.py:588} INFO - Filling up the DagBag from /opt/airflow/dags/premier_dag.py
[2025-10-17T08:39:39.884+0000] {processor.py:925} INFO - DAG(s) 'premier_dag_test' retrieved from /opt/airflow/dags/premier_dag.py
[2025-10-17T08:39:39.913+0000] {logging_mixin.py:190} INFO - [2025-10-17T08:39:39.912+0000] {dag.py:3239} INFO - Sync 1 DAGs
[2025-10-17T08:39:39.937+0000] {logging_mixin.py:190} INFO - [2025-10-17T08:39:39.937+0000] {dag.py:4180} INFO - Setting next_dagrun for premier_dag_test to 2025-06-02 09:00:00+00:00, run_after=2025-06-02 10:00:00+00:00
[2025-10-17T08:39:39.999+0000] {processor.py:208} INFO - Processing /opt/airflow/dags/premier_dag.py took 0.166 seconds
[2025-10-17T08:40:10.097+0000] {processor.py:186} INFO - Started process (PID=1232) to work on /opt/airflow/dags/premier_dag.py
[2025-10-17T08:40:10.098+0000] {processor.py:914} INFO - Processing file /opt/airflow/dags/premier_dag.py for tasks to queue
[2025-10-17T08:40:10.102+0000] {logging_mixin.py:190} INFO - [2025-10-17T08:40:10.101+0000] {dagbag.py:588} INFO - Filling up the DagBag from /opt/airflow/dags/premier_dag.py
[2025-10-17T08:40:10.131+0000] {processor.py:925} INFO - DAG(s) 'premier_dag_test' retrieved from /opt/airflow/dags/premier_dag.py
[2025-10-17T08:40:10.157+0000] {logging_mixin.py:190} INFO - [2025-10-17T08:40:10.157+0000] {dag.py:3239} INFO - Sync 1 DAGs
[2025-10-17T08:40:10.185+0000] {logging_mixin.py:190} INFO - [2025-10-17T08:40:10.184+0000] {dag.py:4180} INFO - Setting next_dagrun for premier_dag_test to 2025-06-02 09:00:00+00:00, run_after=2025-06-02 10:00:00+00:00
[2025-10-17T08:40:10.207+0000] {processor.py:208} INFO - Processing /opt/airflow/dags/premier_dag.py took 0.115 seconds
[2025-10-17T08:40:40.759+0000] {processor.py:186} INFO - Started process (PID=1249) to work on /opt/airflow/dags/premier_dag.py
[2025-10-17T08:40:40.761+0000] {processor.py:914} INFO - Processing file /opt/airflow/dags/premier_dag.py for tasks to queue
[2025-10-17T08:40:40.765+0000] {logging_mixin.py:190} INFO - [2025-10-17T08:40:40.764+0000] {dagbag.py:588} INFO - Filling up the DagBag from /opt/airflow/dags/premier_dag.py
[2025-10-17T08:40:40.801+0000] {processor.py:925} INFO - DAG(s) 'premier_dag_test' retrieved from /opt/airflow/dags/premier_dag.py
[2025-10-17T08:40:40.840+0000] {logging_mixin.py:190} INFO - [2025-10-17T08:40:40.839+0000] {dag.py:3239} INFO - Sync 1 DAGs
[2025-10-17T08:40:40.873+0000] {logging_mixin.py:190} INFO - [2025-10-17T08:40:40.873+0000] {dag.py:4180} INFO - Setting next_dagrun for premier_dag_test to 2025-06-02 09:00:00+00:00, run_after=2025-06-02 10:00:00+00:00
[2025-10-17T08:40:40.907+0000] {processor.py:208} INFO - Processing /opt/airflow/dags/premier_dag.py took 0.153 seconds
[2025-10-17T08:41:11.369+0000] {processor.py:186} INFO - Started process (PID=1266) to work on /opt/airflow/dags/premier_dag.py
[2025-10-17T08:41:11.370+0000] {processor.py:914} INFO - Processing file /opt/airflow/dags/premier_dag.py for tasks to queue
[2025-10-17T08:41:11.373+0000] {logging_mixin.py:190} INFO - [2025-10-17T08:41:11.373+0000] {dagbag.py:588} INFO - Filling up the DagBag from /opt/airflow/dags/premier_dag.py
[2025-10-17T08:41:11.407+0000] {processor.py:925} INFO - DAG(s) 'premier_dag_test' retrieved from /opt/airflow/dags/premier_dag.py
[2025-10-17T08:41:11.437+0000] {logging_mixin.py:190} INFO - [2025-10-17T08:41:11.437+0000] {dag.py:3239} INFO - Sync 1 DAGs
[2025-10-17T08:41:11.464+0000] {logging_mixin.py:190} INFO - [2025-10-17T08:41:11.464+0000] {dag.py:4180} INFO - Setting next_dagrun for premier_dag_test to 2025-06-02 09:00:00+00:00, run_after=2025-06-02 10:00:00+00:00
[2025-10-17T08:41:11.524+0000] {processor.py:208} INFO - Processing /opt/airflow/dags/premier_dag.py took 0.161 seconds
[2025-10-17T08:41:42.006+0000] {processor.py:186} INFO - Started process (PID=1283) to work on /opt/airflow/dags/premier_dag.py
[2025-10-17T08:41:42.007+0000] {processor.py:914} INFO - Processing file /opt/airflow/dags/premier_dag.py for tasks to queue
[2025-10-17T08:41:42.010+0000] {logging_mixin.py:190} INFO - [2025-10-17T08:41:42.010+0000] {dagbag.py:588} INFO - Filling up the DagBag from /opt/airflow/dags/premier_dag.py
[2025-10-17T08:41:42.044+0000] {processor.py:925} INFO - DAG(s) 'premier_dag_test' retrieved from /opt/airflow/dags/premier_dag.py
[2025-10-17T08:41:42.071+0000] {logging_mixin.py:190} INFO - [2025-10-17T08:41:42.071+0000] {dag.py:3239} INFO - Sync 1 DAGs
[2025-10-17T08:41:42.098+0000] {logging_mixin.py:190} INFO - [2025-10-17T08:41:42.097+0000] {dag.py:4180} INFO - Setting next_dagrun for premier_dag_test to 2025-06-02 09:00:00+00:00, run_after=2025-06-02 10:00:00+00:00
[2025-10-17T08:41:42.152+0000] {processor.py:208} INFO - Processing /opt/airflow/dags/premier_dag.py took 0.152 seconds
[2025-10-17T08:42:12.233+0000] {processor.py:186} INFO - Started process (PID=1300) to work on /opt/airflow/dags/premier_dag.py
[2025-10-17T08:42:12.234+0000] {processor.py:914} INFO - Processing file /opt/airflow/dags/premier_dag.py for tasks to queue
[2025-10-17T08:42:12.236+0000] {logging_mixin.py:190} INFO - [2025-10-17T08:42:12.236+0000] {dagbag.py:588} INFO - Filling up the DagBag from /opt/airflow/dags/premier_dag.py
[2025-10-17T08:42:12.265+0000] {processor.py:925} INFO - DAG(s) 'premier_dag_test' retrieved from /opt/airflow/dags/premier_dag.py
[2025-10-17T08:42:12.293+0000] {logging_mixin.py:190} INFO - [2025-10-17T08:42:12.293+0000] {dag.py:3239} INFO - Sync 1 DAGs
[2025-10-17T08:42:12.320+0000] {logging_mixin.py:190} INFO - [2025-10-17T08:42:12.320+0000] {dag.py:4180} INFO - Setting next_dagrun for premier_dag_test to 2025-06-02 09:00:00+00:00, run_after=2025-06-02 10:00:00+00:00
[2025-10-17T08:42:12.372+0000] {processor.py:208} INFO - Processing /opt/airflow/dags/premier_dag.py took 0.145 seconds
[2025-10-17T08:42:42.844+0000] {processor.py:186} INFO - Started process (PID=1317) to work on /opt/airflow/dags/premier_dag.py
[2025-10-17T08:42:42.846+0000] {processor.py:914} INFO - Processing file /opt/airflow/dags/premier_dag.py for tasks to queue
[2025-10-17T08:42:42.848+0000] {logging_mixin.py:190} INFO - [2025-10-17T08:42:42.848+0000] {dagbag.py:588} INFO - Filling up the DagBag from /opt/airflow/dags/premier_dag.py
[2025-10-17T08:42:42.883+0000] {processor.py:925} INFO - DAG(s) 'premier_dag_test' retrieved from /opt/airflow/dags/premier_dag.py
[2025-10-17T08:42:42.921+0000] {logging_mixin.py:190} INFO - [2025-10-17T08:42:42.921+0000] {dag.py:3239} INFO - Sync 1 DAGs
[2025-10-17T08:42:42.954+0000] {logging_mixin.py:190} INFO - [2025-10-17T08:42:42.954+0000] {dag.py:4180} INFO - Setting next_dagrun for premier_dag_test to 2025-06-02 09:00:00+00:00, run_after=2025-06-02 10:00:00+00:00
[2025-10-17T08:42:43.022+0000] {processor.py:208} INFO - Processing /opt/airflow/dags/premier_dag.py took 0.183 seconds
[2025-10-17T08:43:13.185+0000] {processor.py:186} INFO - Started process (PID=1334) to work on /opt/airflow/dags/premier_dag.py
[2025-10-17T08:43:13.187+0000] {processor.py:914} INFO - Processing file /opt/airflow/dags/premier_dag.py for tasks to queue
[2025-10-17T08:43:13.190+0000] {logging_mixin.py:190} INFO - [2025-10-17T08:43:13.190+0000] {dagbag.py:588} INFO - Filling up the DagBag from /opt/airflow/dags/premier_dag.py
[2025-10-17T08:43:13.229+0000] {processor.py:925} INFO - DAG(s) 'premier_dag_test' retrieved from /opt/airflow/dags/premier_dag.py
[2025-10-17T08:43:13.261+0000] {logging_mixin.py:190} INFO - [2025-10-17T08:43:13.261+0000] {dag.py:3239} INFO - Sync 1 DAGs
[2025-10-17T08:43:13.289+0000] {logging_mixin.py:190} INFO - [2025-10-17T08:43:13.289+0000] {dag.py:4180} INFO - Setting next_dagrun for premier_dag_test to 2025-06-02 09:00:00+00:00, run_after=2025-06-02 10:00:00+00:00
[2025-10-17T08:43:13.324+0000] {processor.py:208} INFO - Processing /opt/airflow/dags/premier_dag.py took 0.145 seconds
[2025-10-17T08:43:43.813+0000] {processor.py:186} INFO - Started process (PID=1351) to work on /opt/airflow/dags/premier_dag.py
[2025-10-17T08:43:43.815+0000] {processor.py:914} INFO - Processing file /opt/airflow/dags/premier_dag.py for tasks to queue
[2025-10-17T08:43:43.817+0000] {logging_mixin.py:190} INFO - [2025-10-17T08:43:43.817+0000] {dagbag.py:588} INFO - Filling up the DagBag from /opt/airflow/dags/premier_dag.py
[2025-10-17T08:43:43.850+0000] {processor.py:925} INFO - DAG(s) 'premier_dag_test' retrieved from /opt/airflow/dags/premier_dag.py
[2025-10-17T08:43:43.879+0000] {logging_mixin.py:190} INFO - [2025-10-17T08:43:43.878+0000] {dag.py:3239} INFO - Sync 1 DAGs
[2025-10-17T08:43:43.910+0000] {logging_mixin.py:190} INFO - [2025-10-17T08:43:43.910+0000] {dag.py:4180} INFO - Setting next_dagrun for premier_dag_test to 2025-06-02 09:00:00+00:00, run_after=2025-06-02 10:00:00+00:00
[2025-10-17T08:43:43.977+0000] {processor.py:208} INFO - Processing /opt/airflow/dags/premier_dag.py took 0.169 seconds
[2025-10-17T08:44:14.455+0000] {processor.py:186} INFO - Started process (PID=1368) to work on /opt/airflow/dags/premier_dag.py
[2025-10-17T08:44:14.456+0000] {processor.py:914} INFO - Processing file /opt/airflow/dags/premier_dag.py for tasks to queue
[2025-10-17T08:44:14.459+0000] {logging_mixin.py:190} INFO - [2025-10-17T08:44:14.459+0000] {dagbag.py:588} INFO - Filling up the DagBag from /opt/airflow/dags/premier_dag.py
[2025-10-17T08:44:14.491+0000] {processor.py:925} INFO - DAG(s) 'premier_dag_test' retrieved from /opt/airflow/dags/premier_dag.py
[2025-10-17T08:44:14.519+0000] {logging_mixin.py:190} INFO - [2025-10-17T08:44:14.519+0000] {dag.py:3239} INFO - Sync 1 DAGs
[2025-10-17T08:44:14.548+0000] {logging_mixin.py:190} INFO - [2025-10-17T08:44:14.547+0000] {dag.py:4180} INFO - Setting next_dagrun for premier_dag_test to 2025-06-02 09:00:00+00:00, run_after=2025-06-02 10:00:00+00:00
[2025-10-17T08:44:14.571+0000] {processor.py:208} INFO - Processing /opt/airflow/dags/premier_dag.py took 0.122 seconds
[2025-10-17T08:44:44.640+0000] {processor.py:186} INFO - Started process (PID=1385) to work on /opt/airflow/dags/premier_dag.py
[2025-10-17T08:44:44.641+0000] {processor.py:914} INFO - Processing file /opt/airflow/dags/premier_dag.py for tasks to queue
[2025-10-17T08:44:44.644+0000] {logging_mixin.py:190} INFO - [2025-10-17T08:44:44.644+0000] {dagbag.py:588} INFO - Filling up the DagBag from /opt/airflow/dags/premier_dag.py
[2025-10-17T08:44:44.677+0000] {processor.py:925} INFO - DAG(s) 'premier_dag_test' retrieved from /opt/airflow/dags/premier_dag.py
[2025-10-17T08:44:44.704+0000] {logging_mixin.py:190} INFO - [2025-10-17T08:44:44.704+0000] {dag.py:3239} INFO - Sync 1 DAGs
[2025-10-17T08:44:44.730+0000] {logging_mixin.py:190} INFO - [2025-10-17T08:44:44.730+0000] {dag.py:4180} INFO - Setting next_dagrun for premier_dag_test to 2025-06-02 09:00:00+00:00, run_after=2025-06-02 10:00:00+00:00
[2025-10-17T08:44:44.792+0000] {processor.py:208} INFO - Processing /opt/airflow/dags/premier_dag.py took 0.157 seconds
[2025-10-17T08:45:15.194+0000] {processor.py:186} INFO - Started process (PID=1399) to work on /opt/airflow/dags/premier_dag.py
[2025-10-17T08:45:15.195+0000] {processor.py:914} INFO - Processing file /opt/airflow/dags/premier_dag.py for tasks to queue
[2025-10-17T08:45:15.200+0000] {logging_mixin.py:190} INFO - [2025-10-17T08:45:15.200+0000] {dagbag.py:588} INFO - Filling up the DagBag from /opt/airflow/dags/premier_dag.py
[2025-10-17T08:45:15.234+0000] {processor.py:925} INFO - DAG(s) 'premier_dag_test' retrieved from /opt/airflow/dags/premier_dag.py
[2025-10-17T08:45:15.265+0000] {logging_mixin.py:190} INFO - [2025-10-17T08:45:15.265+0000] {dag.py:3239} INFO - Sync 1 DAGs
[2025-10-17T08:45:15.291+0000] {logging_mixin.py:190} INFO - [2025-10-17T08:45:15.291+0000] {dag.py:4180} INFO - Setting next_dagrun for premier_dag_test to 2025-06-02 09:00:00+00:00, run_after=2025-06-02 10:00:00+00:00
[2025-10-17T08:45:15.315+0000] {processor.py:208} INFO - Processing /opt/airflow/dags/premier_dag.py took 0.128 seconds
[2025-10-17T08:45:45.400+0000] {processor.py:186} INFO - Started process (PID=1413) to work on /opt/airflow/dags/premier_dag.py
[2025-10-17T08:45:45.402+0000] {processor.py:914} INFO - Processing file /opt/airflow/dags/premier_dag.py for tasks to queue
[2025-10-17T08:45:45.407+0000] {logging_mixin.py:190} INFO - [2025-10-17T08:45:45.406+0000] {dagbag.py:588} INFO - Filling up the DagBag from /opt/airflow/dags/premier_dag.py
[2025-10-17T08:45:45.455+0000] {processor.py:925} INFO - DAG(s) 'premier_dag_test' retrieved from /opt/airflow/dags/premier_dag.py
[2025-10-17T08:45:45.498+0000] {logging_mixin.py:190} INFO - [2025-10-17T08:45:45.497+0000] {dag.py:3239} INFO - Sync 1 DAGs
[2025-10-17T08:45:45.535+0000] {logging_mixin.py:190} INFO - [2025-10-17T08:45:45.534+0000] {dag.py:4180} INFO - Setting next_dagrun for premier_dag_test to 2025-06-02 09:00:00+00:00, run_after=2025-06-02 10:00:00+00:00
[2025-10-17T08:45:45.562+0000] {processor.py:208} INFO - Processing /opt/airflow/dags/premier_dag.py took 0.171 seconds
[2025-10-17T08:46:16.053+0000] {processor.py:186} INFO - Started process (PID=1435) to work on /opt/airflow/dags/premier_dag.py
[2025-10-17T08:46:16.055+0000] {processor.py:914} INFO - Processing file /opt/airflow/dags/premier_dag.py for tasks to queue
[2025-10-17T08:46:16.057+0000] {logging_mixin.py:190} INFO - [2025-10-17T08:46:16.057+0000] {dagbag.py:588} INFO - Filling up the DagBag from /opt/airflow/dags/premier_dag.py
[2025-10-17T08:46:16.095+0000] {processor.py:925} INFO - DAG(s) 'premier_dag_test' retrieved from /opt/airflow/dags/premier_dag.py
[2025-10-17T08:46:16.127+0000] {logging_mixin.py:190} INFO - [2025-10-17T08:46:16.127+0000] {dag.py:3239} INFO - Sync 1 DAGs
[2025-10-17T08:46:16.154+0000] {logging_mixin.py:190} INFO - [2025-10-17T08:46:16.154+0000] {dag.py:4180} INFO - Setting next_dagrun for premier_dag_test to 2025-06-02 09:00:00+00:00, run_after=2025-06-02 10:00:00+00:00
[2025-10-17T08:46:16.177+0000] {processor.py:208} INFO - Processing /opt/airflow/dags/premier_dag.py took 0.131 seconds
[2025-10-17T08:46:46.688+0000] {processor.py:186} INFO - Started process (PID=1452) to work on /opt/airflow/dags/premier_dag.py
[2025-10-17T08:46:46.689+0000] {processor.py:914} INFO - Processing file /opt/airflow/dags/premier_dag.py for tasks to queue
[2025-10-17T08:46:46.692+0000] {logging_mixin.py:190} INFO - [2025-10-17T08:46:46.691+0000] {dagbag.py:588} INFO - Filling up the DagBag from /opt/airflow/dags/premier_dag.py
[2025-10-17T08:46:46.726+0000] {processor.py:925} INFO - DAG(s) 'premier_dag_test' retrieved from /opt/airflow/dags/premier_dag.py
[2025-10-17T08:46:46.759+0000] {logging_mixin.py:190} INFO - [2025-10-17T08:46:46.758+0000] {dag.py:3239} INFO - Sync 1 DAGs
[2025-10-17T08:46:46.784+0000] {logging_mixin.py:190} INFO - [2025-10-17T08:46:46.784+0000] {dag.py:4180} INFO - Setting next_dagrun for premier_dag_test to 2025-06-02 09:00:00+00:00, run_after=2025-06-02 10:00:00+00:00
[2025-10-17T08:46:46.849+0000] {processor.py:208} INFO - Processing /opt/airflow/dags/premier_dag.py took 0.167 seconds
[2025-10-17T08:47:17.058+0000] {processor.py:186} INFO - Started process (PID=1469) to work on /opt/airflow/dags/premier_dag.py
[2025-10-17T08:47:17.060+0000] {processor.py:914} INFO - Processing file /opt/airflow/dags/premier_dag.py for tasks to queue
[2025-10-17T08:47:17.064+0000] {logging_mixin.py:190} INFO - [2025-10-17T08:47:17.064+0000] {dagbag.py:588} INFO - Filling up the DagBag from /opt/airflow/dags/premier_dag.py
[2025-10-17T08:47:17.099+0000] {processor.py:925} INFO - DAG(s) 'premier_dag_test' retrieved from /opt/airflow/dags/premier_dag.py
[2025-10-17T08:47:17.132+0000] {logging_mixin.py:190} INFO - [2025-10-17T08:47:17.132+0000] {dag.py:3239} INFO - Sync 1 DAGs
[2025-10-17T08:47:17.157+0000] {logging_mixin.py:190} INFO - [2025-10-17T08:47:17.157+0000] {dag.py:4180} INFO - Setting next_dagrun for premier_dag_test to 2025-06-02 09:00:00+00:00, run_after=2025-06-02 10:00:00+00:00
[2025-10-17T08:47:17.354+0000] {processor.py:208} INFO - Processing /opt/airflow/dags/premier_dag.py took 0.301 seconds
[2025-10-17T08:47:47.867+0000] {processor.py:186} INFO - Started process (PID=1486) to work on /opt/airflow/dags/premier_dag.py
[2025-10-17T08:47:47.870+0000] {processor.py:914} INFO - Processing file /opt/airflow/dags/premier_dag.py for tasks to queue
[2025-10-17T08:47:47.874+0000] {logging_mixin.py:190} INFO - [2025-10-17T08:47:47.873+0000] {dagbag.py:588} INFO - Filling up the DagBag from /opt/airflow/dags/premier_dag.py
[2025-10-17T08:47:47.912+0000] {processor.py:925} INFO - DAG(s) 'premier_dag_test' retrieved from /opt/airflow/dags/premier_dag.py
[2025-10-17T08:47:47.952+0000] {logging_mixin.py:190} INFO - [2025-10-17T08:47:47.951+0000] {dag.py:3239} INFO - Sync 1 DAGs
[2025-10-17T08:47:47.982+0000] {logging_mixin.py:190} INFO - [2025-10-17T08:47:47.982+0000] {dag.py:4180} INFO - Setting next_dagrun for premier_dag_test to 2025-06-02 09:00:00+00:00, run_after=2025-06-02 10:00:00+00:00
[2025-10-17T08:47:48.045+0000] {processor.py:208} INFO - Processing /opt/airflow/dags/premier_dag.py took 0.189 seconds
[2025-10-17T08:48:18.144+0000] {processor.py:186} INFO - Started process (PID=1503) to work on /opt/airflow/dags/premier_dag.py
[2025-10-17T08:48:18.145+0000] {processor.py:914} INFO - Processing file /opt/airflow/dags/premier_dag.py for tasks to queue
[2025-10-17T08:48:18.148+0000] {logging_mixin.py:190} INFO - [2025-10-17T08:48:18.148+0000] {dagbag.py:588} INFO - Filling up the DagBag from /opt/airflow/dags/premier_dag.py
[2025-10-17T08:48:18.182+0000] {processor.py:925} INFO - DAG(s) 'premier_dag_test' retrieved from /opt/airflow/dags/premier_dag.py
[2025-10-17T08:48:18.210+0000] {logging_mixin.py:190} INFO - [2025-10-17T08:48:18.209+0000] {dag.py:3239} INFO - Sync 1 DAGs
[2025-10-17T08:48:18.234+0000] {logging_mixin.py:190} INFO - [2025-10-17T08:48:18.234+0000] {dag.py:4180} INFO - Setting next_dagrun for premier_dag_test to 2025-06-02 09:00:00+00:00, run_after=2025-06-02 10:00:00+00:00
[2025-10-17T08:48:18.257+0000] {processor.py:208} INFO - Processing /opt/airflow/dags/premier_dag.py took 0.120 seconds
[2025-10-17T08:48:48.714+0000] {processor.py:186} INFO - Started process (PID=1520) to work on /opt/airflow/dags/premier_dag.py
[2025-10-17T08:48:48.716+0000] {processor.py:914} INFO - Processing file /opt/airflow/dags/premier_dag.py for tasks to queue
[2025-10-17T08:48:48.719+0000] {logging_mixin.py:190} INFO - [2025-10-17T08:48:48.719+0000] {dagbag.py:588} INFO - Filling up the DagBag from /opt/airflow/dags/premier_dag.py
[2025-10-17T08:48:48.754+0000] {processor.py:925} INFO - DAG(s) 'premier_dag_test' retrieved from /opt/airflow/dags/premier_dag.py
[2025-10-17T08:48:48.780+0000] {logging_mixin.py:190} INFO - [2025-10-17T08:48:48.779+0000] {dag.py:3239} INFO - Sync 1 DAGs
[2025-10-17T08:48:48.805+0000] {logging_mixin.py:190} INFO - [2025-10-17T08:48:48.805+0000] {dag.py:4180} INFO - Setting next_dagrun for premier_dag_test to 2025-06-02 09:00:00+00:00, run_after=2025-06-02 10:00:00+00:00
[2025-10-17T08:48:48.865+0000] {processor.py:208} INFO - Processing /opt/airflow/dags/premier_dag.py took 0.156 seconds
[2025-10-17T08:49:18.944+0000] {processor.py:186} INFO - Started process (PID=1537) to work on /opt/airflow/dags/premier_dag.py
[2025-10-17T08:49:18.946+0000] {processor.py:914} INFO - Processing file /opt/airflow/dags/premier_dag.py for tasks to queue
[2025-10-17T08:49:18.949+0000] {logging_mixin.py:190} INFO - [2025-10-17T08:49:18.949+0000] {dagbag.py:588} INFO - Filling up the DagBag from /opt/airflow/dags/premier_dag.py
[2025-10-17T08:49:18.990+0000] {processor.py:925} INFO - DAG(s) 'premier_dag_test' retrieved from /opt/airflow/dags/premier_dag.py
[2025-10-17T08:49:19.028+0000] {logging_mixin.py:190} INFO - [2025-10-17T08:49:19.028+0000] {dag.py:3239} INFO - Sync 1 DAGs
[2025-10-17T08:49:19.054+0000] {logging_mixin.py:190} INFO - [2025-10-17T08:49:19.054+0000] {dag.py:4180} INFO - Setting next_dagrun for premier_dag_test to 2025-06-02 09:00:00+00:00, run_after=2025-06-02 10:00:00+00:00
[2025-10-17T08:49:19.081+0000] {processor.py:208} INFO - Processing /opt/airflow/dags/premier_dag.py took 0.144 seconds
[2025-10-17T08:49:49.567+0000] {processor.py:186} INFO - Started process (PID=1554) to work on /opt/airflow/dags/premier_dag.py
[2025-10-17T08:49:49.568+0000] {processor.py:914} INFO - Processing file /opt/airflow/dags/premier_dag.py for tasks to queue
[2025-10-17T08:49:49.573+0000] {logging_mixin.py:190} INFO - [2025-10-17T08:49:49.572+0000] {dagbag.py:588} INFO - Filling up the DagBag from /opt/airflow/dags/premier_dag.py
[2025-10-17T08:49:49.606+0000] {processor.py:925} INFO - DAG(s) 'premier_dag_test' retrieved from /opt/airflow/dags/premier_dag.py
[2025-10-17T08:49:49.637+0000] {logging_mixin.py:190} INFO - [2025-10-17T08:49:49.637+0000] {dag.py:3239} INFO - Sync 1 DAGs
[2025-10-17T08:49:49.661+0000] {logging_mixin.py:190} INFO - [2025-10-17T08:49:49.661+0000] {dag.py:4180} INFO - Setting next_dagrun for premier_dag_test to 2025-06-02 09:00:00+00:00, run_after=2025-06-02 10:00:00+00:00
[2025-10-17T08:49:49.721+0000] {processor.py:208} INFO - Processing /opt/airflow/dags/premier_dag.py took 0.160 seconds
[2025-10-17T08:50:19.885+0000] {processor.py:186} INFO - Started process (PID=1571) to work on /opt/airflow/dags/premier_dag.py
[2025-10-17T08:50:19.887+0000] {processor.py:914} INFO - Processing file /opt/airflow/dags/premier_dag.py for tasks to queue
[2025-10-17T08:50:19.891+0000] {logging_mixin.py:190} INFO - [2025-10-17T08:50:19.890+0000] {dagbag.py:588} INFO - Filling up the DagBag from /opt/airflow/dags/premier_dag.py
[2025-10-17T08:50:19.934+0000] {processor.py:925} INFO - DAG(s) 'premier_dag_test' retrieved from /opt/airflow/dags/premier_dag.py
[2025-10-17T08:50:19.969+0000] {logging_mixin.py:190} INFO - [2025-10-17T08:50:19.969+0000] {dag.py:3239} INFO - Sync 1 DAGs
[2025-10-17T08:50:19.998+0000] {logging_mixin.py:190} INFO - [2025-10-17T08:50:19.998+0000] {dag.py:4180} INFO - Setting next_dagrun for premier_dag_test to 2025-06-02 09:00:00+00:00, run_after=2025-06-02 10:00:00+00:00
[2025-10-17T08:50:20.021+0000] {processor.py:208} INFO - Processing /opt/airflow/dags/premier_dag.py took 0.143 seconds
[2025-10-17T08:50:50.531+0000] {processor.py:186} INFO - Started process (PID=1588) to work on /opt/airflow/dags/premier_dag.py
[2025-10-17T08:50:50.532+0000] {processor.py:914} INFO - Processing file /opt/airflow/dags/premier_dag.py for tasks to queue
[2025-10-17T08:50:50.535+0000] {logging_mixin.py:190} INFO - [2025-10-17T08:50:50.535+0000] {dagbag.py:588} INFO - Filling up the DagBag from /opt/airflow/dags/premier_dag.py
[2025-10-17T08:50:50.567+0000] {processor.py:925} INFO - DAG(s) 'premier_dag_test' retrieved from /opt/airflow/dags/premier_dag.py
[2025-10-17T08:50:50.596+0000] {logging_mixin.py:190} INFO - [2025-10-17T08:50:50.595+0000] {dag.py:3239} INFO - Sync 1 DAGs
[2025-10-17T08:50:50.620+0000] {logging_mixin.py:190} INFO - [2025-10-17T08:50:50.619+0000] {dag.py:4180} INFO - Setting next_dagrun for premier_dag_test to 2025-06-02 09:00:00+00:00, run_after=2025-06-02 10:00:00+00:00
[2025-10-17T08:50:50.682+0000] {processor.py:208} INFO - Processing /opt/airflow/dags/premier_dag.py took 0.157 seconds
[2025-10-17T08:51:21.177+0000] {processor.py:186} INFO - Started process (PID=1605) to work on /opt/airflow/dags/premier_dag.py
[2025-10-17T08:51:21.179+0000] {processor.py:914} INFO - Processing file /opt/airflow/dags/premier_dag.py for tasks to queue
[2025-10-17T08:51:21.185+0000] {logging_mixin.py:190} INFO - [2025-10-17T08:51:21.184+0000] {dagbag.py:588} INFO - Filling up the DagBag from /opt/airflow/dags/premier_dag.py
[2025-10-17T08:51:21.223+0000] {processor.py:925} INFO - DAG(s) 'premier_dag_test' retrieved from /opt/airflow/dags/premier_dag.py
[2025-10-17T08:51:21.269+0000] {logging_mixin.py:190} INFO - [2025-10-17T08:51:21.268+0000] {dag.py:3239} INFO - Sync 1 DAGs
[2025-10-17T08:51:21.312+0000] {logging_mixin.py:190} INFO - [2025-10-17T08:51:21.312+0000] {dag.py:4180} INFO - Setting next_dagrun for premier_dag_test to 2025-06-02 09:00:00+00:00, run_after=2025-06-02 10:00:00+00:00
[2025-10-17T08:51:21.376+0000] {processor.py:208} INFO - Processing /opt/airflow/dags/premier_dag.py took 0.209 seconds
[2025-10-17T08:51:51.542+0000] {processor.py:186} INFO - Started process (PID=1622) to work on /opt/airflow/dags/premier_dag.py
[2025-10-17T08:51:51.543+0000] {processor.py:914} INFO - Processing file /opt/airflow/dags/premier_dag.py for tasks to queue
[2025-10-17T08:51:51.546+0000] {logging_mixin.py:190} INFO - [2025-10-17T08:51:51.545+0000] {dagbag.py:588} INFO - Filling up the DagBag from /opt/airflow/dags/premier_dag.py
[2025-10-17T08:51:51.586+0000] {processor.py:925} INFO - DAG(s) 'premier_dag_test' retrieved from /opt/airflow/dags/premier_dag.py
[2025-10-17T08:51:51.627+0000] {logging_mixin.py:190} INFO - [2025-10-17T08:51:51.626+0000] {dag.py:3239} INFO - Sync 1 DAGs
[2025-10-17T08:51:51.659+0000] {logging_mixin.py:190} INFO - [2025-10-17T08:51:51.659+0000] {dag.py:4180} INFO - Setting next_dagrun for premier_dag_test to 2025-06-02 09:00:00+00:00, run_after=2025-06-02 10:00:00+00:00
[2025-10-17T08:51:51.724+0000] {processor.py:208} INFO - Processing /opt/airflow/dags/premier_dag.py took 0.189 seconds
[2025-10-17T08:52:22.224+0000] {processor.py:186} INFO - Started process (PID=1639) to work on /opt/airflow/dags/premier_dag.py
[2025-10-17T08:52:22.226+0000] {processor.py:914} INFO - Processing file /opt/airflow/dags/premier_dag.py for tasks to queue
[2025-10-17T08:52:22.229+0000] {logging_mixin.py:190} INFO - [2025-10-17T08:52:22.228+0000] {dagbag.py:588} INFO - Filling up the DagBag from /opt/airflow/dags/premier_dag.py
[2025-10-17T08:52:22.264+0000] {processor.py:925} INFO - DAG(s) 'premier_dag_test' retrieved from /opt/airflow/dags/premier_dag.py
[2025-10-17T08:52:22.291+0000] {logging_mixin.py:190} INFO - [2025-10-17T08:52:22.291+0000] {dag.py:3239} INFO - Sync 1 DAGs
[2025-10-17T08:52:22.317+0000] {logging_mixin.py:190} INFO - [2025-10-17T08:52:22.316+0000] {dag.py:4180} INFO - Setting next_dagrun for premier_dag_test to 2025-06-02 09:00:00+00:00, run_after=2025-06-02 10:00:00+00:00
[2025-10-17T08:52:22.379+0000] {processor.py:208} INFO - Processing /opt/airflow/dags/premier_dag.py took 0.160 seconds
[2025-10-17T08:52:52.589+0000] {processor.py:186} INFO - Started process (PID=1656) to work on /opt/airflow/dags/premier_dag.py
[2025-10-17T08:52:52.592+0000] {processor.py:914} INFO - Processing file /opt/airflow/dags/premier_dag.py for tasks to queue
[2025-10-17T08:52:52.595+0000] {logging_mixin.py:190} INFO - [2025-10-17T08:52:52.595+0000] {dagbag.py:588} INFO - Filling up the DagBag from /opt/airflow/dags/premier_dag.py
[2025-10-17T08:52:52.637+0000] {processor.py:925} INFO - DAG(s) 'premier_dag_test' retrieved from /opt/airflow/dags/premier_dag.py
[2025-10-17T08:52:52.669+0000] {logging_mixin.py:190} INFO - [2025-10-17T08:52:52.669+0000] {dag.py:3239} INFO - Sync 1 DAGs
[2025-10-17T08:52:52.698+0000] {logging_mixin.py:190} INFO - [2025-10-17T08:52:52.698+0000] {dag.py:4180} INFO - Setting next_dagrun for premier_dag_test to 2025-06-02 09:00:00+00:00, run_after=2025-06-02 10:00:00+00:00
[2025-10-17T08:52:52.758+0000] {processor.py:208} INFO - Processing /opt/airflow/dags/premier_dag.py took 0.174 seconds
[2025-10-17T08:53:23.248+0000] {processor.py:186} INFO - Started process (PID=1673) to work on /opt/airflow/dags/premier_dag.py
[2025-10-17T08:53:23.249+0000] {processor.py:914} INFO - Processing file /opt/airflow/dags/premier_dag.py for tasks to queue
[2025-10-17T08:53:23.252+0000] {logging_mixin.py:190} INFO - [2025-10-17T08:53:23.252+0000] {dagbag.py:588} INFO - Filling up the DagBag from /opt/airflow/dags/premier_dag.py
[2025-10-17T08:53:23.286+0000] {processor.py:925} INFO - DAG(s) 'premier_dag_test' retrieved from /opt/airflow/dags/premier_dag.py
[2025-10-17T08:53:23.312+0000] {logging_mixin.py:190} INFO - [2025-10-17T08:53:23.312+0000] {dag.py:3239} INFO - Sync 1 DAGs
[2025-10-17T08:53:23.335+0000] {logging_mixin.py:190} INFO - [2025-10-17T08:53:23.335+0000] {dag.py:4180} INFO - Setting next_dagrun for premier_dag_test to 2025-06-02 09:00:00+00:00, run_after=2025-06-02 10:00:00+00:00
[2025-10-17T08:53:23.518+0000] {processor.py:208} INFO - Processing /opt/airflow/dags/premier_dag.py took 0.275 seconds
[2025-10-17T08:53:54.031+0000] {processor.py:186} INFO - Started process (PID=1690) to work on /opt/airflow/dags/premier_dag.py
[2025-10-17T08:53:54.033+0000] {processor.py:914} INFO - Processing file /opt/airflow/dags/premier_dag.py for tasks to queue
[2025-10-17T08:53:54.035+0000] {logging_mixin.py:190} INFO - [2025-10-17T08:53:54.035+0000] {dagbag.py:588} INFO - Filling up the DagBag from /opt/airflow/dags/premier_dag.py
[2025-10-17T08:53:54.072+0000] {processor.py:925} INFO - DAG(s) 'premier_dag_test' retrieved from /opt/airflow/dags/premier_dag.py
[2025-10-17T08:53:54.110+0000] {logging_mixin.py:190} INFO - [2025-10-17T08:53:54.110+0000] {dag.py:3239} INFO - Sync 1 DAGs
[2025-10-17T08:53:54.135+0000] {logging_mixin.py:190} INFO - [2025-10-17T08:53:54.135+0000] {dag.py:4180} INFO - Setting next_dagrun for premier_dag_test to 2025-06-02 09:00:00+00:00, run_after=2025-06-02 10:00:00+00:00
[2025-10-17T08:53:54.157+0000] {processor.py:208} INFO - Processing /opt/airflow/dags/premier_dag.py took 0.134 seconds
[2025-10-17T08:54:24.676+0000] {processor.py:186} INFO - Started process (PID=1707) to work on /opt/airflow/dags/premier_dag.py
[2025-10-17T08:54:24.678+0000] {processor.py:914} INFO - Processing file /opt/airflow/dags/premier_dag.py for tasks to queue
[2025-10-17T08:54:24.680+0000] {logging_mixin.py:190} INFO - [2025-10-17T08:54:24.680+0000] {dagbag.py:588} INFO - Filling up the DagBag from /opt/airflow/dags/premier_dag.py
[2025-10-17T08:54:24.714+0000] {processor.py:925} INFO - DAG(s) 'premier_dag_test' retrieved from /opt/airflow/dags/premier_dag.py
[2025-10-17T08:54:24.742+0000] {logging_mixin.py:190} INFO - [2025-10-17T08:54:24.742+0000] {dag.py:3239} INFO - Sync 1 DAGs
[2025-10-17T08:54:24.769+0000] {logging_mixin.py:190} INFO - [2025-10-17T08:54:24.768+0000] {dag.py:4180} INFO - Setting next_dagrun for premier_dag_test to 2025-06-02 09:00:00+00:00, run_after=2025-06-02 10:00:00+00:00
[2025-10-17T08:54:24.830+0000] {processor.py:208} INFO - Processing /opt/airflow/dags/premier_dag.py took 0.160 seconds
[2025-10-17T08:54:54.932+0000] {processor.py:186} INFO - Started process (PID=1724) to work on /opt/airflow/dags/premier_dag.py
[2025-10-17T08:54:54.934+0000] {processor.py:914} INFO - Processing file /opt/airflow/dags/premier_dag.py for tasks to queue
[2025-10-17T08:54:54.937+0000] {logging_mixin.py:190} INFO - [2025-10-17T08:54:54.937+0000] {dagbag.py:588} INFO - Filling up the DagBag from /opt/airflow/dags/premier_dag.py
[2025-10-17T08:54:54.973+0000] {processor.py:925} INFO - DAG(s) 'premier_dag_test' retrieved from /opt/airflow/dags/premier_dag.py
[2025-10-17T08:54:55.009+0000] {logging_mixin.py:190} INFO - [2025-10-17T08:54:55.009+0000] {dag.py:3239} INFO - Sync 1 DAGs
[2025-10-17T08:54:55.058+0000] {logging_mixin.py:190} INFO - [2025-10-17T08:54:55.058+0000] {dag.py:4180} INFO - Setting next_dagrun for premier_dag_test to 2025-06-02 09:00:00+00:00, run_after=2025-06-02 10:00:00+00:00
[2025-10-17T08:54:55.085+0000] {processor.py:208} INFO - Processing /opt/airflow/dags/premier_dag.py took 0.161 seconds
[2025-10-17T08:55:25.687+0000] {processor.py:186} INFO - Started process (PID=1741) to work on /opt/airflow/dags/premier_dag.py
[2025-10-17T08:55:25.689+0000] {processor.py:914} INFO - Processing file /opt/airflow/dags/premier_dag.py for tasks to queue
[2025-10-17T08:55:25.693+0000] {logging_mixin.py:190} INFO - [2025-10-17T08:55:25.693+0000] {dagbag.py:588} INFO - Filling up the DagBag from /opt/airflow/dags/premier_dag.py
[2025-10-17T08:55:25.724+0000] {processor.py:925} INFO - DAG(s) 'premier_dag_test' retrieved from /opt/airflow/dags/premier_dag.py
[2025-10-17T08:55:25.754+0000] {logging_mixin.py:190} INFO - [2025-10-17T08:55:25.754+0000] {dag.py:3239} INFO - Sync 1 DAGs
[2025-10-17T08:55:25.786+0000] {logging_mixin.py:190} INFO - [2025-10-17T08:55:25.786+0000] {dag.py:4180} INFO - Setting next_dagrun for premier_dag_test to 2025-06-02 09:00:00+00:00, run_after=2025-06-02 10:00:00+00:00
[2025-10-17T08:55:25.849+0000] {processor.py:208} INFO - Processing /opt/airflow/dags/premier_dag.py took 0.170 seconds
[2025-10-17T08:55:56.333+0000] {processor.py:186} INFO - Started process (PID=1757) to work on /opt/airflow/dags/premier_dag.py
[2025-10-17T08:55:56.335+0000] {processor.py:914} INFO - Processing file /opt/airflow/dags/premier_dag.py for tasks to queue
[2025-10-17T08:55:56.337+0000] {logging_mixin.py:190} INFO - [2025-10-17T08:55:56.337+0000] {dagbag.py:588} INFO - Filling up the DagBag from /opt/airflow/dags/premier_dag.py
[2025-10-17T08:55:56.373+0000] {processor.py:925} INFO - DAG(s) 'premier_dag_test' retrieved from /opt/airflow/dags/premier_dag.py
[2025-10-17T08:55:56.400+0000] {logging_mixin.py:190} INFO - [2025-10-17T08:55:56.400+0000] {dag.py:3239} INFO - Sync 1 DAGs
[2025-10-17T08:55:56.426+0000] {logging_mixin.py:190} INFO - [2025-10-17T08:55:56.426+0000] {dag.py:4180} INFO - Setting next_dagrun for premier_dag_test to 2025-06-02 09:00:00+00:00, run_after=2025-06-02 10:00:00+00:00
[2025-10-17T08:55:56.480+0000] {processor.py:208} INFO - Processing /opt/airflow/dags/premier_dag.py took 0.156 seconds
[2025-10-17T08:56:26.601+0000] {processor.py:186} INFO - Started process (PID=1775) to work on /opt/airflow/dags/premier_dag.py
[2025-10-17T08:56:26.603+0000] {processor.py:914} INFO - Processing file /opt/airflow/dags/premier_dag.py for tasks to queue
[2025-10-17T08:56:26.605+0000] {logging_mixin.py:190} INFO - [2025-10-17T08:56:26.605+0000] {dagbag.py:588} INFO - Filling up the DagBag from /opt/airflow/dags/premier_dag.py
[2025-10-17T08:56:26.644+0000] {processor.py:925} INFO - DAG(s) 'premier_dag_test' retrieved from /opt/airflow/dags/premier_dag.py
[2025-10-17T08:56:26.674+0000] {logging_mixin.py:190} INFO - [2025-10-17T08:56:26.674+0000] {dag.py:3239} INFO - Sync 1 DAGs
[2025-10-17T08:56:26.829+0000] {logging_mixin.py:190} INFO - [2025-10-17T08:56:26.829+0000] {dag.py:4180} INFO - Setting next_dagrun for premier_dag_test to 2025-06-02 09:00:00+00:00, run_after=2025-06-02 10:00:00+00:00
[2025-10-17T08:56:26.851+0000] {processor.py:208} INFO - Processing /opt/airflow/dags/premier_dag.py took 0.255 seconds
[2025-10-17T08:56:57.363+0000] {processor.py:186} INFO - Started process (PID=1791) to work on /opt/airflow/dags/premier_dag.py
[2025-10-17T08:56:57.364+0000] {processor.py:914} INFO - Processing file /opt/airflow/dags/premier_dag.py for tasks to queue
[2025-10-17T08:56:57.367+0000] {logging_mixin.py:190} INFO - [2025-10-17T08:56:57.367+0000] {dagbag.py:588} INFO - Filling up the DagBag from /opt/airflow/dags/premier_dag.py
[2025-10-17T08:56:57.407+0000] {processor.py:925} INFO - DAG(s) 'premier_dag_test' retrieved from /opt/airflow/dags/premier_dag.py
[2025-10-17T08:56:57.438+0000] {logging_mixin.py:190} INFO - [2025-10-17T08:56:57.437+0000] {dag.py:3239} INFO - Sync 1 DAGs
[2025-10-17T08:56:57.464+0000] {logging_mixin.py:190} INFO - [2025-10-17T08:56:57.464+0000] {dag.py:4180} INFO - Setting next_dagrun for premier_dag_test to 2025-06-02 09:00:00+00:00, run_after=2025-06-02 10:00:00+00:00
[2025-10-17T08:56:57.529+0000] {processor.py:208} INFO - Processing /opt/airflow/dags/premier_dag.py took 0.174 seconds
[2025-10-17T08:57:27.642+0000] {processor.py:186} INFO - Started process (PID=1807) to work on /opt/airflow/dags/premier_dag.py
[2025-10-17T08:57:27.644+0000] {processor.py:914} INFO - Processing file /opt/airflow/dags/premier_dag.py for tasks to queue
[2025-10-17T08:57:27.646+0000] {logging_mixin.py:190} INFO - [2025-10-17T08:57:27.646+0000] {dagbag.py:588} INFO - Filling up the DagBag from /opt/airflow/dags/premier_dag.py
[2025-10-17T08:57:27.682+0000] {processor.py:925} INFO - DAG(s) 'premier_dag_test' retrieved from /opt/airflow/dags/premier_dag.py
[2025-10-17T08:57:27.712+0000] {logging_mixin.py:190} INFO - [2025-10-17T08:57:27.712+0000] {dag.py:3239} INFO - Sync 1 DAGs
[2025-10-17T08:57:27.737+0000] {logging_mixin.py:190} INFO - [2025-10-17T08:57:27.737+0000] {dag.py:4180} INFO - Setting next_dagrun for premier_dag_test to 2025-06-02 09:00:00+00:00, run_after=2025-06-02 10:00:00+00:00
[2025-10-17T08:57:27.794+0000] {processor.py:208} INFO - Processing /opt/airflow/dags/premier_dag.py took 0.158 seconds
[2025-10-17T08:57:58.268+0000] {processor.py:186} INFO - Started process (PID=1824) to work on /opt/airflow/dags/premier_dag.py
[2025-10-17T08:57:58.269+0000] {processor.py:914} INFO - Processing file /opt/airflow/dags/premier_dag.py for tasks to queue
[2025-10-17T08:57:58.272+0000] {logging_mixin.py:190} INFO - [2025-10-17T08:57:58.272+0000] {dagbag.py:588} INFO - Filling up the DagBag from /opt/airflow/dags/premier_dag.py
[2025-10-17T08:57:58.314+0000] {processor.py:925} INFO - DAG(s) 'premier_dag_test' retrieved from /opt/airflow/dags/premier_dag.py
[2025-10-17T08:57:58.357+0000] {logging_mixin.py:190} INFO - [2025-10-17T08:57:58.357+0000] {dag.py:3239} INFO - Sync 1 DAGs
[2025-10-17T08:57:58.406+0000] {logging_mixin.py:190} INFO - [2025-10-17T08:57:58.406+0000] {dag.py:4180} INFO - Setting next_dagrun for premier_dag_test to 2025-06-02 09:00:00+00:00, run_after=2025-06-02 10:00:00+00:00
[2025-10-17T08:57:58.467+0000] {processor.py:208} INFO - Processing /opt/airflow/dags/premier_dag.py took 0.205 seconds
[2025-10-17T08:58:28.746+0000] {processor.py:186} INFO - Started process (PID=1841) to work on /opt/airflow/dags/premier_dag.py
[2025-10-17T08:58:28.747+0000] {processor.py:914} INFO - Processing file /opt/airflow/dags/premier_dag.py for tasks to queue
[2025-10-17T08:58:28.750+0000] {logging_mixin.py:190} INFO - [2025-10-17T08:58:28.750+0000] {dagbag.py:588} INFO - Filling up the DagBag from /opt/airflow/dags/premier_dag.py
[2025-10-17T08:58:28.785+0000] {processor.py:925} INFO - DAG(s) 'premier_dag_test' retrieved from /opt/airflow/dags/premier_dag.py
[2025-10-17T08:58:28.829+0000] {logging_mixin.py:190} INFO - [2025-10-17T08:58:28.828+0000] {dag.py:3239} INFO - Sync 1 DAGs
[2025-10-17T08:58:28.862+0000] {logging_mixin.py:190} INFO - [2025-10-17T08:58:28.861+0000] {dag.py:4180} INFO - Setting next_dagrun for premier_dag_test to 2025-06-02 09:00:00+00:00, run_after=2025-06-02 10:00:00+00:00
[2025-10-17T08:58:28.894+0000] {processor.py:208} INFO - Processing /opt/airflow/dags/premier_dag.py took 0.156 seconds
[2025-10-17T08:58:59.125+0000] {processor.py:186} INFO - Started process (PID=1858) to work on /opt/airflow/dags/premier_dag.py
[2025-10-17T08:58:59.128+0000] {processor.py:914} INFO - Processing file /opt/airflow/dags/premier_dag.py for tasks to queue
[2025-10-17T08:58:59.132+0000] {logging_mixin.py:190} INFO - [2025-10-17T08:58:59.132+0000] {dagbag.py:588} INFO - Filling up the DagBag from /opt/airflow/dags/premier_dag.py
[2025-10-17T08:58:59.197+0000] {processor.py:925} INFO - DAG(s) 'premier_dag_test' retrieved from /opt/airflow/dags/premier_dag.py
[2025-10-17T08:58:59.268+0000] {logging_mixin.py:190} INFO - [2025-10-17T08:58:59.267+0000] {dag.py:3239} INFO - Sync 1 DAGs
[2025-10-17T08:58:59.377+0000] {logging_mixin.py:190} INFO - [2025-10-17T08:58:59.377+0000] {dag.py:4180} INFO - Setting next_dagrun for premier_dag_test to 2025-06-02 09:00:00+00:00, run_after=2025-06-02 10:00:00+00:00
[2025-10-17T08:58:59.481+0000] {processor.py:208} INFO - Processing /opt/airflow/dags/premier_dag.py took 0.370 seconds
[2025-10-17T08:59:29.890+0000] {processor.py:186} INFO - Started process (PID=1875) to work on /opt/airflow/dags/premier_dag.py
[2025-10-17T08:59:29.892+0000] {processor.py:914} INFO - Processing file /opt/airflow/dags/premier_dag.py for tasks to queue
[2025-10-17T08:59:29.895+0000] {logging_mixin.py:190} INFO - [2025-10-17T08:59:29.894+0000] {dagbag.py:588} INFO - Filling up the DagBag from /opt/airflow/dags/premier_dag.py
[2025-10-17T08:59:29.928+0000] {processor.py:925} INFO - DAG(s) 'premier_dag_test' retrieved from /opt/airflow/dags/premier_dag.py
[2025-10-17T08:59:29.973+0000] {logging_mixin.py:190} INFO - [2025-10-17T08:59:29.973+0000] {dag.py:3239} INFO - Sync 1 DAGs
[2025-10-17T08:59:30.282+0000] {logging_mixin.py:190} INFO - [2025-10-17T08:59:30.281+0000] {dag.py:4180} INFO - Setting next_dagrun for premier_dag_test to 2025-06-02 09:00:00+00:00, run_after=2025-06-02 10:00:00+00:00
[2025-10-17T08:59:30.319+0000] {processor.py:208} INFO - Processing /opt/airflow/dags/premier_dag.py took 0.435 seconds
[2025-10-17T09:00:00.796+0000] {processor.py:186} INFO - Started process (PID=1894) to work on /opt/airflow/dags/premier_dag.py
[2025-10-17T09:00:00.797+0000] {processor.py:914} INFO - Processing file /opt/airflow/dags/premier_dag.py for tasks to queue
[2025-10-17T09:00:00.799+0000] {logging_mixin.py:190} INFO - [2025-10-17T09:00:00.799+0000] {dagbag.py:588} INFO - Filling up the DagBag from /opt/airflow/dags/premier_dag.py
[2025-10-17T09:00:00.823+0000] {processor.py:925} INFO - DAG(s) 'premier_dag_test' retrieved from /opt/airflow/dags/premier_dag.py
[2025-10-17T09:00:00.848+0000] {logging_mixin.py:190} INFO - [2025-10-17T09:00:00.847+0000] {dag.py:3239} INFO - Sync 1 DAGs
[2025-10-17T09:00:00.873+0000] {logging_mixin.py:190} INFO - [2025-10-17T09:00:00.872+0000] {dag.py:4180} INFO - Setting next_dagrun for premier_dag_test to 2025-06-02 09:00:00+00:00, run_after=2025-06-02 10:00:00+00:00
[2025-10-17T09:00:00.891+0000] {processor.py:208} INFO - Processing /opt/airflow/dags/premier_dag.py took 0.100 seconds
[2025-10-17T09:00:31.252+0000] {processor.py:186} INFO - Started process (PID=1921) to work on /opt/airflow/dags/premier_dag.py
[2025-10-17T09:00:31.254+0000] {processor.py:914} INFO - Processing file /opt/airflow/dags/premier_dag.py for tasks to queue
[2025-10-17T09:00:31.256+0000] {logging_mixin.py:190} INFO - [2025-10-17T09:00:31.256+0000] {dagbag.py:588} INFO - Filling up the DagBag from /opt/airflow/dags/premier_dag.py
[2025-10-17T09:00:31.284+0000] {processor.py:925} INFO - DAG(s) 'premier_dag_test' retrieved from /opt/airflow/dags/premier_dag.py
[2025-10-17T09:00:31.312+0000] {logging_mixin.py:190} INFO - [2025-10-17T09:00:31.312+0000] {dag.py:3239} INFO - Sync 1 DAGs
[2025-10-17T09:00:31.338+0000] {logging_mixin.py:190} INFO - [2025-10-17T09:00:31.337+0000] {dag.py:4180} INFO - Setting next_dagrun for premier_dag_test to 2025-06-02 09:00:00+00:00, run_after=2025-06-02 10:00:00+00:00
[2025-10-17T09:00:31.362+0000] {processor.py:208} INFO - Processing /opt/airflow/dags/premier_dag.py took 0.116 seconds
[2025-10-17T09:01:01.744+0000] {processor.py:186} INFO - Started process (PID=1938) to work on /opt/airflow/dags/premier_dag.py
[2025-10-17T09:01:01.745+0000] {processor.py:914} INFO - Processing file /opt/airflow/dags/premier_dag.py for tasks to queue
[2025-10-17T09:01:01.747+0000] {logging_mixin.py:190} INFO - [2025-10-17T09:01:01.747+0000] {dagbag.py:588} INFO - Filling up the DagBag from /opt/airflow/dags/premier_dag.py
[2025-10-17T09:01:01.771+0000] {processor.py:925} INFO - DAG(s) 'premier_dag_test' retrieved from /opt/airflow/dags/premier_dag.py
[2025-10-17T09:01:01.796+0000] {logging_mixin.py:190} INFO - [2025-10-17T09:01:01.795+0000] {dag.py:3239} INFO - Sync 1 DAGs
[2025-10-17T09:01:01.819+0000] {logging_mixin.py:190} INFO - [2025-10-17T09:01:01.819+0000] {dag.py:4180} INFO - Setting next_dagrun for premier_dag_test to 2025-06-02 09:00:00+00:00, run_after=2025-06-02 10:00:00+00:00
[2025-10-17T09:01:01.839+0000] {processor.py:208} INFO - Processing /opt/airflow/dags/premier_dag.py took 0.101 seconds
[2025-10-17T09:01:32.200+0000] {processor.py:186} INFO - Started process (PID=1955) to work on /opt/airflow/dags/premier_dag.py
[2025-10-17T09:01:32.201+0000] {processor.py:914} INFO - Processing file /opt/airflow/dags/premier_dag.py for tasks to queue
[2025-10-17T09:01:32.203+0000] {logging_mixin.py:190} INFO - [2025-10-17T09:01:32.203+0000] {dagbag.py:588} INFO - Filling up the DagBag from /opt/airflow/dags/premier_dag.py
[2025-10-17T09:01:32.224+0000] {processor.py:925} INFO - DAG(s) 'premier_dag_test' retrieved from /opt/airflow/dags/premier_dag.py
[2025-10-17T09:01:32.247+0000] {logging_mixin.py:190} INFO - [2025-10-17T09:01:32.247+0000] {dag.py:3239} INFO - Sync 1 DAGs
[2025-10-17T09:01:32.273+0000] {logging_mixin.py:190} INFO - [2025-10-17T09:01:32.273+0000] {dag.py:4180} INFO - Setting next_dagrun for premier_dag_test to 2025-06-02 09:00:00+00:00, run_after=2025-06-02 10:00:00+00:00
[2025-10-17T09:01:32.292+0000] {processor.py:208} INFO - Processing /opt/airflow/dags/premier_dag.py took 0.097 seconds
[2025-10-17T09:02:02.642+0000] {processor.py:186} INFO - Started process (PID=1972) to work on /opt/airflow/dags/premier_dag.py
[2025-10-17T09:02:02.644+0000] {processor.py:914} INFO - Processing file /opt/airflow/dags/premier_dag.py for tasks to queue
[2025-10-17T09:02:02.647+0000] {logging_mixin.py:190} INFO - [2025-10-17T09:02:02.646+0000] {dagbag.py:588} INFO - Filling up the DagBag from /opt/airflow/dags/premier_dag.py
[2025-10-17T09:02:02.666+0000] {processor.py:925} INFO - DAG(s) 'premier_dag_test' retrieved from /opt/airflow/dags/premier_dag.py
[2025-10-17T09:02:02.691+0000] {logging_mixin.py:190} INFO - [2025-10-17T09:02:02.691+0000] {dag.py:3239} INFO - Sync 1 DAGs
[2025-10-17T09:02:02.717+0000] {logging_mixin.py:190} INFO - [2025-10-17T09:02:02.716+0000] {dag.py:4180} INFO - Setting next_dagrun for premier_dag_test to 2025-06-02 09:00:00+00:00, run_after=2025-06-02 10:00:00+00:00
[2025-10-17T09:02:02.745+0000] {processor.py:208} INFO - Processing /opt/airflow/dags/premier_dag.py took 0.109 seconds
[2025-10-17T09:02:33.113+0000] {processor.py:186} INFO - Started process (PID=1989) to work on /opt/airflow/dags/premier_dag.py
[2025-10-17T09:02:33.114+0000] {processor.py:914} INFO - Processing file /opt/airflow/dags/premier_dag.py for tasks to queue
[2025-10-17T09:02:33.116+0000] {logging_mixin.py:190} INFO - [2025-10-17T09:02:33.115+0000] {dagbag.py:588} INFO - Filling up the DagBag from /opt/airflow/dags/premier_dag.py
[2025-10-17T09:02:33.131+0000] {processor.py:925} INFO - DAG(s) 'premier_dag_test' retrieved from /opt/airflow/dags/premier_dag.py
[2025-10-17T09:02:33.155+0000] {logging_mixin.py:190} INFO - [2025-10-17T09:02:33.155+0000] {dag.py:3239} INFO - Sync 1 DAGs
[2025-10-17T09:02:33.178+0000] {logging_mixin.py:190} INFO - [2025-10-17T09:02:33.178+0000] {dag.py:4180} INFO - Setting next_dagrun for premier_dag_test to 2025-06-02 09:00:00+00:00, run_after=2025-06-02 10:00:00+00:00
[2025-10-17T09:02:33.319+0000] {processor.py:208} INFO - Processing /opt/airflow/dags/premier_dag.py took 0.212 seconds
[2025-10-17T09:03:03.718+0000] {processor.py:186} INFO - Started process (PID=2006) to work on /opt/airflow/dags/premier_dag.py
[2025-10-17T09:03:03.720+0000] {processor.py:914} INFO - Processing file /opt/airflow/dags/premier_dag.py for tasks to queue
[2025-10-17T09:03:03.723+0000] {logging_mixin.py:190} INFO - [2025-10-17T09:03:03.723+0000] {dagbag.py:588} INFO - Filling up the DagBag from /opt/airflow/dags/premier_dag.py
[2025-10-17T09:03:03.748+0000] {processor.py:925} INFO - DAG(s) 'premier_dag_test' retrieved from /opt/airflow/dags/premier_dag.py
[2025-10-17T09:03:03.778+0000] {logging_mixin.py:190} INFO - [2025-10-17T09:03:03.778+0000] {dag.py:3239} INFO - Sync 1 DAGs
[2025-10-17T09:03:03.800+0000] {logging_mixin.py:190} INFO - [2025-10-17T09:03:03.800+0000] {dag.py:4180} INFO - Setting next_dagrun for premier_dag_test to 2025-06-02 09:00:00+00:00, run_after=2025-06-02 10:00:00+00:00
[2025-10-17T09:03:03.821+0000] {processor.py:208} INFO - Processing /opt/airflow/dags/premier_dag.py took 0.110 seconds
[2025-10-17T09:03:34.207+0000] {processor.py:186} INFO - Started process (PID=2023) to work on /opt/airflow/dags/premier_dag.py
[2025-10-17T09:03:34.209+0000] {processor.py:914} INFO - Processing file /opt/airflow/dags/premier_dag.py for tasks to queue
[2025-10-17T09:03:34.211+0000] {logging_mixin.py:190} INFO - [2025-10-17T09:03:34.211+0000] {dagbag.py:588} INFO - Filling up the DagBag from /opt/airflow/dags/premier_dag.py
[2025-10-17T09:03:34.232+0000] {processor.py:925} INFO - DAG(s) 'premier_dag_test' retrieved from /opt/airflow/dags/premier_dag.py
[2025-10-17T09:03:34.254+0000] {logging_mixin.py:190} INFO - [2025-10-17T09:03:34.254+0000] {dag.py:3239} INFO - Sync 1 DAGs
[2025-10-17T09:03:34.275+0000] {logging_mixin.py:190} INFO - [2025-10-17T09:03:34.275+0000] {dag.py:4180} INFO - Setting next_dagrun for premier_dag_test to 2025-06-02 09:00:00+00:00, run_after=2025-06-02 10:00:00+00:00
[2025-10-17T09:03:34.293+0000] {processor.py:208} INFO - Processing /opt/airflow/dags/premier_dag.py took 0.091 seconds
[2025-10-17T09:04:04.628+0000] {processor.py:186} INFO - Started process (PID=2040) to work on /opt/airflow/dags/premier_dag.py
[2025-10-17T09:04:04.629+0000] {processor.py:914} INFO - Processing file /opt/airflow/dags/premier_dag.py for tasks to queue
[2025-10-17T09:04:04.632+0000] {logging_mixin.py:190} INFO - [2025-10-17T09:04:04.632+0000] {dagbag.py:588} INFO - Filling up the DagBag from /opt/airflow/dags/premier_dag.py
[2025-10-17T09:04:04.656+0000] {processor.py:925} INFO - DAG(s) 'premier_dag_test' retrieved from /opt/airflow/dags/premier_dag.py
[2025-10-17T09:04:04.682+0000] {logging_mixin.py:190} INFO - [2025-10-17T09:04:04.681+0000] {dag.py:3239} INFO - Sync 1 DAGs
[2025-10-17T09:04:04.706+0000] {logging_mixin.py:190} INFO - [2025-10-17T09:04:04.706+0000] {dag.py:4180} INFO - Setting next_dagrun for premier_dag_test to 2025-06-02 09:00:00+00:00, run_after=2025-06-02 10:00:00+00:00
[2025-10-17T09:04:04.725+0000] {processor.py:208} INFO - Processing /opt/airflow/dags/premier_dag.py took 0.103 seconds
[2025-10-17T09:04:35.125+0000] {processor.py:186} INFO - Started process (PID=2057) to work on /opt/airflow/dags/premier_dag.py
[2025-10-17T09:04:35.126+0000] {processor.py:914} INFO - Processing file /opt/airflow/dags/premier_dag.py for tasks to queue
[2025-10-17T09:04:35.129+0000] {logging_mixin.py:190} INFO - [2025-10-17T09:04:35.128+0000] {dagbag.py:588} INFO - Filling up the DagBag from /opt/airflow/dags/premier_dag.py
[2025-10-17T09:04:35.155+0000] {processor.py:925} INFO - DAG(s) 'premier_dag_test' retrieved from /opt/airflow/dags/premier_dag.py
[2025-10-17T09:04:35.178+0000] {logging_mixin.py:190} INFO - [2025-10-17T09:04:35.178+0000] {dag.py:3239} INFO - Sync 1 DAGs
[2025-10-17T09:04:35.209+0000] {logging_mixin.py:190} INFO - [2025-10-17T09:04:35.209+0000] {dag.py:4180} INFO - Setting next_dagrun for premier_dag_test to 2025-06-02 09:00:00+00:00, run_after=2025-06-02 10:00:00+00:00
[2025-10-17T09:04:35.240+0000] {processor.py:208} INFO - Processing /opt/airflow/dags/premier_dag.py took 0.121 seconds
[2025-10-17T09:05:05.598+0000] {processor.py:186} INFO - Started process (PID=2074) to work on /opt/airflow/dags/premier_dag.py
[2025-10-17T09:05:05.599+0000] {processor.py:914} INFO - Processing file /opt/airflow/dags/premier_dag.py for tasks to queue
[2025-10-17T09:05:05.603+0000] {logging_mixin.py:190} INFO - [2025-10-17T09:05:05.602+0000] {dagbag.py:588} INFO - Filling up the DagBag from /opt/airflow/dags/premier_dag.py
[2025-10-17T09:05:05.640+0000] {processor.py:925} INFO - DAG(s) 'premier_dag_test' retrieved from /opt/airflow/dags/premier_dag.py
[2025-10-17T09:05:05.668+0000] {logging_mixin.py:190} INFO - [2025-10-17T09:05:05.668+0000] {dag.py:3239} INFO - Sync 1 DAGs
[2025-10-17T09:05:05.697+0000] {logging_mixin.py:190} INFO - [2025-10-17T09:05:05.697+0000] {dag.py:4180} INFO - Setting next_dagrun for premier_dag_test to 2025-06-02 09:00:00+00:00, run_after=2025-06-02 10:00:00+00:00
[2025-10-17T09:05:05.720+0000] {processor.py:208} INFO - Processing /opt/airflow/dags/premier_dag.py took 0.128 seconds
[2025-10-17T09:05:36.080+0000] {processor.py:186} INFO - Started process (PID=2091) to work on /opt/airflow/dags/premier_dag.py
[2025-10-17T09:05:36.081+0000] {processor.py:914} INFO - Processing file /opt/airflow/dags/premier_dag.py for tasks to queue
[2025-10-17T09:05:36.084+0000] {logging_mixin.py:190} INFO - [2025-10-17T09:05:36.084+0000] {dagbag.py:588} INFO - Filling up the DagBag from /opt/airflow/dags/premier_dag.py
[2025-10-17T09:05:36.113+0000] {processor.py:925} INFO - DAG(s) 'premier_dag_test' retrieved from /opt/airflow/dags/premier_dag.py
[2025-10-17T09:05:36.141+0000] {logging_mixin.py:190} INFO - [2025-10-17T09:05:36.141+0000] {dag.py:3239} INFO - Sync 1 DAGs
[2025-10-17T09:05:36.311+0000] {logging_mixin.py:190} INFO - [2025-10-17T09:05:36.311+0000] {dag.py:4180} INFO - Setting next_dagrun for premier_dag_test to 2025-06-02 09:00:00+00:00, run_after=2025-06-02 10:00:00+00:00
[2025-10-17T09:05:36.337+0000] {processor.py:208} INFO - Processing /opt/airflow/dags/premier_dag.py took 0.264 seconds
[2025-10-17T09:06:06.689+0000] {processor.py:186} INFO - Started process (PID=2108) to work on /opt/airflow/dags/premier_dag.py
[2025-10-17T09:06:06.690+0000] {processor.py:914} INFO - Processing file /opt/airflow/dags/premier_dag.py for tasks to queue
[2025-10-17T09:06:06.693+0000] {logging_mixin.py:190} INFO - [2025-10-17T09:06:06.692+0000] {dagbag.py:588} INFO - Filling up the DagBag from /opt/airflow/dags/premier_dag.py
[2025-10-17T09:06:06.711+0000] {processor.py:925} INFO - DAG(s) 'premier_dag_test' retrieved from /opt/airflow/dags/premier_dag.py
[2025-10-17T09:06:06.735+0000] {logging_mixin.py:190} INFO - [2025-10-17T09:06:06.735+0000] {dag.py:3239} INFO - Sync 1 DAGs
[2025-10-17T09:06:06.759+0000] {logging_mixin.py:190} INFO - [2025-10-17T09:06:06.759+0000] {dag.py:4180} INFO - Setting next_dagrun for premier_dag_test to 2025-06-02 09:00:00+00:00, run_after=2025-06-02 10:00:00+00:00
[2025-10-17T09:06:06.777+0000] {processor.py:208} INFO - Processing /opt/airflow/dags/premier_dag.py took 0.094 seconds
[2025-10-17T09:06:37.090+0000] {processor.py:186} INFO - Started process (PID=2125) to work on /opt/airflow/dags/premier_dag.py
[2025-10-17T09:06:37.091+0000] {processor.py:914} INFO - Processing file /opt/airflow/dags/premier_dag.py for tasks to queue
[2025-10-17T09:06:37.094+0000] {logging_mixin.py:190} INFO - [2025-10-17T09:06:37.093+0000] {dagbag.py:588} INFO - Filling up the DagBag from /opt/airflow/dags/premier_dag.py
[2025-10-17T09:06:37.115+0000] {processor.py:925} INFO - DAG(s) 'premier_dag_test' retrieved from /opt/airflow/dags/premier_dag.py
[2025-10-17T09:06:37.139+0000] {logging_mixin.py:190} INFO - [2025-10-17T09:06:37.138+0000] {dag.py:3239} INFO - Sync 1 DAGs
[2025-10-17T09:06:37.160+0000] {logging_mixin.py:190} INFO - [2025-10-17T09:06:37.160+0000] {dag.py:4180} INFO - Setting next_dagrun for premier_dag_test to 2025-06-02 09:00:00+00:00, run_after=2025-06-02 10:00:00+00:00
[2025-10-17T09:06:37.182+0000] {processor.py:208} INFO - Processing /opt/airflow/dags/premier_dag.py took 0.097 seconds
[2025-10-17T09:07:07.538+0000] {processor.py:186} INFO - Started process (PID=2142) to work on /opt/airflow/dags/premier_dag.py
[2025-10-17T09:07:07.539+0000] {processor.py:914} INFO - Processing file /opt/airflow/dags/premier_dag.py for tasks to queue
[2025-10-17T09:07:07.541+0000] {logging_mixin.py:190} INFO - [2025-10-17T09:07:07.541+0000] {dagbag.py:588} INFO - Filling up the DagBag from /opt/airflow/dags/premier_dag.py
[2025-10-17T09:07:07.565+0000] {processor.py:925} INFO - DAG(s) 'premier_dag_test' retrieved from /opt/airflow/dags/premier_dag.py
[2025-10-17T09:07:07.588+0000] {logging_mixin.py:190} INFO - [2025-10-17T09:07:07.588+0000] {dag.py:3239} INFO - Sync 1 DAGs
[2025-10-17T09:07:07.610+0000] {logging_mixin.py:190} INFO - [2025-10-17T09:07:07.609+0000] {dag.py:4180} INFO - Setting next_dagrun for premier_dag_test to 2025-06-02 09:00:00+00:00, run_after=2025-06-02 10:00:00+00:00
[2025-10-17T09:07:07.633+0000] {processor.py:208} INFO - Processing /opt/airflow/dags/premier_dag.py took 0.100 seconds
[2025-10-17T09:07:37.945+0000] {processor.py:186} INFO - Started process (PID=2159) to work on /opt/airflow/dags/premier_dag.py
[2025-10-17T09:07:37.947+0000] {processor.py:914} INFO - Processing file /opt/airflow/dags/premier_dag.py for tasks to queue
[2025-10-17T09:07:37.949+0000] {logging_mixin.py:190} INFO - [2025-10-17T09:07:37.949+0000] {dagbag.py:588} INFO - Filling up the DagBag from /opt/airflow/dags/premier_dag.py
[2025-10-17T09:07:37.973+0000] {processor.py:925} INFO - DAG(s) 'premier_dag_test' retrieved from /opt/airflow/dags/premier_dag.py
[2025-10-17T09:07:37.997+0000] {logging_mixin.py:190} INFO - [2025-10-17T09:07:37.997+0000] {dag.py:3239} INFO - Sync 1 DAGs
[2025-10-17T09:07:38.020+0000] {logging_mixin.py:190} INFO - [2025-10-17T09:07:38.020+0000] {dag.py:4180} INFO - Setting next_dagrun for premier_dag_test to 2025-06-02 09:00:00+00:00, run_after=2025-06-02 10:00:00+00:00
[2025-10-17T09:07:38.040+0000] {processor.py:208} INFO - Processing /opt/airflow/dags/premier_dag.py took 0.101 seconds
[2025-10-17T09:08:08.409+0000] {processor.py:186} INFO - Started process (PID=2176) to work on /opt/airflow/dags/premier_dag.py
[2025-10-17T09:08:08.410+0000] {processor.py:914} INFO - Processing file /opt/airflow/dags/premier_dag.py for tasks to queue
[2025-10-17T09:08:08.413+0000] {logging_mixin.py:190} INFO - [2025-10-17T09:08:08.413+0000] {dagbag.py:588} INFO - Filling up the DagBag from /opt/airflow/dags/premier_dag.py
[2025-10-17T09:08:08.433+0000] {processor.py:925} INFO - DAG(s) 'premier_dag_test' retrieved from /opt/airflow/dags/premier_dag.py
[2025-10-17T09:08:08.456+0000] {logging_mixin.py:190} INFO - [2025-10-17T09:08:08.456+0000] {dag.py:3239} INFO - Sync 1 DAGs
[2025-10-17T09:08:08.477+0000] {logging_mixin.py:190} INFO - [2025-10-17T09:08:08.477+0000] {dag.py:4180} INFO - Setting next_dagrun for premier_dag_test to 2025-06-02 09:00:00+00:00, run_after=2025-06-02 10:00:00+00:00
[2025-10-17T09:08:08.615+0000] {processor.py:208} INFO - Processing /opt/airflow/dags/premier_dag.py took 0.211 seconds
[2025-10-17T09:08:38.988+0000] {processor.py:186} INFO - Started process (PID=2193) to work on /opt/airflow/dags/premier_dag.py
[2025-10-17T09:08:38.989+0000] {processor.py:914} INFO - Processing file /opt/airflow/dags/premier_dag.py for tasks to queue
[2025-10-17T09:08:38.991+0000] {logging_mixin.py:190} INFO - [2025-10-17T09:08:38.991+0000] {dagbag.py:588} INFO - Filling up the DagBag from /opt/airflow/dags/premier_dag.py
[2025-10-17T09:08:39.009+0000] {processor.py:925} INFO - DAG(s) 'premier_dag_test' retrieved from /opt/airflow/dags/premier_dag.py
[2025-10-17T09:08:39.033+0000] {logging_mixin.py:190} INFO - [2025-10-17T09:08:39.032+0000] {dag.py:3239} INFO - Sync 1 DAGs
[2025-10-17T09:08:39.172+0000] {logging_mixin.py:190} INFO - [2025-10-17T09:08:39.172+0000] {dag.py:4180} INFO - Setting next_dagrun for premier_dag_test to 2025-06-02 09:00:00+00:00, run_after=2025-06-02 10:00:00+00:00
[2025-10-17T09:08:39.193+0000] {processor.py:208} INFO - Processing /opt/airflow/dags/premier_dag.py took 0.210 seconds
[2025-10-17T09:09:09.590+0000] {processor.py:186} INFO - Started process (PID=2210) to work on /opt/airflow/dags/premier_dag.py
[2025-10-17T09:09:09.591+0000] {processor.py:914} INFO - Processing file /opt/airflow/dags/premier_dag.py for tasks to queue
[2025-10-17T09:09:09.595+0000] {logging_mixin.py:190} INFO - [2025-10-17T09:09:09.594+0000] {dagbag.py:588} INFO - Filling up the DagBag from /opt/airflow/dags/premier_dag.py
[2025-10-17T09:09:09.636+0000] {processor.py:925} INFO - DAG(s) 'premier_dag_test' retrieved from /opt/airflow/dags/premier_dag.py
[2025-10-17T09:09:09.667+0000] {logging_mixin.py:190} INFO - [2025-10-17T09:09:09.667+0000] {dag.py:3239} INFO - Sync 1 DAGs
[2025-10-17T09:09:09.694+0000] {logging_mixin.py:190} INFO - [2025-10-17T09:09:09.693+0000] {dag.py:4180} INFO - Setting next_dagrun for premier_dag_test to 2025-06-02 09:00:00+00:00, run_after=2025-06-02 10:00:00+00:00
[2025-10-17T09:09:09.714+0000] {processor.py:208} INFO - Processing /opt/airflow/dags/premier_dag.py took 0.129 seconds
[2025-10-17T09:09:40.141+0000] {processor.py:186} INFO - Started process (PID=2227) to work on /opt/airflow/dags/premier_dag.py
[2025-10-17T09:09:40.142+0000] {processor.py:914} INFO - Processing file /opt/airflow/dags/premier_dag.py for tasks to queue
[2025-10-17T09:09:40.145+0000] {logging_mixin.py:190} INFO - [2025-10-17T09:09:40.145+0000] {dagbag.py:588} INFO - Filling up the DagBag from /opt/airflow/dags/premier_dag.py
[2025-10-17T09:09:40.165+0000] {processor.py:925} INFO - DAG(s) 'premier_dag_test' retrieved from /opt/airflow/dags/premier_dag.py
[2025-10-17T09:09:40.188+0000] {logging_mixin.py:190} INFO - [2025-10-17T09:09:40.187+0000] {dag.py:3239} INFO - Sync 1 DAGs
[2025-10-17T09:09:40.207+0000] {logging_mixin.py:190} INFO - [2025-10-17T09:09:40.207+0000] {dag.py:4180} INFO - Setting next_dagrun for premier_dag_test to 2025-06-02 09:00:00+00:00, run_after=2025-06-02 10:00:00+00:00
[2025-10-17T09:09:40.225+0000] {processor.py:208} INFO - Processing /opt/airflow/dags/premier_dag.py took 0.088 seconds
[2025-10-17T09:10:10.589+0000] {processor.py:186} INFO - Started process (PID=2244) to work on /opt/airflow/dags/premier_dag.py
[2025-10-17T09:10:10.591+0000] {processor.py:914} INFO - Processing file /opt/airflow/dags/premier_dag.py for tasks to queue
[2025-10-17T09:10:10.593+0000] {logging_mixin.py:190} INFO - [2025-10-17T09:10:10.593+0000] {dagbag.py:588} INFO - Filling up the DagBag from /opt/airflow/dags/premier_dag.py
[2025-10-17T09:10:10.614+0000] {processor.py:925} INFO - DAG(s) 'premier_dag_test' retrieved from /opt/airflow/dags/premier_dag.py
[2025-10-17T09:10:10.637+0000] {logging_mixin.py:190} INFO - [2025-10-17T09:10:10.636+0000] {dag.py:3239} INFO - Sync 1 DAGs
[2025-10-17T09:10:10.657+0000] {logging_mixin.py:190} INFO - [2025-10-17T09:10:10.656+0000] {dag.py:4180} INFO - Setting next_dagrun for premier_dag_test to 2025-06-02 09:00:00+00:00, run_after=2025-06-02 10:00:00+00:00
[2025-10-17T09:10:10.679+0000] {processor.py:208} INFO - Processing /opt/airflow/dags/premier_dag.py took 0.096 seconds
[2025-10-17T09:10:41.256+0000] {processor.py:186} INFO - Started process (PID=2261) to work on /opt/airflow/dags/premier_dag.py
[2025-10-17T09:10:41.257+0000] {processor.py:914} INFO - Processing file /opt/airflow/dags/premier_dag.py for tasks to queue
[2025-10-17T09:10:41.260+0000] {logging_mixin.py:190} INFO - [2025-10-17T09:10:41.260+0000] {dagbag.py:588} INFO - Filling up the DagBag from /opt/airflow/dags/premier_dag.py
[2025-10-17T09:10:41.279+0000] {processor.py:925} INFO - DAG(s) 'premier_dag_test' retrieved from /opt/airflow/dags/premier_dag.py
[2025-10-17T09:10:41.302+0000] {logging_mixin.py:190} INFO - [2025-10-17T09:10:41.302+0000] {dag.py:3239} INFO - Sync 1 DAGs
[2025-10-17T09:10:41.323+0000] {logging_mixin.py:190} INFO - [2025-10-17T09:10:41.322+0000] {dag.py:4180} INFO - Setting next_dagrun for premier_dag_test to 2025-06-02 09:00:00+00:00, run_after=2025-06-02 10:00:00+00:00
[2025-10-17T09:10:41.340+0000] {processor.py:208} INFO - Processing /opt/airflow/dags/premier_dag.py took 0.089 seconds
[2025-10-17T09:11:11.743+0000] {processor.py:186} INFO - Started process (PID=2278) to work on /opt/airflow/dags/premier_dag.py
[2025-10-17T09:11:11.744+0000] {processor.py:914} INFO - Processing file /opt/airflow/dags/premier_dag.py for tasks to queue
[2025-10-17T09:11:11.746+0000] {logging_mixin.py:190} INFO - [2025-10-17T09:11:11.746+0000] {dagbag.py:588} INFO - Filling up the DagBag from /opt/airflow/dags/premier_dag.py
[2025-10-17T09:11:11.767+0000] {processor.py:925} INFO - DAG(s) 'premier_dag_test' retrieved from /opt/airflow/dags/premier_dag.py
[2025-10-17T09:11:11.790+0000] {logging_mixin.py:190} INFO - [2025-10-17T09:11:11.790+0000] {dag.py:3239} INFO - Sync 1 DAGs
[2025-10-17T09:11:11.810+0000] {logging_mixin.py:190} INFO - [2025-10-17T09:11:11.810+0000] {dag.py:4180} INFO - Setting next_dagrun for premier_dag_test to 2025-06-02 09:00:00+00:00, run_after=2025-06-02 10:00:00+00:00
[2025-10-17T09:11:11.951+0000] {processor.py:208} INFO - Processing /opt/airflow/dags/premier_dag.py took 0.213 seconds
[2025-10-17T09:11:42.360+0000] {processor.py:186} INFO - Started process (PID=2295) to work on /opt/airflow/dags/premier_dag.py
[2025-10-17T09:11:42.361+0000] {processor.py:914} INFO - Processing file /opt/airflow/dags/premier_dag.py for tasks to queue
[2025-10-17T09:11:42.363+0000] {logging_mixin.py:190} INFO - [2025-10-17T09:11:42.363+0000] {dagbag.py:588} INFO - Filling up the DagBag from /opt/airflow/dags/premier_dag.py
[2025-10-17T09:11:42.381+0000] {processor.py:925} INFO - DAG(s) 'premier_dag_test' retrieved from /opt/airflow/dags/premier_dag.py
[2025-10-17T09:11:42.405+0000] {logging_mixin.py:190} INFO - [2025-10-17T09:11:42.405+0000] {dag.py:3239} INFO - Sync 1 DAGs
[2025-10-17T09:11:42.565+0000] {logging_mixin.py:190} INFO - [2025-10-17T09:11:42.565+0000] {dag.py:4180} INFO - Setting next_dagrun for premier_dag_test to 2025-06-02 09:00:00+00:00, run_after=2025-06-02 10:00:00+00:00
[2025-10-17T09:11:42.587+0000] {processor.py:208} INFO - Processing /opt/airflow/dags/premier_dag.py took 0.232 seconds
[2025-10-17T09:12:12.992+0000] {processor.py:186} INFO - Started process (PID=2312) to work on /opt/airflow/dags/premier_dag.py
[2025-10-17T09:12:12.993+0000] {processor.py:914} INFO - Processing file /opt/airflow/dags/premier_dag.py for tasks to queue
[2025-10-17T09:12:12.996+0000] {logging_mixin.py:190} INFO - [2025-10-17T09:12:12.995+0000] {dagbag.py:588} INFO - Filling up the DagBag from /opt/airflow/dags/premier_dag.py
[2025-10-17T09:12:13.018+0000] {processor.py:925} INFO - DAG(s) 'premier_dag_test' retrieved from /opt/airflow/dags/premier_dag.py
[2025-10-17T09:12:13.044+0000] {logging_mixin.py:190} INFO - [2025-10-17T09:12:13.044+0000] {dag.py:3239} INFO - Sync 1 DAGs
[2025-10-17T09:12:13.199+0000] {logging_mixin.py:190} INFO - [2025-10-17T09:12:13.199+0000] {dag.py:4180} INFO - Setting next_dagrun for premier_dag_test to 2025-06-02 09:00:00+00:00, run_after=2025-06-02 10:00:00+00:00
[2025-10-17T09:12:13.221+0000] {processor.py:208} INFO - Processing /opt/airflow/dags/premier_dag.py took 0.234 seconds
[2025-10-17T09:12:43.666+0000] {processor.py:186} INFO - Started process (PID=2329) to work on /opt/airflow/dags/premier_dag.py
[2025-10-17T09:12:43.667+0000] {processor.py:914} INFO - Processing file /opt/airflow/dags/premier_dag.py for tasks to queue
[2025-10-17T09:12:43.670+0000] {logging_mixin.py:190} INFO - [2025-10-17T09:12:43.669+0000] {dagbag.py:588} INFO - Filling up the DagBag from /opt/airflow/dags/premier_dag.py
[2025-10-17T09:12:43.690+0000] {processor.py:925} INFO - DAG(s) 'premier_dag_test' retrieved from /opt/airflow/dags/premier_dag.py
[2025-10-17T09:12:43.714+0000] {logging_mixin.py:190} INFO - [2025-10-17T09:12:43.713+0000] {dag.py:3239} INFO - Sync 1 DAGs
[2025-10-17T09:12:43.734+0000] {logging_mixin.py:190} INFO - [2025-10-17T09:12:43.734+0000] {dag.py:4180} INFO - Setting next_dagrun for premier_dag_test to 2025-06-02 09:00:00+00:00, run_after=2025-06-02 10:00:00+00:00
[2025-10-17T09:12:43.760+0000] {processor.py:208} INFO - Processing /opt/airflow/dags/premier_dag.py took 0.098 seconds
[2025-10-17T09:13:14.137+0000] {processor.py:186} INFO - Started process (PID=2346) to work on /opt/airflow/dags/premier_dag.py
[2025-10-17T09:13:14.138+0000] {processor.py:914} INFO - Processing file /opt/airflow/dags/premier_dag.py for tasks to queue
[2025-10-17T09:13:14.140+0000] {logging_mixin.py:190} INFO - [2025-10-17T09:13:14.140+0000] {dagbag.py:588} INFO - Filling up the DagBag from /opt/airflow/dags/premier_dag.py
[2025-10-17T09:13:14.161+0000] {processor.py:925} INFO - DAG(s) 'premier_dag_test' retrieved from /opt/airflow/dags/premier_dag.py
[2025-10-17T09:13:14.191+0000] {logging_mixin.py:190} INFO - [2025-10-17T09:13:14.191+0000] {dag.py:3239} INFO - Sync 1 DAGs
[2025-10-17T09:13:14.213+0000] {logging_mixin.py:190} INFO - [2025-10-17T09:13:14.213+0000] {dag.py:4180} INFO - Setting next_dagrun for premier_dag_test to 2025-06-02 09:00:00+00:00, run_after=2025-06-02 10:00:00+00:00
[2025-10-17T09:13:14.235+0000] {processor.py:208} INFO - Processing /opt/airflow/dags/premier_dag.py took 0.103 seconds
[2025-10-17T09:13:44.613+0000] {processor.py:186} INFO - Started process (PID=2363) to work on /opt/airflow/dags/premier_dag.py
[2025-10-17T09:13:44.614+0000] {processor.py:914} INFO - Processing file /opt/airflow/dags/premier_dag.py for tasks to queue
[2025-10-17T09:13:44.616+0000] {logging_mixin.py:190} INFO - [2025-10-17T09:13:44.616+0000] {dagbag.py:588} INFO - Filling up the DagBag from /opt/airflow/dags/premier_dag.py
[2025-10-17T09:13:44.637+0000] {processor.py:925} INFO - DAG(s) 'premier_dag_test' retrieved from /opt/airflow/dags/premier_dag.py
[2025-10-17T09:13:44.669+0000] {logging_mixin.py:190} INFO - [2025-10-17T09:13:44.669+0000] {dag.py:3239} INFO - Sync 1 DAGs
[2025-10-17T09:13:44.693+0000] {logging_mixin.py:190} INFO - [2025-10-17T09:13:44.693+0000] {dag.py:4180} INFO - Setting next_dagrun for premier_dag_test to 2025-06-02 09:00:00+00:00, run_after=2025-06-02 10:00:00+00:00
[2025-10-17T09:13:44.710+0000] {processor.py:208} INFO - Processing /opt/airflow/dags/premier_dag.py took 0.102 seconds
[2025-10-17T09:14:15.115+0000] {processor.py:186} INFO - Started process (PID=2379) to work on /opt/airflow/dags/premier_dag.py
[2025-10-17T09:14:15.116+0000] {processor.py:914} INFO - Processing file /opt/airflow/dags/premier_dag.py for tasks to queue
[2025-10-17T09:14:15.118+0000] {logging_mixin.py:190} INFO - [2025-10-17T09:14:15.118+0000] {dagbag.py:588} INFO - Filling up the DagBag from /opt/airflow/dags/premier_dag.py
[2025-10-17T09:14:15.139+0000] {processor.py:925} INFO - DAG(s) 'premier_dag_test' retrieved from /opt/airflow/dags/premier_dag.py
[2025-10-17T09:14:15.170+0000] {logging_mixin.py:190} INFO - [2025-10-17T09:14:15.170+0000] {dag.py:3239} INFO - Sync 1 DAGs
[2025-10-17T09:14:15.195+0000] {logging_mixin.py:190} INFO - [2025-10-17T09:14:15.195+0000] {dag.py:4180} INFO - Setting next_dagrun for premier_dag_test to 2025-06-02 09:00:00+00:00, run_after=2025-06-02 10:00:00+00:00
[2025-10-17T09:14:15.216+0000] {processor.py:208} INFO - Processing /opt/airflow/dags/premier_dag.py took 0.107 seconds
[2025-10-17T09:14:45.633+0000] {processor.py:186} INFO - Started process (PID=2396) to work on /opt/airflow/dags/premier_dag.py
[2025-10-17T09:14:45.634+0000] {processor.py:914} INFO - Processing file /opt/airflow/dags/premier_dag.py for tasks to queue
[2025-10-17T09:14:45.636+0000] {logging_mixin.py:190} INFO - [2025-10-17T09:14:45.636+0000] {dagbag.py:588} INFO - Filling up the DagBag from /opt/airflow/dags/premier_dag.py
[2025-10-17T09:14:45.657+0000] {processor.py:925} INFO - DAG(s) 'premier_dag_test' retrieved from /opt/airflow/dags/premier_dag.py
[2025-10-17T09:14:45.687+0000] {logging_mixin.py:190} INFO - [2025-10-17T09:14:45.687+0000] {dag.py:3239} INFO - Sync 1 DAGs
[2025-10-17T09:14:45.828+0000] {logging_mixin.py:190} INFO - [2025-10-17T09:14:45.828+0000] {dag.py:4180} INFO - Setting next_dagrun for premier_dag_test to 2025-06-02 09:00:00+00:00, run_after=2025-06-02 10:00:00+00:00
[2025-10-17T09:14:45.850+0000] {processor.py:208} INFO - Processing /opt/airflow/dags/premier_dag.py took 0.222 seconds
[2025-10-17T09:15:16.275+0000] {processor.py:186} INFO - Started process (PID=2413) to work on /opt/airflow/dags/premier_dag.py
[2025-10-17T09:15:16.276+0000] {processor.py:914} INFO - Processing file /opt/airflow/dags/premier_dag.py for tasks to queue
[2025-10-17T09:15:16.278+0000] {logging_mixin.py:190} INFO - [2025-10-17T09:15:16.278+0000] {dagbag.py:588} INFO - Filling up the DagBag from /opt/airflow/dags/premier_dag.py
[2025-10-17T09:15:16.299+0000] {processor.py:925} INFO - DAG(s) 'premier_dag_test' retrieved from /opt/airflow/dags/premier_dag.py
[2025-10-17T09:15:16.330+0000] {logging_mixin.py:190} INFO - [2025-10-17T09:15:16.330+0000] {dag.py:3239} INFO - Sync 1 DAGs
[2025-10-17T09:15:16.471+0000] {logging_mixin.py:190} INFO - [2025-10-17T09:15:16.471+0000] {dag.py:4180} INFO - Setting next_dagrun for premier_dag_test to 2025-06-02 09:00:00+00:00, run_after=2025-06-02 10:00:00+00:00
[2025-10-17T09:15:16.497+0000] {processor.py:208} INFO - Processing /opt/airflow/dags/premier_dag.py took 0.227 seconds
[2025-10-17T09:15:46.904+0000] {processor.py:186} INFO - Started process (PID=2430) to work on /opt/airflow/dags/premier_dag.py
[2025-10-17T09:15:46.905+0000] {processor.py:914} INFO - Processing file /opt/airflow/dags/premier_dag.py for tasks to queue
[2025-10-17T09:15:46.907+0000] {logging_mixin.py:190} INFO - [2025-10-17T09:15:46.907+0000] {dagbag.py:588} INFO - Filling up the DagBag from /opt/airflow/dags/premier_dag.py
[2025-10-17T09:15:46.929+0000] {processor.py:925} INFO - DAG(s) 'premier_dag_test' retrieved from /opt/airflow/dags/premier_dag.py
[2025-10-17T09:15:46.968+0000] {logging_mixin.py:190} INFO - [2025-10-17T09:15:46.968+0000] {dag.py:3239} INFO - Sync 1 DAGs
[2025-10-17T09:15:46.998+0000] {logging_mixin.py:190} INFO - [2025-10-17T09:15:46.998+0000] {dag.py:4180} INFO - Setting next_dagrun for premier_dag_test to 2025-06-02 09:00:00+00:00, run_after=2025-06-02 10:00:00+00:00
[2025-10-17T09:15:47.021+0000] {processor.py:208} INFO - Processing /opt/airflow/dags/premier_dag.py took 0.123 seconds
[2025-10-17T09:16:17.470+0000] {processor.py:186} INFO - Started process (PID=2447) to work on /opt/airflow/dags/premier_dag.py
[2025-10-17T09:16:17.472+0000] {processor.py:914} INFO - Processing file /opt/airflow/dags/premier_dag.py for tasks to queue
[2025-10-17T09:16:17.474+0000] {logging_mixin.py:190} INFO - [2025-10-17T09:16:17.474+0000] {dagbag.py:588} INFO - Filling up the DagBag from /opt/airflow/dags/premier_dag.py
[2025-10-17T09:16:17.509+0000] {processor.py:925} INFO - DAG(s) 'premier_dag_test' retrieved from /opt/airflow/dags/premier_dag.py
[2025-10-17T09:16:17.544+0000] {logging_mixin.py:190} INFO - [2025-10-17T09:16:17.543+0000] {dag.py:3239} INFO - Sync 1 DAGs
[2025-10-17T09:16:17.564+0000] {logging_mixin.py:190} INFO - [2025-10-17T09:16:17.564+0000] {dag.py:4180} INFO - Setting next_dagrun for premier_dag_test to 2025-06-02 09:00:00+00:00, run_after=2025-06-02 10:00:00+00:00
[2025-10-17T09:16:17.582+0000] {processor.py:208} INFO - Processing /opt/airflow/dags/premier_dag.py took 0.117 seconds
[2025-10-17T09:16:47.988+0000] {processor.py:186} INFO - Started process (PID=2464) to work on /opt/airflow/dags/premier_dag.py
[2025-10-17T09:16:47.989+0000] {processor.py:914} INFO - Processing file /opt/airflow/dags/premier_dag.py for tasks to queue
[2025-10-17T09:16:47.991+0000] {logging_mixin.py:190} INFO - [2025-10-17T09:16:47.991+0000] {dagbag.py:588} INFO - Filling up the DagBag from /opt/airflow/dags/premier_dag.py
[2025-10-17T09:16:48.013+0000] {processor.py:925} INFO - DAG(s) 'premier_dag_test' retrieved from /opt/airflow/dags/premier_dag.py
[2025-10-17T09:16:48.044+0000] {logging_mixin.py:190} INFO - [2025-10-17T09:16:48.044+0000] {dag.py:3239} INFO - Sync 1 DAGs
[2025-10-17T09:16:48.064+0000] {logging_mixin.py:190} INFO - [2025-10-17T09:16:48.064+0000] {dag.py:4180} INFO - Setting next_dagrun for premier_dag_test to 2025-06-02 09:00:00+00:00, run_after=2025-06-02 10:00:00+00:00
[2025-10-17T09:16:48.083+0000] {processor.py:208} INFO - Processing /opt/airflow/dags/premier_dag.py took 0.101 seconds
[2025-10-17T09:17:18.510+0000] {processor.py:186} INFO - Started process (PID=2487) to work on /opt/airflow/dags/premier_dag.py
[2025-10-17T09:17:18.511+0000] {processor.py:914} INFO - Processing file /opt/airflow/dags/premier_dag.py for tasks to queue
[2025-10-17T09:17:18.513+0000] {logging_mixin.py:190} INFO - [2025-10-17T09:17:18.513+0000] {dagbag.py:588} INFO - Filling up the DagBag from /opt/airflow/dags/premier_dag.py
[2025-10-17T09:17:18.535+0000] {processor.py:925} INFO - DAG(s) 'premier_dag_test' retrieved from /opt/airflow/dags/premier_dag.py
[2025-10-17T09:17:18.565+0000] {logging_mixin.py:190} INFO - [2025-10-17T09:17:18.565+0000] {dag.py:3239} INFO - Sync 1 DAGs
[2025-10-17T09:17:18.587+0000] {logging_mixin.py:190} INFO - [2025-10-17T09:17:18.587+0000] {dag.py:4180} INFO - Setting next_dagrun for premier_dag_test to 2025-06-02 09:00:00+00:00, run_after=2025-06-02 10:00:00+00:00
[2025-10-17T09:17:18.721+0000] {processor.py:208} INFO - Processing /opt/airflow/dags/premier_dag.py took 0.216 seconds
[2025-10-17T09:17:49.136+0000] {processor.py:186} INFO - Started process (PID=2504) to work on /opt/airflow/dags/premier_dag.py
[2025-10-17T09:17:49.137+0000] {processor.py:914} INFO - Processing file /opt/airflow/dags/premier_dag.py for tasks to queue
[2025-10-17T09:17:49.139+0000] {logging_mixin.py:190} INFO - [2025-10-17T09:17:49.138+0000] {dagbag.py:588} INFO - Filling up the DagBag from /opt/airflow/dags/premier_dag.py
[2025-10-17T09:17:49.159+0000] {processor.py:925} INFO - DAG(s) 'premier_dag_test' retrieved from /opt/airflow/dags/premier_dag.py
[2025-10-17T09:17:49.189+0000] {logging_mixin.py:190} INFO - [2025-10-17T09:17:49.189+0000] {dag.py:3239} INFO - Sync 1 DAGs
[2025-10-17T09:17:49.346+0000] {logging_mixin.py:190} INFO - [2025-10-17T09:17:49.346+0000] {dag.py:4180} INFO - Setting next_dagrun for premier_dag_test to 2025-06-02 09:00:00+00:00, run_after=2025-06-02 10:00:00+00:00
[2025-10-17T09:17:49.365+0000] {processor.py:208} INFO - Processing /opt/airflow/dags/premier_dag.py took 0.234 seconds
[2025-10-17T09:18:19.825+0000] {processor.py:186} INFO - Started process (PID=2521) to work on /opt/airflow/dags/premier_dag.py
[2025-10-17T09:18:19.826+0000] {processor.py:914} INFO - Processing file /opt/airflow/dags/premier_dag.py for tasks to queue
[2025-10-17T09:18:19.828+0000] {logging_mixin.py:190} INFO - [2025-10-17T09:18:19.828+0000] {dagbag.py:588} INFO - Filling up the DagBag from /opt/airflow/dags/premier_dag.py
[2025-10-17T09:18:19.871+0000] {processor.py:925} INFO - DAG(s) 'premier_dag_test' retrieved from /opt/airflow/dags/premier_dag.py
[2025-10-17T09:18:19.896+0000] {logging_mixin.py:190} INFO - [2025-10-17T09:18:19.896+0000] {dag.py:3239} INFO - Sync 1 DAGs
[2025-10-17T09:18:20.040+0000] {logging_mixin.py:190} INFO - [2025-10-17T09:18:20.040+0000] {dag.py:4180} INFO - Setting next_dagrun for premier_dag_test to 2025-06-02 09:00:00+00:00, run_after=2025-06-02 10:00:00+00:00
[2025-10-17T09:18:20.062+0000] {processor.py:208} INFO - Processing /opt/airflow/dags/premier_dag.py took 0.247 seconds
[2025-10-17T09:18:50.454+0000] {processor.py:186} INFO - Started process (PID=2538) to work on /opt/airflow/dags/premier_dag.py
[2025-10-17T09:18:50.455+0000] {processor.py:914} INFO - Processing file /opt/airflow/dags/premier_dag.py for tasks to queue
[2025-10-17T09:18:50.457+0000] {logging_mixin.py:190} INFO - [2025-10-17T09:18:50.457+0000] {dagbag.py:588} INFO - Filling up the DagBag from /opt/airflow/dags/premier_dag.py
[2025-10-17T09:18:50.488+0000] {processor.py:925} INFO - DAG(s) 'premier_dag_test' retrieved from /opt/airflow/dags/premier_dag.py
[2025-10-17T09:18:50.511+0000] {logging_mixin.py:190} INFO - [2025-10-17T09:18:50.510+0000] {dag.py:3239} INFO - Sync 1 DAGs
[2025-10-17T09:18:50.531+0000] {logging_mixin.py:190} INFO - [2025-10-17T09:18:50.531+0000] {dag.py:4180} INFO - Setting next_dagrun for premier_dag_test to 2025-06-02 09:00:00+00:00, run_after=2025-06-02 10:00:00+00:00
[2025-10-17T09:18:50.551+0000] {processor.py:208} INFO - Processing /opt/airflow/dags/premier_dag.py took 0.101 seconds
[2025-10-17T09:19:20.990+0000] {processor.py:186} INFO - Started process (PID=2555) to work on /opt/airflow/dags/premier_dag.py
[2025-10-17T09:19:20.991+0000] {processor.py:914} INFO - Processing file /opt/airflow/dags/premier_dag.py for tasks to queue
[2025-10-17T09:19:20.993+0000] {logging_mixin.py:190} INFO - [2025-10-17T09:19:20.993+0000] {dagbag.py:588} INFO - Filling up the DagBag from /opt/airflow/dags/premier_dag.py
[2025-10-17T09:19:21.024+0000] {processor.py:925} INFO - DAG(s) 'premier_dag_test' retrieved from /opt/airflow/dags/premier_dag.py
[2025-10-17T09:19:21.048+0000] {logging_mixin.py:190} INFO - [2025-10-17T09:19:21.048+0000] {dag.py:3239} INFO - Sync 1 DAGs
[2025-10-17T09:19:21.069+0000] {logging_mixin.py:190} INFO - [2025-10-17T09:19:21.069+0000] {dag.py:4180} INFO - Setting next_dagrun for premier_dag_test to 2025-06-02 09:00:00+00:00, run_after=2025-06-02 10:00:00+00:00
[2025-10-17T09:19:21.087+0000] {processor.py:208} INFO - Processing /opt/airflow/dags/premier_dag.py took 0.102 seconds
[2025-10-17T09:19:51.497+0000] {processor.py:186} INFO - Started process (PID=2572) to work on /opt/airflow/dags/premier_dag.py
[2025-10-17T09:19:51.499+0000] {processor.py:914} INFO - Processing file /opt/airflow/dags/premier_dag.py for tasks to queue
[2025-10-17T09:19:51.501+0000] {logging_mixin.py:190} INFO - [2025-10-17T09:19:51.500+0000] {dagbag.py:588} INFO - Filling up the DagBag from /opt/airflow/dags/premier_dag.py
[2025-10-17T09:19:51.530+0000] {processor.py:925} INFO - DAG(s) 'premier_dag_test' retrieved from /opt/airflow/dags/premier_dag.py
[2025-10-17T09:19:51.556+0000] {logging_mixin.py:190} INFO - [2025-10-17T09:19:51.555+0000] {dag.py:3239} INFO - Sync 1 DAGs
[2025-10-17T09:19:51.577+0000] {logging_mixin.py:190} INFO - [2025-10-17T09:19:51.577+0000] {dag.py:4180} INFO - Setting next_dagrun for premier_dag_test to 2025-06-02 09:00:00+00:00, run_after=2025-06-02 10:00:00+00:00
[2025-10-17T09:19:51.595+0000] {processor.py:208} INFO - Processing /opt/airflow/dags/premier_dag.py took 0.102 seconds
[2025-10-17T09:20:21.994+0000] {processor.py:186} INFO - Started process (PID=2589) to work on /opt/airflow/dags/premier_dag.py
[2025-10-17T09:20:21.995+0000] {processor.py:914} INFO - Processing file /opt/airflow/dags/premier_dag.py for tasks to queue
[2025-10-17T09:20:21.997+0000] {logging_mixin.py:190} INFO - [2025-10-17T09:20:21.997+0000] {dagbag.py:588} INFO - Filling up the DagBag from /opt/airflow/dags/premier_dag.py
[2025-10-17T09:20:22.026+0000] {processor.py:925} INFO - DAG(s) 'premier_dag_test' retrieved from /opt/airflow/dags/premier_dag.py
[2025-10-17T09:20:22.049+0000] {logging_mixin.py:190} INFO - [2025-10-17T09:20:22.049+0000] {dag.py:3239} INFO - Sync 1 DAGs
[2025-10-17T09:20:22.073+0000] {logging_mixin.py:190} INFO - [2025-10-17T09:20:22.073+0000] {dag.py:4180} INFO - Setting next_dagrun for premier_dag_test to 2025-06-02 09:00:00+00:00, run_after=2025-06-02 10:00:00+00:00
[2025-10-17T09:20:22.207+0000] {processor.py:208} INFO - Processing /opt/airflow/dags/premier_dag.py took 0.218 seconds
[2025-10-17T09:20:52.577+0000] {processor.py:186} INFO - Started process (PID=2606) to work on /opt/airflow/dags/premier_dag.py
[2025-10-17T09:20:52.579+0000] {processor.py:914} INFO - Processing file /opt/airflow/dags/premier_dag.py for tasks to queue
[2025-10-17T09:20:52.582+0000] {logging_mixin.py:190} INFO - [2025-10-17T09:20:52.581+0000] {dagbag.py:588} INFO - Filling up the DagBag from /opt/airflow/dags/premier_dag.py
[2025-10-17T09:20:52.617+0000] {processor.py:925} INFO - DAG(s) 'premier_dag_test' retrieved from /opt/airflow/dags/premier_dag.py
[2025-10-17T09:20:52.641+0000] {logging_mixin.py:190} INFO - [2025-10-17T09:20:52.641+0000] {dag.py:3239} INFO - Sync 1 DAGs
[2025-10-17T09:20:52.796+0000] {logging_mixin.py:190} INFO - [2025-10-17T09:20:52.796+0000] {dag.py:4180} INFO - Setting next_dagrun for premier_dag_test to 2025-06-02 09:00:00+00:00, run_after=2025-06-02 10:00:00+00:00
[2025-10-17T09:20:52.820+0000] {processor.py:208} INFO - Processing /opt/airflow/dags/premier_dag.py took 0.247 seconds
[2025-10-17T09:21:23.252+0000] {processor.py:186} INFO - Started process (PID=2623) to work on /opt/airflow/dags/premier_dag.py
[2025-10-17T09:21:23.253+0000] {processor.py:914} INFO - Processing file /opt/airflow/dags/premier_dag.py for tasks to queue
[2025-10-17T09:21:23.255+0000] {logging_mixin.py:190} INFO - [2025-10-17T09:21:23.255+0000] {dagbag.py:588} INFO - Filling up the DagBag from /opt/airflow/dags/premier_dag.py
[2025-10-17T09:21:23.283+0000] {processor.py:925} INFO - DAG(s) 'premier_dag_test' retrieved from /opt/airflow/dags/premier_dag.py
[2025-10-17T09:21:23.307+0000] {logging_mixin.py:190} INFO - [2025-10-17T09:21:23.307+0000] {dag.py:3239} INFO - Sync 1 DAGs
[2025-10-17T09:21:23.444+0000] {logging_mixin.py:190} INFO - [2025-10-17T09:21:23.444+0000] {dag.py:4180} INFO - Setting next_dagrun for premier_dag_test to 2025-06-02 09:00:00+00:00, run_after=2025-06-02 10:00:00+00:00
[2025-10-17T09:21:23.465+0000] {processor.py:208} INFO - Processing /opt/airflow/dags/premier_dag.py took 0.219 seconds
[2025-10-17T09:21:53.918+0000] {processor.py:186} INFO - Started process (PID=2640) to work on /opt/airflow/dags/premier_dag.py
[2025-10-17T09:21:53.919+0000] {processor.py:914} INFO - Processing file /opt/airflow/dags/premier_dag.py for tasks to queue
[2025-10-17T09:21:53.922+0000] {logging_mixin.py:190} INFO - [2025-10-17T09:21:53.921+0000] {dagbag.py:588} INFO - Filling up the DagBag from /opt/airflow/dags/premier_dag.py
[2025-10-17T09:21:53.956+0000] {processor.py:925} INFO - DAG(s) 'premier_dag_test' retrieved from /opt/airflow/dags/premier_dag.py
[2025-10-17T09:21:53.978+0000] {logging_mixin.py:190} INFO - [2025-10-17T09:21:53.978+0000] {dag.py:3239} INFO - Sync 1 DAGs
[2025-10-17T09:21:53.998+0000] {logging_mixin.py:190} INFO - [2025-10-17T09:21:53.998+0000] {dag.py:4180} INFO - Setting next_dagrun for premier_dag_test to 2025-06-02 09:00:00+00:00, run_after=2025-06-02 10:00:00+00:00
[2025-10-17T09:21:54.015+0000] {processor.py:208} INFO - Processing /opt/airflow/dags/premier_dag.py took 0.103 seconds
[2025-10-17T09:22:24.388+0000] {processor.py:186} INFO - Started process (PID=2657) to work on /opt/airflow/dags/premier_dag.py
[2025-10-17T09:22:24.389+0000] {processor.py:914} INFO - Processing file /opt/airflow/dags/premier_dag.py for tasks to queue
[2025-10-17T09:22:24.391+0000] {logging_mixin.py:190} INFO - [2025-10-17T09:22:24.390+0000] {dagbag.py:588} INFO - Filling up the DagBag from /opt/airflow/dags/premier_dag.py
[2025-10-17T09:22:24.418+0000] {processor.py:925} INFO - DAG(s) 'premier_dag_test' retrieved from /opt/airflow/dags/premier_dag.py
[2025-10-17T09:22:24.440+0000] {logging_mixin.py:190} INFO - [2025-10-17T09:22:24.439+0000] {dag.py:3239} INFO - Sync 1 DAGs
[2025-10-17T09:22:24.460+0000] {logging_mixin.py:190} INFO - [2025-10-17T09:22:24.459+0000] {dag.py:4180} INFO - Setting next_dagrun for premier_dag_test to 2025-06-02 09:00:00+00:00, run_after=2025-06-02 10:00:00+00:00
[2025-10-17T09:22:24.477+0000] {processor.py:208} INFO - Processing /opt/airflow/dags/premier_dag.py took 0.094 seconds
[2025-10-17T09:22:54.917+0000] {processor.py:186} INFO - Started process (PID=2674) to work on /opt/airflow/dags/premier_dag.py
[2025-10-17T09:22:54.918+0000] {processor.py:914} INFO - Processing file /opt/airflow/dags/premier_dag.py for tasks to queue
[2025-10-17T09:22:54.921+0000] {logging_mixin.py:190} INFO - [2025-10-17T09:22:54.921+0000] {dagbag.py:588} INFO - Filling up the DagBag from /opt/airflow/dags/premier_dag.py
[2025-10-17T09:22:54.948+0000] {processor.py:925} INFO - DAG(s) 'premier_dag_test' retrieved from /opt/airflow/dags/premier_dag.py
[2025-10-17T09:22:54.970+0000] {logging_mixin.py:190} INFO - [2025-10-17T09:22:54.970+0000] {dag.py:3239} INFO - Sync 1 DAGs
[2025-10-17T09:22:54.991+0000] {logging_mixin.py:190} INFO - [2025-10-17T09:22:54.991+0000] {dag.py:4180} INFO - Setting next_dagrun for premier_dag_test to 2025-06-02 09:00:00+00:00, run_after=2025-06-02 10:00:00+00:00
[2025-10-17T09:22:55.013+0000] {processor.py:208} INFO - Processing /opt/airflow/dags/premier_dag.py took 0.100 seconds
[2025-10-17T09:23:25.406+0000] {processor.py:186} INFO - Started process (PID=2691) to work on /opt/airflow/dags/premier_dag.py
[2025-10-17T09:23:25.407+0000] {processor.py:914} INFO - Processing file /opt/airflow/dags/premier_dag.py for tasks to queue
[2025-10-17T09:23:25.409+0000] {logging_mixin.py:190} INFO - [2025-10-17T09:23:25.409+0000] {dagbag.py:588} INFO - Filling up the DagBag from /opt/airflow/dags/premier_dag.py
[2025-10-17T09:23:25.438+0000] {processor.py:925} INFO - DAG(s) 'premier_dag_test' retrieved from /opt/airflow/dags/premier_dag.py
[2025-10-17T09:23:25.468+0000] {logging_mixin.py:190} INFO - [2025-10-17T09:23:25.468+0000] {dag.py:3239} INFO - Sync 1 DAGs
[2025-10-17T09:23:25.493+0000] {logging_mixin.py:190} INFO - [2025-10-17T09:23:25.493+0000] {dag.py:4180} INFO - Setting next_dagrun for premier_dag_test to 2025-06-02 09:00:00+00:00, run_after=2025-06-02 10:00:00+00:00
[2025-10-17T09:23:25.630+0000] {processor.py:208} INFO - Processing /opt/airflow/dags/premier_dag.py took 0.229 seconds
[2025-10-17T09:23:56.016+0000] {processor.py:186} INFO - Started process (PID=2708) to work on /opt/airflow/dags/premier_dag.py
[2025-10-17T09:23:56.017+0000] {processor.py:914} INFO - Processing file /opt/airflow/dags/premier_dag.py for tasks to queue
[2025-10-17T09:23:56.020+0000] {logging_mixin.py:190} INFO - [2025-10-17T09:23:56.019+0000] {dagbag.py:588} INFO - Filling up the DagBag from /opt/airflow/dags/premier_dag.py
[2025-10-17T09:23:56.042+0000] {processor.py:925} INFO - DAG(s) 'premier_dag_test' retrieved from /opt/airflow/dags/premier_dag.py
[2025-10-17T09:23:56.065+0000] {logging_mixin.py:190} INFO - [2025-10-17T09:23:56.065+0000] {dag.py:3239} INFO - Sync 1 DAGs
[2025-10-17T09:23:56.207+0000] {logging_mixin.py:190} INFO - [2025-10-17T09:23:56.207+0000] {dag.py:4180} INFO - Setting next_dagrun for premier_dag_test to 2025-06-02 09:00:00+00:00, run_after=2025-06-02 10:00:00+00:00
[2025-10-17T09:23:56.225+0000] {processor.py:208} INFO - Processing /opt/airflow/dags/premier_dag.py took 0.214 seconds
[2025-10-17T09:24:26.634+0000] {processor.py:186} INFO - Started process (PID=2725) to work on /opt/airflow/dags/premier_dag.py
[2025-10-17T09:24:26.635+0000] {processor.py:914} INFO - Processing file /opt/airflow/dags/premier_dag.py for tasks to queue
[2025-10-17T09:24:26.637+0000] {logging_mixin.py:190} INFO - [2025-10-17T09:24:26.637+0000] {dagbag.py:588} INFO - Filling up the DagBag from /opt/airflow/dags/premier_dag.py
[2025-10-17T09:24:26.658+0000] {processor.py:925} INFO - DAG(s) 'premier_dag_test' retrieved from /opt/airflow/dags/premier_dag.py
[2025-10-17T09:24:26.681+0000] {logging_mixin.py:190} INFO - [2025-10-17T09:24:26.681+0000] {dag.py:3239} INFO - Sync 1 DAGs
[2025-10-17T09:24:26.834+0000] {logging_mixin.py:190} INFO - [2025-10-17T09:24:26.833+0000] {dag.py:4180} INFO - Setting next_dagrun for premier_dag_test to 2025-06-02 09:00:00+00:00, run_after=2025-06-02 10:00:00+00:00
[2025-10-17T09:24:26.852+0000] {processor.py:208} INFO - Processing /opt/airflow/dags/premier_dag.py took 0.224 seconds
[2025-10-17T09:24:57.247+0000] {processor.py:186} INFO - Started process (PID=2742) to work on /opt/airflow/dags/premier_dag.py
[2025-10-17T09:24:57.248+0000] {processor.py:914} INFO - Processing file /opt/airflow/dags/premier_dag.py for tasks to queue
[2025-10-17T09:24:57.250+0000] {logging_mixin.py:190} INFO - [2025-10-17T09:24:57.250+0000] {dagbag.py:588} INFO - Filling up the DagBag from /opt/airflow/dags/premier_dag.py
[2025-10-17T09:24:57.270+0000] {processor.py:925} INFO - DAG(s) 'premier_dag_test' retrieved from /opt/airflow/dags/premier_dag.py
[2025-10-17T09:24:57.293+0000] {logging_mixin.py:190} INFO - [2025-10-17T09:24:57.292+0000] {dag.py:3239} INFO - Sync 1 DAGs
[2025-10-17T09:24:57.313+0000] {logging_mixin.py:190} INFO - [2025-10-17T09:24:57.313+0000] {dag.py:4180} INFO - Setting next_dagrun for premier_dag_test to 2025-06-02 09:00:00+00:00, run_after=2025-06-02 10:00:00+00:00
[2025-10-17T09:24:57.334+0000] {processor.py:208} INFO - Processing /opt/airflow/dags/premier_dag.py took 0.092 seconds
[2025-10-17T09:25:27.725+0000] {processor.py:186} INFO - Started process (PID=2759) to work on /opt/airflow/dags/premier_dag.py
[2025-10-17T09:25:27.726+0000] {processor.py:914} INFO - Processing file /opt/airflow/dags/premier_dag.py for tasks to queue
[2025-10-17T09:25:27.728+0000] {logging_mixin.py:190} INFO - [2025-10-17T09:25:27.728+0000] {dagbag.py:588} INFO - Filling up the DagBag from /opt/airflow/dags/premier_dag.py
[2025-10-17T09:25:27.745+0000] {processor.py:925} INFO - DAG(s) 'premier_dag_test' retrieved from /opt/airflow/dags/premier_dag.py
[2025-10-17T09:25:27.771+0000] {logging_mixin.py:190} INFO - [2025-10-17T09:25:27.770+0000] {dag.py:3239} INFO - Sync 1 DAGs
[2025-10-17T09:25:27.813+0000] {logging_mixin.py:190} INFO - [2025-10-17T09:25:27.812+0000] {dag.py:4180} INFO - Setting next_dagrun for premier_dag_test to 2025-06-02 09:00:00+00:00, run_after=2025-06-02 10:00:00+00:00
[2025-10-17T09:25:27.844+0000] {processor.py:208} INFO - Processing /opt/airflow/dags/premier_dag.py took 0.125 seconds
[2025-10-17T09:25:58.195+0000] {processor.py:186} INFO - Started process (PID=2776) to work on /opt/airflow/dags/premier_dag.py
[2025-10-17T09:25:58.196+0000] {processor.py:914} INFO - Processing file /opt/airflow/dags/premier_dag.py for tasks to queue
[2025-10-17T09:25:58.198+0000] {logging_mixin.py:190} INFO - [2025-10-17T09:25:58.198+0000] {dagbag.py:588} INFO - Filling up the DagBag from /opt/airflow/dags/premier_dag.py
[2025-10-17T09:25:58.218+0000] {processor.py:925} INFO - DAG(s) 'premier_dag_test' retrieved from /opt/airflow/dags/premier_dag.py
[2025-10-17T09:25:58.241+0000] {logging_mixin.py:190} INFO - [2025-10-17T09:25:58.241+0000] {dag.py:3239} INFO - Sync 1 DAGs
[2025-10-17T09:25:58.264+0000] {logging_mixin.py:190} INFO - [2025-10-17T09:25:58.264+0000] {dag.py:4180} INFO - Setting next_dagrun for premier_dag_test to 2025-06-02 09:00:00+00:00, run_after=2025-06-02 10:00:00+00:00
[2025-10-17T09:25:58.282+0000] {processor.py:208} INFO - Processing /opt/airflow/dags/premier_dag.py took 0.092 seconds
[2025-10-17T09:26:28.701+0000] {processor.py:186} INFO - Started process (PID=2793) to work on /opt/airflow/dags/premier_dag.py
[2025-10-17T09:26:28.702+0000] {processor.py:914} INFO - Processing file /opt/airflow/dags/premier_dag.py for tasks to queue
[2025-10-17T09:26:28.705+0000] {logging_mixin.py:190} INFO - [2025-10-17T09:26:28.704+0000] {dagbag.py:588} INFO - Filling up the DagBag from /opt/airflow/dags/premier_dag.py
[2025-10-17T09:26:28.724+0000] {processor.py:925} INFO - DAG(s) 'premier_dag_test' retrieved from /opt/airflow/dags/premier_dag.py
[2025-10-17T09:26:28.747+0000] {logging_mixin.py:190} INFO - [2025-10-17T09:26:28.747+0000] {dag.py:3239} INFO - Sync 1 DAGs
[2025-10-17T09:26:28.888+0000] {logging_mixin.py:190} INFO - [2025-10-17T09:26:28.888+0000] {dag.py:4180} INFO - Setting next_dagrun for premier_dag_test to 2025-06-02 09:00:00+00:00, run_after=2025-06-02 10:00:00+00:00
[2025-10-17T09:26:28.910+0000] {processor.py:208} INFO - Processing /opt/airflow/dags/premier_dag.py took 0.214 seconds
[2025-10-17T09:26:59.352+0000] {processor.py:186} INFO - Started process (PID=2810) to work on /opt/airflow/dags/premier_dag.py
[2025-10-17T09:26:59.353+0000] {processor.py:914} INFO - Processing file /opt/airflow/dags/premier_dag.py for tasks to queue
[2025-10-17T09:26:59.355+0000] {logging_mixin.py:190} INFO - [2025-10-17T09:26:59.355+0000] {dagbag.py:588} INFO - Filling up the DagBag from /opt/airflow/dags/premier_dag.py
[2025-10-17T09:26:59.380+0000] {processor.py:925} INFO - DAG(s) 'premier_dag_test' retrieved from /opt/airflow/dags/premier_dag.py
[2025-10-17T09:26:59.407+0000] {logging_mixin.py:190} INFO - [2025-10-17T09:26:59.407+0000] {dag.py:3239} INFO - Sync 1 DAGs
[2025-10-17T09:26:59.546+0000] {logging_mixin.py:190} INFO - [2025-10-17T09:26:59.546+0000] {dag.py:4180} INFO - Setting next_dagrun for premier_dag_test to 2025-06-02 09:00:00+00:00, run_after=2025-06-02 10:00:00+00:00
[2025-10-17T09:26:59.568+0000] {processor.py:208} INFO - Processing /opt/airflow/dags/premier_dag.py took 0.221 seconds
[2025-10-17T09:27:29.971+0000] {processor.py:186} INFO - Started process (PID=2827) to work on /opt/airflow/dags/premier_dag.py
[2025-10-17T09:27:29.972+0000] {processor.py:914} INFO - Processing file /opt/airflow/dags/premier_dag.py for tasks to queue
[2025-10-17T09:27:29.975+0000] {logging_mixin.py:190} INFO - [2025-10-17T09:27:29.974+0000] {dagbag.py:588} INFO - Filling up the DagBag from /opt/airflow/dags/premier_dag.py
[2025-10-17T09:27:29.995+0000] {processor.py:925} INFO - DAG(s) 'premier_dag_test' retrieved from /opt/airflow/dags/premier_dag.py
[2025-10-17T09:27:30.147+0000] {logging_mixin.py:190} INFO - [2025-10-17T09:27:30.146+0000] {dag.py:3239} INFO - Sync 1 DAGs
[2025-10-17T09:27:30.168+0000] {logging_mixin.py:190} INFO - [2025-10-17T09:27:30.168+0000] {dag.py:4180} INFO - Setting next_dagrun for premier_dag_test to 2025-06-02 09:00:00+00:00, run_after=2025-06-02 10:00:00+00:00
[2025-10-17T09:27:30.190+0000] {processor.py:208} INFO - Processing /opt/airflow/dags/premier_dag.py took 0.224 seconds
[2025-10-17T09:28:00.627+0000] {processor.py:186} INFO - Started process (PID=2844) to work on /opt/airflow/dags/premier_dag.py
[2025-10-17T09:28:00.628+0000] {processor.py:914} INFO - Processing file /opt/airflow/dags/premier_dag.py for tasks to queue
[2025-10-17T09:28:00.631+0000] {logging_mixin.py:190} INFO - [2025-10-17T09:28:00.630+0000] {dagbag.py:588} INFO - Filling up the DagBag from /opt/airflow/dags/premier_dag.py
[2025-10-17T09:28:00.663+0000] {processor.py:925} INFO - DAG(s) 'premier_dag_test' retrieved from /opt/airflow/dags/premier_dag.py
[2025-10-17T09:28:00.691+0000] {logging_mixin.py:190} INFO - [2025-10-17T09:28:00.690+0000] {dag.py:3239} INFO - Sync 1 DAGs
[2025-10-17T09:28:00.713+0000] {logging_mixin.py:190} INFO - [2025-10-17T09:28:00.712+0000] {dag.py:4180} INFO - Setting next_dagrun for premier_dag_test to 2025-06-02 09:00:00+00:00, run_after=2025-06-02 10:00:00+00:00
[2025-10-17T09:28:00.733+0000] {processor.py:208} INFO - Processing /opt/airflow/dags/premier_dag.py took 0.113 seconds
[2025-10-17T09:28:31.156+0000] {processor.py:186} INFO - Started process (PID=2861) to work on /opt/airflow/dags/premier_dag.py
[2025-10-17T09:28:31.158+0000] {processor.py:914} INFO - Processing file /opt/airflow/dags/premier_dag.py for tasks to queue
[2025-10-17T09:28:31.160+0000] {logging_mixin.py:190} INFO - [2025-10-17T09:28:31.159+0000] {dagbag.py:588} INFO - Filling up the DagBag from /opt/airflow/dags/premier_dag.py
[2025-10-17T09:28:31.184+0000] {processor.py:925} INFO - DAG(s) 'premier_dag_test' retrieved from /opt/airflow/dags/premier_dag.py
[2025-10-17T09:28:31.214+0000] {logging_mixin.py:190} INFO - [2025-10-17T09:28:31.213+0000] {dag.py:3239} INFO - Sync 1 DAGs
[2025-10-17T09:28:31.239+0000] {logging_mixin.py:190} INFO - [2025-10-17T09:28:31.239+0000] {dag.py:4180} INFO - Setting next_dagrun for premier_dag_test to 2025-06-02 09:00:00+00:00, run_after=2025-06-02 10:00:00+00:00
[2025-10-17T09:28:31.261+0000] {processor.py:208} INFO - Processing /opt/airflow/dags/premier_dag.py took 0.109 seconds
[2025-10-17T09:29:01.662+0000] {processor.py:186} INFO - Started process (PID=2878) to work on /opt/airflow/dags/premier_dag.py
[2025-10-17T09:29:01.663+0000] {processor.py:914} INFO - Processing file /opt/airflow/dags/premier_dag.py for tasks to queue
[2025-10-17T09:29:01.665+0000] {logging_mixin.py:190} INFO - [2025-10-17T09:29:01.665+0000] {dagbag.py:588} INFO - Filling up the DagBag from /opt/airflow/dags/premier_dag.py
[2025-10-17T09:29:01.686+0000] {processor.py:925} INFO - DAG(s) 'premier_dag_test' retrieved from /opt/airflow/dags/premier_dag.py
[2025-10-17T09:29:01.710+0000] {logging_mixin.py:190} INFO - [2025-10-17T09:29:01.710+0000] {dag.py:3239} INFO - Sync 1 DAGs
[2025-10-17T09:29:01.730+0000] {logging_mixin.py:190} INFO - [2025-10-17T09:29:01.730+0000] {dag.py:4180} INFO - Setting next_dagrun for premier_dag_test to 2025-06-02 09:00:00+00:00, run_after=2025-06-02 10:00:00+00:00
[2025-10-17T09:29:01.749+0000] {processor.py:208} INFO - Processing /opt/airflow/dags/premier_dag.py took 0.093 seconds
[2025-10-17T09:29:32.128+0000] {processor.py:186} INFO - Started process (PID=2895) to work on /opt/airflow/dags/premier_dag.py
[2025-10-17T09:29:32.129+0000] {processor.py:914} INFO - Processing file /opt/airflow/dags/premier_dag.py for tasks to queue
[2025-10-17T09:29:32.131+0000] {logging_mixin.py:190} INFO - [2025-10-17T09:29:32.131+0000] {dagbag.py:588} INFO - Filling up the DagBag from /opt/airflow/dags/premier_dag.py
[2025-10-17T09:29:32.155+0000] {processor.py:925} INFO - DAG(s) 'premier_dag_test' retrieved from /opt/airflow/dags/premier_dag.py
[2025-10-17T09:29:32.181+0000] {logging_mixin.py:190} INFO - [2025-10-17T09:29:32.181+0000] {dag.py:3239} INFO - Sync 1 DAGs
[2025-10-17T09:29:32.325+0000] {logging_mixin.py:190} INFO - [2025-10-17T09:29:32.325+0000] {dag.py:4180} INFO - Setting next_dagrun for premier_dag_test to 2025-06-02 09:00:00+00:00, run_after=2025-06-02 10:00:00+00:00
[2025-10-17T09:29:32.345+0000] {processor.py:208} INFO - Processing /opt/airflow/dags/premier_dag.py took 0.223 seconds
[2025-10-17T09:30:02.754+0000] {processor.py:186} INFO - Started process (PID=2912) to work on /opt/airflow/dags/premier_dag.py
[2025-10-17T09:30:02.756+0000] {processor.py:914} INFO - Processing file /opt/airflow/dags/premier_dag.py for tasks to queue
[2025-10-17T09:30:02.759+0000] {logging_mixin.py:190} INFO - [2025-10-17T09:30:02.758+0000] {dagbag.py:588} INFO - Filling up the DagBag from /opt/airflow/dags/premier_dag.py
[2025-10-17T09:30:02.780+0000] {processor.py:925} INFO - DAG(s) 'premier_dag_test' retrieved from /opt/airflow/dags/premier_dag.py
[2025-10-17T09:30:02.810+0000] {logging_mixin.py:190} INFO - [2025-10-17T09:30:02.809+0000] {dag.py:3239} INFO - Sync 1 DAGs
[2025-10-17T09:30:02.973+0000] {logging_mixin.py:190} INFO - [2025-10-17T09:30:02.973+0000] {dag.py:4180} INFO - Setting next_dagrun for premier_dag_test to 2025-06-02 09:00:00+00:00, run_after=2025-06-02 10:00:00+00:00
[2025-10-17T09:30:02.991+0000] {processor.py:208} INFO - Processing /opt/airflow/dags/premier_dag.py took 0.243 seconds
[2025-10-17T09:30:33.370+0000] {processor.py:186} INFO - Started process (PID=2929) to work on /opt/airflow/dags/premier_dag.py
[2025-10-17T09:30:33.372+0000] {processor.py:914} INFO - Processing file /opt/airflow/dags/premier_dag.py for tasks to queue
[2025-10-17T09:30:33.374+0000] {logging_mixin.py:190} INFO - [2025-10-17T09:30:33.374+0000] {dagbag.py:588} INFO - Filling up the DagBag from /opt/airflow/dags/premier_dag.py
[2025-10-17T09:30:33.393+0000] {processor.py:925} INFO - DAG(s) 'premier_dag_test' retrieved from /opt/airflow/dags/premier_dag.py
[2025-10-17T09:30:33.532+0000] {logging_mixin.py:190} INFO - [2025-10-17T09:30:33.531+0000] {dag.py:3239} INFO - Sync 1 DAGs
[2025-10-17T09:30:33.550+0000] {logging_mixin.py:190} INFO - [2025-10-17T09:30:33.549+0000] {dag.py:4180} INFO - Setting next_dagrun for premier_dag_test to 2025-06-02 09:00:00+00:00, run_after=2025-06-02 10:00:00+00:00
[2025-10-17T09:30:33.565+0000] {processor.py:208} INFO - Processing /opt/airflow/dags/premier_dag.py took 0.199 seconds
[2025-10-17T09:31:03.977+0000] {processor.py:186} INFO - Started process (PID=2946) to work on /opt/airflow/dags/premier_dag.py
[2025-10-17T09:31:03.978+0000] {processor.py:914} INFO - Processing file /opt/airflow/dags/premier_dag.py for tasks to queue
[2025-10-17T09:31:03.980+0000] {logging_mixin.py:190} INFO - [2025-10-17T09:31:03.980+0000] {dagbag.py:588} INFO - Filling up the DagBag from /opt/airflow/dags/premier_dag.py
[2025-10-17T09:31:04.000+0000] {processor.py:925} INFO - DAG(s) 'premier_dag_test' retrieved from /opt/airflow/dags/premier_dag.py
[2025-10-17T09:31:04.023+0000] {logging_mixin.py:190} INFO - [2025-10-17T09:31:04.022+0000] {dag.py:3239} INFO - Sync 1 DAGs
[2025-10-17T09:31:04.043+0000] {logging_mixin.py:190} INFO - [2025-10-17T09:31:04.043+0000] {dag.py:4180} INFO - Setting next_dagrun for premier_dag_test to 2025-06-02 09:00:00+00:00, run_after=2025-06-02 10:00:00+00:00
[2025-10-17T09:31:04.064+0000] {processor.py:208} INFO - Processing /opt/airflow/dags/premier_dag.py took 0.092 seconds
[2025-10-17T09:31:34.506+0000] {processor.py:186} INFO - Started process (PID=2963) to work on /opt/airflow/dags/premier_dag.py
[2025-10-17T09:31:34.507+0000] {processor.py:914} INFO - Processing file /opt/airflow/dags/premier_dag.py for tasks to queue
[2025-10-17T09:31:34.510+0000] {logging_mixin.py:190} INFO - [2025-10-17T09:31:34.509+0000] {dagbag.py:588} INFO - Filling up the DagBag from /opt/airflow/dags/premier_dag.py
[2025-10-17T09:31:34.531+0000] {processor.py:925} INFO - DAG(s) 'premier_dag_test' retrieved from /opt/airflow/dags/premier_dag.py
[2025-10-17T09:31:34.555+0000] {logging_mixin.py:190} INFO - [2025-10-17T09:31:34.555+0000] {dag.py:3239} INFO - Sync 1 DAGs
[2025-10-17T09:31:34.576+0000] {logging_mixin.py:190} INFO - [2025-10-17T09:31:34.576+0000] {dag.py:4180} INFO - Setting next_dagrun for premier_dag_test to 2025-06-02 09:00:00+00:00, run_after=2025-06-02 10:00:00+00:00
[2025-10-17T09:31:34.598+0000] {processor.py:208} INFO - Processing /opt/airflow/dags/premier_dag.py took 0.097 seconds
[2025-10-17T09:32:05.031+0000] {processor.py:186} INFO - Started process (PID=2980) to work on /opt/airflow/dags/premier_dag.py
[2025-10-17T09:32:05.033+0000] {processor.py:914} INFO - Processing file /opt/airflow/dags/premier_dag.py for tasks to queue
[2025-10-17T09:32:05.035+0000] {logging_mixin.py:190} INFO - [2025-10-17T09:32:05.034+0000] {dagbag.py:588} INFO - Filling up the DagBag from /opt/airflow/dags/premier_dag.py
[2025-10-17T09:32:05.055+0000] {processor.py:925} INFO - DAG(s) 'premier_dag_test' retrieved from /opt/airflow/dags/premier_dag.py
[2025-10-17T09:32:05.078+0000] {logging_mixin.py:190} INFO - [2025-10-17T09:32:05.077+0000] {dag.py:3239} INFO - Sync 1 DAGs
[2025-10-17T09:32:05.099+0000] {logging_mixin.py:190} INFO - [2025-10-17T09:32:05.098+0000] {dag.py:4180} INFO - Setting next_dagrun for premier_dag_test to 2025-06-02 09:00:00+00:00, run_after=2025-06-02 10:00:00+00:00
[2025-10-17T09:32:05.238+0000] {processor.py:208} INFO - Processing /opt/airflow/dags/premier_dag.py took 0.211 seconds
[2025-10-17T09:32:35.666+0000] {processor.py:186} INFO - Started process (PID=2997) to work on /opt/airflow/dags/premier_dag.py
[2025-10-17T09:32:35.667+0000] {processor.py:914} INFO - Processing file /opt/airflow/dags/premier_dag.py for tasks to queue
[2025-10-17T09:32:35.670+0000] {logging_mixin.py:190} INFO - [2025-10-17T09:32:35.669+0000] {dagbag.py:588} INFO - Filling up the DagBag from /opt/airflow/dags/premier_dag.py
[2025-10-17T09:32:35.717+0000] {processor.py:925} INFO - DAG(s) 'premier_dag_test' retrieved from /opt/airflow/dags/premier_dag.py
[2025-10-17T09:32:35.749+0000] {logging_mixin.py:190} INFO - [2025-10-17T09:32:35.749+0000] {dag.py:3239} INFO - Sync 1 DAGs
[2025-10-17T09:32:35.914+0000] {logging_mixin.py:190} INFO - [2025-10-17T09:32:35.914+0000] {dag.py:4180} INFO - Setting next_dagrun for premier_dag_test to 2025-06-02 09:00:00+00:00, run_after=2025-06-02 10:00:00+00:00
[2025-10-17T09:32:35.972+0000] {processor.py:208} INFO - Processing /opt/airflow/dags/premier_dag.py took 0.312 seconds
[2025-10-17T10:59:12.700+0000] {processor.py:186} INFO - Started process (PID=3005) to work on /opt/airflow/dags/premier_dag.py
[2025-10-17T10:59:12.702+0000] {processor.py:914} INFO - Processing file /opt/airflow/dags/premier_dag.py for tasks to queue
[2025-10-17T10:59:12.715+0000] {logging_mixin.py:190} INFO - [2025-10-17T10:59:12.715+0000] {dagbag.py:588} INFO - Filling up the DagBag from /opt/airflow/dags/premier_dag.py
[2025-10-17T10:59:12.807+0000] {processor.py:925} INFO - DAG(s) 'premier_dag_test' retrieved from /opt/airflow/dags/premier_dag.py
[2025-10-17T10:59:12.863+0000] {logging_mixin.py:190} INFO - [2025-10-17T10:59:12.862+0000] {dag.py:3239} INFO - Sync 1 DAGs
[2025-10-17T10:59:13.194+0000] {logging_mixin.py:190} INFO - [2025-10-17T10:59:13.194+0000] {dag.py:4180} INFO - Setting next_dagrun for premier_dag_test to 2025-06-02 09:00:00+00:00, run_after=2025-06-02 10:00:00+00:00
[2025-10-17T10:59:13.236+0000] {processor.py:208} INFO - Processing /opt/airflow/dags/premier_dag.py took 0.558 seconds
[2025-10-17T10:59:43.516+0000] {processor.py:186} INFO - Started process (PID=3031) to work on /opt/airflow/dags/premier_dag.py
[2025-10-17T10:59:43.518+0000] {processor.py:914} INFO - Processing file /opt/airflow/dags/premier_dag.py for tasks to queue
[2025-10-17T10:59:43.524+0000] {logging_mixin.py:190} INFO - [2025-10-17T10:59:43.524+0000] {dagbag.py:588} INFO - Filling up the DagBag from /opt/airflow/dags/premier_dag.py
[2025-10-17T10:59:43.573+0000] {processor.py:925} INFO - DAG(s) 'premier_dag_test' retrieved from /opt/airflow/dags/premier_dag.py
[2025-10-17T10:59:43.812+0000] {logging_mixin.py:190} INFO - [2025-10-17T10:59:43.811+0000] {dag.py:3239} INFO - Sync 1 DAGs
[2025-10-17T10:59:43.845+0000] {logging_mixin.py:190} INFO - [2025-10-17T10:59:43.845+0000] {dag.py:4180} INFO - Setting next_dagrun for premier_dag_test to 2025-06-02 09:00:00+00:00, run_after=2025-06-02 10:00:00+00:00
[2025-10-17T10:59:43.869+0000] {processor.py:208} INFO - Processing /opt/airflow/dags/premier_dag.py took 0.363 seconds
[2025-10-17T11:47:32.986+0000] {processor.py:186} INFO - Started process (PID=3059) to work on /opt/airflow/dags/premier_dag.py
[2025-10-17T11:47:32.989+0000] {processor.py:914} INFO - Processing file /opt/airflow/dags/premier_dag.py for tasks to queue
[2025-10-17T11:47:33.002+0000] {logging_mixin.py:190} INFO - [2025-10-17T11:47:33.001+0000] {dagbag.py:588} INFO - Filling up the DagBag from /opt/airflow/dags/premier_dag.py
[2025-10-17T11:47:33.619+0000] {processor.py:925} INFO - DAG(s) 'premier_dag_test' retrieved from /opt/airflow/dags/premier_dag.py
[2025-10-17T11:47:33.739+0000] {logging_mixin.py:190} INFO - [2025-10-17T11:47:33.729+0000] {dag.py:3239} INFO - Sync 1 DAGs
[2025-10-17T11:47:33.817+0000] {logging_mixin.py:190} INFO - [2025-10-17T11:47:33.816+0000] {dag.py:4180} INFO - Setting next_dagrun for premier_dag_test to 2025-06-02 09:00:00+00:00, run_after=2025-06-02 10:00:00+00:00
[2025-10-17T11:47:33.884+0000] {processor.py:208} INFO - Processing /opt/airflow/dags/premier_dag.py took 0.919 seconds
[2025-10-17T11:48:04.266+0000] {processor.py:186} INFO - Started process (PID=3077) to work on /opt/airflow/dags/premier_dag.py
[2025-10-17T11:48:04.267+0000] {processor.py:914} INFO - Processing file /opt/airflow/dags/premier_dag.py for tasks to queue
[2025-10-17T11:48:04.269+0000] {logging_mixin.py:190} INFO - [2025-10-17T11:48:04.269+0000] {dagbag.py:588} INFO - Filling up the DagBag from /opt/airflow/dags/premier_dag.py
[2025-10-17T11:48:04.282+0000] {processor.py:925} INFO - DAG(s) 'premier_dag_test' retrieved from /opt/airflow/dags/premier_dag.py
[2025-10-17T11:48:04.304+0000] {logging_mixin.py:190} INFO - [2025-10-17T11:48:04.304+0000] {dag.py:3239} INFO - Sync 1 DAGs
[2025-10-17T11:48:04.326+0000] {logging_mixin.py:190} INFO - [2025-10-17T11:48:04.326+0000] {dag.py:4180} INFO - Setting next_dagrun for premier_dag_test to 2025-06-02 09:00:00+00:00, run_after=2025-06-02 10:00:00+00:00
[2025-10-17T11:48:04.345+0000] {processor.py:208} INFO - Processing /opt/airflow/dags/premier_dag.py took 0.084 seconds
[2025-10-17T11:48:34.582+0000] {processor.py:186} INFO - Started process (PID=3094) to work on /opt/airflow/dags/premier_dag.py
[2025-10-17T11:48:34.583+0000] {processor.py:914} INFO - Processing file /opt/airflow/dags/premier_dag.py for tasks to queue
[2025-10-17T11:48:34.585+0000] {logging_mixin.py:190} INFO - [2025-10-17T11:48:34.585+0000] {dagbag.py:588} INFO - Filling up the DagBag from /opt/airflow/dags/premier_dag.py
[2025-10-17T11:48:34.601+0000] {processor.py:925} INFO - DAG(s) 'premier_dag_test' retrieved from /opt/airflow/dags/premier_dag.py
[2025-10-17T11:48:34.623+0000] {logging_mixin.py:190} INFO - [2025-10-17T11:48:34.622+0000] {dag.py:3239} INFO - Sync 1 DAGs
[2025-10-17T11:48:34.644+0000] {logging_mixin.py:190} INFO - [2025-10-17T11:48:34.644+0000] {dag.py:4180} INFO - Setting next_dagrun for premier_dag_test to 2025-06-02 09:00:00+00:00, run_after=2025-06-02 10:00:00+00:00
[2025-10-17T11:48:34.664+0000] {processor.py:208} INFO - Processing /opt/airflow/dags/premier_dag.py took 0.088 seconds
[2025-10-17T11:49:04.907+0000] {processor.py:186} INFO - Started process (PID=3111) to work on /opt/airflow/dags/premier_dag.py
[2025-10-17T11:49:04.908+0000] {processor.py:914} INFO - Processing file /opt/airflow/dags/premier_dag.py for tasks to queue
[2025-10-17T11:49:04.909+0000] {logging_mixin.py:190} INFO - [2025-10-17T11:49:04.909+0000] {dagbag.py:588} INFO - Filling up the DagBag from /opt/airflow/dags/premier_dag.py
[2025-10-17T11:49:04.923+0000] {processor.py:925} INFO - DAG(s) 'premier_dag_test' retrieved from /opt/airflow/dags/premier_dag.py
[2025-10-17T11:49:04.943+0000] {logging_mixin.py:190} INFO - [2025-10-17T11:49:04.943+0000] {dag.py:3239} INFO - Sync 1 DAGs
[2025-10-17T11:49:04.962+0000] {logging_mixin.py:190} INFO - [2025-10-17T11:49:04.962+0000] {dag.py:4180} INFO - Setting next_dagrun for premier_dag_test to 2025-06-02 09:00:00+00:00, run_after=2025-06-02 10:00:00+00:00
[2025-10-17T11:49:04.978+0000] {processor.py:208} INFO - Processing /opt/airflow/dags/premier_dag.py took 0.076 seconds
[2025-10-17T11:49:35.249+0000] {processor.py:186} INFO - Started process (PID=3128) to work on /opt/airflow/dags/premier_dag.py
[2025-10-17T11:49:35.251+0000] {processor.py:914} INFO - Processing file /opt/airflow/dags/premier_dag.py for tasks to queue
[2025-10-17T11:49:35.254+0000] {logging_mixin.py:190} INFO - [2025-10-17T11:49:35.253+0000] {dagbag.py:588} INFO - Filling up the DagBag from /opt/airflow/dags/premier_dag.py
[2025-10-17T11:49:35.273+0000] {processor.py:925} INFO - DAG(s) 'premier_dag_test' retrieved from /opt/airflow/dags/premier_dag.py
[2025-10-17T11:49:35.295+0000] {logging_mixin.py:190} INFO - [2025-10-17T11:49:35.295+0000] {dag.py:3239} INFO - Sync 1 DAGs
[2025-10-17T11:49:35.318+0000] {logging_mixin.py:190} INFO - [2025-10-17T11:49:35.317+0000] {dag.py:4180} INFO - Setting next_dagrun for premier_dag_test to 2025-06-02 09:00:00+00:00, run_after=2025-06-02 10:00:00+00:00
[2025-10-17T11:49:35.335+0000] {processor.py:208} INFO - Processing /opt/airflow/dags/premier_dag.py took 0.093 seconds
[2025-10-17T11:50:05.598+0000] {processor.py:186} INFO - Started process (PID=3145) to work on /opt/airflow/dags/premier_dag.py
[2025-10-17T11:50:05.599+0000] {processor.py:914} INFO - Processing file /opt/airflow/dags/premier_dag.py for tasks to queue
[2025-10-17T11:50:05.601+0000] {logging_mixin.py:190} INFO - [2025-10-17T11:50:05.600+0000] {dagbag.py:588} INFO - Filling up the DagBag from /opt/airflow/dags/premier_dag.py
[2025-10-17T11:50:05.615+0000] {processor.py:925} INFO - DAG(s) 'premier_dag_test' retrieved from /opt/airflow/dags/premier_dag.py
[2025-10-17T11:50:05.636+0000] {logging_mixin.py:190} INFO - [2025-10-17T11:50:05.635+0000] {dag.py:3239} INFO - Sync 1 DAGs
[2025-10-17T11:50:05.655+0000] {logging_mixin.py:190} INFO - [2025-10-17T11:50:05.655+0000] {dag.py:4180} INFO - Setting next_dagrun for premier_dag_test to 2025-06-02 09:00:00+00:00, run_after=2025-06-02 10:00:00+00:00
[2025-10-17T11:50:05.676+0000] {processor.py:208} INFO - Processing /opt/airflow/dags/premier_dag.py took 0.085 seconds
[2025-10-17T11:50:35.942+0000] {processor.py:186} INFO - Started process (PID=3162) to work on /opt/airflow/dags/premier_dag.py
[2025-10-17T11:50:35.943+0000] {processor.py:914} INFO - Processing file /opt/airflow/dags/premier_dag.py for tasks to queue
[2025-10-17T11:50:35.945+0000] {logging_mixin.py:190} INFO - [2025-10-17T11:50:35.944+0000] {dagbag.py:588} INFO - Filling up the DagBag from /opt/airflow/dags/premier_dag.py
[2025-10-17T11:50:35.958+0000] {processor.py:925} INFO - DAG(s) 'premier_dag_test' retrieved from /opt/airflow/dags/premier_dag.py
[2025-10-17T11:50:35.978+0000] {logging_mixin.py:190} INFO - [2025-10-17T11:50:35.977+0000] {dag.py:3239} INFO - Sync 1 DAGs
[2025-10-17T11:50:35.998+0000] {logging_mixin.py:190} INFO - [2025-10-17T11:50:35.998+0000] {dag.py:4180} INFO - Setting next_dagrun for premier_dag_test to 2025-06-02 09:00:00+00:00, run_after=2025-06-02 10:00:00+00:00
[2025-10-17T11:50:36.019+0000] {processor.py:208} INFO - Processing /opt/airflow/dags/premier_dag.py took 0.082 seconds
[2025-10-17T11:51:06.307+0000] {processor.py:186} INFO - Started process (PID=3179) to work on /opt/airflow/dags/premier_dag.py
[2025-10-17T11:51:06.308+0000] {processor.py:914} INFO - Processing file /opt/airflow/dags/premier_dag.py for tasks to queue
[2025-10-17T11:51:06.311+0000] {logging_mixin.py:190} INFO - [2025-10-17T11:51:06.310+0000] {dagbag.py:588} INFO - Filling up the DagBag from /opt/airflow/dags/premier_dag.py
[2025-10-17T11:51:06.327+0000] {processor.py:925} INFO - DAG(s) 'premier_dag_test' retrieved from /opt/airflow/dags/premier_dag.py
[2025-10-17T11:51:06.349+0000] {logging_mixin.py:190} INFO - [2025-10-17T11:51:06.349+0000] {dag.py:3239} INFO - Sync 1 DAGs
[2025-10-17T11:51:06.372+0000] {logging_mixin.py:190} INFO - [2025-10-17T11:51:06.372+0000] {dag.py:4180} INFO - Setting next_dagrun for premier_dag_test to 2025-06-02 09:00:00+00:00, run_after=2025-06-02 10:00:00+00:00
[2025-10-17T11:51:06.393+0000] {processor.py:208} INFO - Processing /opt/airflow/dags/premier_dag.py took 0.092 seconds
[2025-10-17T11:51:36.680+0000] {processor.py:186} INFO - Started process (PID=3196) to work on /opt/airflow/dags/premier_dag.py
[2025-10-17T11:51:36.681+0000] {processor.py:914} INFO - Processing file /opt/airflow/dags/premier_dag.py for tasks to queue
[2025-10-17T11:51:36.684+0000] {logging_mixin.py:190} INFO - [2025-10-17T11:51:36.683+0000] {dagbag.py:588} INFO - Filling up the DagBag from /opt/airflow/dags/premier_dag.py
[2025-10-17T11:51:36.699+0000] {processor.py:925} INFO - DAG(s) 'premier_dag_test' retrieved from /opt/airflow/dags/premier_dag.py
[2025-10-17T11:51:36.719+0000] {logging_mixin.py:190} INFO - [2025-10-17T11:51:36.719+0000] {dag.py:3239} INFO - Sync 1 DAGs
[2025-10-17T11:51:36.739+0000] {logging_mixin.py:190} INFO - [2025-10-17T11:51:36.739+0000] {dag.py:4180} INFO - Setting next_dagrun for premier_dag_test to 2025-06-02 09:00:00+00:00, run_after=2025-06-02 10:00:00+00:00
[2025-10-17T11:51:36.754+0000] {processor.py:208} INFO - Processing /opt/airflow/dags/premier_dag.py took 0.079 seconds
[2025-10-17T11:52:07.070+0000] {processor.py:186} INFO - Started process (PID=3213) to work on /opt/airflow/dags/premier_dag.py
[2025-10-17T11:52:07.071+0000] {processor.py:914} INFO - Processing file /opt/airflow/dags/premier_dag.py for tasks to queue
[2025-10-17T11:52:07.073+0000] {logging_mixin.py:190} INFO - [2025-10-17T11:52:07.073+0000] {dagbag.py:588} INFO - Filling up the DagBag from /opt/airflow/dags/premier_dag.py
[2025-10-17T11:52:07.087+0000] {processor.py:925} INFO - DAG(s) 'premier_dag_test' retrieved from /opt/airflow/dags/premier_dag.py
[2025-10-17T11:52:07.107+0000] {logging_mixin.py:190} INFO - [2025-10-17T11:52:07.107+0000] {dag.py:3239} INFO - Sync 1 DAGs
[2025-10-17T11:52:07.126+0000] {logging_mixin.py:190} INFO - [2025-10-17T11:52:07.126+0000] {dag.py:4180} INFO - Setting next_dagrun for premier_dag_test to 2025-06-02 09:00:00+00:00, run_after=2025-06-02 10:00:00+00:00
[2025-10-17T11:52:07.142+0000] {processor.py:208} INFO - Processing /opt/airflow/dags/premier_dag.py took 0.077 seconds
[2025-10-17T11:52:37.497+0000] {processor.py:186} INFO - Started process (PID=3230) to work on /opt/airflow/dags/premier_dag.py
[2025-10-17T11:52:37.497+0000] {processor.py:914} INFO - Processing file /opt/airflow/dags/premier_dag.py for tasks to queue
[2025-10-17T11:52:37.499+0000] {logging_mixin.py:190} INFO - [2025-10-17T11:52:37.499+0000] {dagbag.py:588} INFO - Filling up the DagBag from /opt/airflow/dags/premier_dag.py
[2025-10-17T11:52:37.514+0000] {processor.py:925} INFO - DAG(s) 'premier_dag_test' retrieved from /opt/airflow/dags/premier_dag.py
[2025-10-17T11:52:37.540+0000] {logging_mixin.py:190} INFO - [2025-10-17T11:52:37.539+0000] {dag.py:3239} INFO - Sync 1 DAGs
[2025-10-17T11:52:37.559+0000] {logging_mixin.py:190} INFO - [2025-10-17T11:52:37.559+0000] {dag.py:4180} INFO - Setting next_dagrun for premier_dag_test to 2025-06-02 09:00:00+00:00, run_after=2025-06-02 10:00:00+00:00
[2025-10-17T11:52:37.578+0000] {processor.py:208} INFO - Processing /opt/airflow/dags/premier_dag.py took 0.086 seconds
[2025-10-17T11:53:07.866+0000] {processor.py:186} INFO - Started process (PID=3247) to work on /opt/airflow/dags/premier_dag.py
[2025-10-17T11:53:07.868+0000] {processor.py:914} INFO - Processing file /opt/airflow/dags/premier_dag.py for tasks to queue
[2025-10-17T11:53:07.870+0000] {logging_mixin.py:190} INFO - [2025-10-17T11:53:07.869+0000] {dagbag.py:588} INFO - Filling up the DagBag from /opt/airflow/dags/premier_dag.py
[2025-10-17T11:53:07.887+0000] {processor.py:925} INFO - DAG(s) 'premier_dag_test' retrieved from /opt/airflow/dags/premier_dag.py
[2025-10-17T11:53:07.906+0000] {logging_mixin.py:190} INFO - [2025-10-17T11:53:07.906+0000] {dag.py:3239} INFO - Sync 1 DAGs
[2025-10-17T11:53:07.925+0000] {logging_mixin.py:190} INFO - [2025-10-17T11:53:07.925+0000] {dag.py:4180} INFO - Setting next_dagrun for premier_dag_test to 2025-06-02 09:00:00+00:00, run_after=2025-06-02 10:00:00+00:00
[2025-10-17T11:53:07.941+0000] {processor.py:208} INFO - Processing /opt/airflow/dags/premier_dag.py took 0.079 seconds
[2025-10-17T11:53:38.292+0000] {processor.py:186} INFO - Started process (PID=3270) to work on /opt/airflow/dags/premier_dag.py
[2025-10-17T11:53:38.293+0000] {processor.py:914} INFO - Processing file /opt/airflow/dags/premier_dag.py for tasks to queue
[2025-10-17T11:53:38.296+0000] {logging_mixin.py:190} INFO - [2025-10-17T11:53:38.296+0000] {dagbag.py:588} INFO - Filling up the DagBag from /opt/airflow/dags/premier_dag.py
[2025-10-17T11:53:38.310+0000] {processor.py:925} INFO - DAG(s) 'premier_dag_test' retrieved from /opt/airflow/dags/premier_dag.py
[2025-10-17T11:53:38.330+0000] {logging_mixin.py:190} INFO - [2025-10-17T11:53:38.330+0000] {dag.py:3239} INFO - Sync 1 DAGs
[2025-10-17T11:53:38.350+0000] {logging_mixin.py:190} INFO - [2025-10-17T11:53:38.350+0000] {dag.py:4180} INFO - Setting next_dagrun for premier_dag_test to 2025-06-02 09:00:00+00:00, run_after=2025-06-02 10:00:00+00:00
[2025-10-17T11:53:38.366+0000] {processor.py:208} INFO - Processing /opt/airflow/dags/premier_dag.py took 0.080 seconds
[2025-10-17T11:54:08.636+0000] {processor.py:186} INFO - Started process (PID=3287) to work on /opt/airflow/dags/premier_dag.py
[2025-10-17T11:54:08.637+0000] {processor.py:914} INFO - Processing file /opt/airflow/dags/premier_dag.py for tasks to queue
[2025-10-17T11:54:08.639+0000] {logging_mixin.py:190} INFO - [2025-10-17T11:54:08.639+0000] {dagbag.py:588} INFO - Filling up the DagBag from /opt/airflow/dags/premier_dag.py
[2025-10-17T11:54:08.653+0000] {processor.py:925} INFO - DAG(s) 'premier_dag_test' retrieved from /opt/airflow/dags/premier_dag.py
[2025-10-17T11:54:08.672+0000] {logging_mixin.py:190} INFO - [2025-10-17T11:54:08.672+0000] {dag.py:3239} INFO - Sync 1 DAGs
[2025-10-17T11:54:08.692+0000] {logging_mixin.py:190} INFO - [2025-10-17T11:54:08.691+0000] {dag.py:4180} INFO - Setting next_dagrun for premier_dag_test to 2025-06-02 09:00:00+00:00, run_after=2025-06-02 10:00:00+00:00
[2025-10-17T11:54:08.710+0000] {processor.py:208} INFO - Processing /opt/airflow/dags/premier_dag.py took 0.079 seconds
[2025-10-17T11:54:39.060+0000] {processor.py:186} INFO - Started process (PID=3304) to work on /opt/airflow/dags/premier_dag.py
[2025-10-17T11:54:39.061+0000] {processor.py:914} INFO - Processing file /opt/airflow/dags/premier_dag.py for tasks to queue
[2025-10-17T11:54:39.063+0000] {logging_mixin.py:190} INFO - [2025-10-17T11:54:39.063+0000] {dagbag.py:588} INFO - Filling up the DagBag from /opt/airflow/dags/premier_dag.py
[2025-10-17T11:54:39.078+0000] {processor.py:925} INFO - DAG(s) 'premier_dag_test' retrieved from /opt/airflow/dags/premier_dag.py
[2025-10-17T11:54:39.097+0000] {logging_mixin.py:190} INFO - [2025-10-17T11:54:39.097+0000] {dag.py:3239} INFO - Sync 1 DAGs
[2025-10-17T11:54:39.116+0000] {logging_mixin.py:190} INFO - [2025-10-17T11:54:39.116+0000] {dag.py:4180} INFO - Setting next_dagrun for premier_dag_test to 2025-06-02 09:00:00+00:00, run_after=2025-06-02 10:00:00+00:00
[2025-10-17T11:54:39.137+0000] {processor.py:208} INFO - Processing /opt/airflow/dags/premier_dag.py took 0.082 seconds
[2025-10-17T11:55:09.478+0000] {processor.py:186} INFO - Started process (PID=3321) to work on /opt/airflow/dags/premier_dag.py
[2025-10-17T11:55:09.479+0000] {processor.py:914} INFO - Processing file /opt/airflow/dags/premier_dag.py for tasks to queue
[2025-10-17T11:55:09.482+0000] {logging_mixin.py:190} INFO - [2025-10-17T11:55:09.481+0000] {dagbag.py:588} INFO - Filling up the DagBag from /opt/airflow/dags/premier_dag.py
[2025-10-17T11:55:09.495+0000] {processor.py:925} INFO - DAG(s) 'premier_dag_test' retrieved from /opt/airflow/dags/premier_dag.py
[2025-10-17T11:55:09.515+0000] {logging_mixin.py:190} INFO - [2025-10-17T11:55:09.515+0000] {dag.py:3239} INFO - Sync 1 DAGs
[2025-10-17T11:55:09.534+0000] {logging_mixin.py:190} INFO - [2025-10-17T11:55:09.534+0000] {dag.py:4180} INFO - Setting next_dagrun for premier_dag_test to 2025-06-02 09:00:00+00:00, run_after=2025-06-02 10:00:00+00:00
[2025-10-17T11:55:09.551+0000] {processor.py:208} INFO - Processing /opt/airflow/dags/premier_dag.py took 0.078 seconds
[2025-10-17T11:55:39.805+0000] {processor.py:186} INFO - Started process (PID=3338) to work on /opt/airflow/dags/premier_dag.py
[2025-10-17T11:55:39.806+0000] {processor.py:914} INFO - Processing file /opt/airflow/dags/premier_dag.py for tasks to queue
[2025-10-17T11:55:39.808+0000] {logging_mixin.py:190} INFO - [2025-10-17T11:55:39.808+0000] {dagbag.py:588} INFO - Filling up the DagBag from /opt/airflow/dags/premier_dag.py
[2025-10-17T11:55:39.822+0000] {processor.py:925} INFO - DAG(s) 'premier_dag_test' retrieved from /opt/airflow/dags/premier_dag.py
[2025-10-17T11:55:39.843+0000] {logging_mixin.py:190} INFO - [2025-10-17T11:55:39.843+0000] {dag.py:3239} INFO - Sync 1 DAGs
[2025-10-17T11:55:39.863+0000] {logging_mixin.py:190} INFO - [2025-10-17T11:55:39.863+0000] {dag.py:4180} INFO - Setting next_dagrun for premier_dag_test to 2025-06-02 09:00:00+00:00, run_after=2025-06-02 10:00:00+00:00
[2025-10-17T11:55:39.877+0000] {processor.py:208} INFO - Processing /opt/airflow/dags/premier_dag.py took 0.077 seconds
[2025-10-17T11:56:10.152+0000] {processor.py:186} INFO - Started process (PID=3355) to work on /opt/airflow/dags/premier_dag.py
[2025-10-17T11:56:10.153+0000] {processor.py:914} INFO - Processing file /opt/airflow/dags/premier_dag.py for tasks to queue
[2025-10-17T11:56:10.155+0000] {logging_mixin.py:190} INFO - [2025-10-17T11:56:10.155+0000] {dagbag.py:588} INFO - Filling up the DagBag from /opt/airflow/dags/premier_dag.py
[2025-10-17T11:56:10.168+0000] {processor.py:925} INFO - DAG(s) 'premier_dag_test' retrieved from /opt/airflow/dags/premier_dag.py
[2025-10-17T11:56:10.188+0000] {logging_mixin.py:190} INFO - [2025-10-17T11:56:10.188+0000] {dag.py:3239} INFO - Sync 1 DAGs
[2025-10-17T11:56:10.208+0000] {logging_mixin.py:190} INFO - [2025-10-17T11:56:10.207+0000] {dag.py:4180} INFO - Setting next_dagrun for premier_dag_test to 2025-06-02 09:00:00+00:00, run_after=2025-06-02 10:00:00+00:00
[2025-10-17T11:56:10.224+0000] {processor.py:208} INFO - Processing /opt/airflow/dags/premier_dag.py took 0.077 seconds
[2025-10-17T11:56:40.588+0000] {processor.py:186} INFO - Started process (PID=3372) to work on /opt/airflow/dags/premier_dag.py
[2025-10-17T11:56:40.588+0000] {processor.py:914} INFO - Processing file /opt/airflow/dags/premier_dag.py for tasks to queue
[2025-10-17T11:56:40.591+0000] {logging_mixin.py:190} INFO - [2025-10-17T11:56:40.591+0000] {dagbag.py:588} INFO - Filling up the DagBag from /opt/airflow/dags/premier_dag.py
[2025-10-17T11:56:40.604+0000] {processor.py:925} INFO - DAG(s) 'premier_dag_test' retrieved from /opt/airflow/dags/premier_dag.py
[2025-10-17T11:56:40.625+0000] {logging_mixin.py:190} INFO - [2025-10-17T11:56:40.624+0000] {dag.py:3239} INFO - Sync 1 DAGs
[2025-10-17T11:56:40.643+0000] {logging_mixin.py:190} INFO - [2025-10-17T11:56:40.643+0000] {dag.py:4180} INFO - Setting next_dagrun for premier_dag_test to 2025-06-02 09:00:00+00:00, run_after=2025-06-02 10:00:00+00:00
[2025-10-17T11:56:40.663+0000] {processor.py:208} INFO - Processing /opt/airflow/dags/premier_dag.py took 0.081 seconds
[2025-10-17T11:57:10.974+0000] {processor.py:186} INFO - Started process (PID=3389) to work on /opt/airflow/dags/premier_dag.py
[2025-10-17T11:57:10.975+0000] {processor.py:914} INFO - Processing file /opt/airflow/dags/premier_dag.py for tasks to queue
[2025-10-17T11:57:10.978+0000] {logging_mixin.py:190} INFO - [2025-10-17T11:57:10.978+0000] {dagbag.py:588} INFO - Filling up the DagBag from /opt/airflow/dags/premier_dag.py
[2025-10-17T11:57:10.995+0000] {processor.py:925} INFO - DAG(s) 'premier_dag_test' retrieved from /opt/airflow/dags/premier_dag.py
[2025-10-17T11:57:11.015+0000] {logging_mixin.py:190} INFO - [2025-10-17T11:57:11.015+0000] {dag.py:3239} INFO - Sync 1 DAGs
[2025-10-17T11:57:11.035+0000] {logging_mixin.py:190} INFO - [2025-10-17T11:57:11.034+0000] {dag.py:4180} INFO - Setting next_dagrun for premier_dag_test to 2025-06-02 09:00:00+00:00, run_after=2025-06-02 10:00:00+00:00
[2025-10-17T11:57:11.055+0000] {processor.py:208} INFO - Processing /opt/airflow/dags/premier_dag.py took 0.093 seconds
[2025-10-17T11:57:41.380+0000] {processor.py:186} INFO - Started process (PID=3406) to work on /opt/airflow/dags/premier_dag.py
[2025-10-17T11:57:41.381+0000] {processor.py:914} INFO - Processing file /opt/airflow/dags/premier_dag.py for tasks to queue
[2025-10-17T11:57:41.383+0000] {logging_mixin.py:190} INFO - [2025-10-17T11:57:41.383+0000] {dagbag.py:588} INFO - Filling up the DagBag from /opt/airflow/dags/premier_dag.py
[2025-10-17T11:57:41.397+0000] {processor.py:925} INFO - DAG(s) 'premier_dag_test' retrieved from /opt/airflow/dags/premier_dag.py
[2025-10-17T11:57:41.417+0000] {logging_mixin.py:190} INFO - [2025-10-17T11:57:41.416+0000] {dag.py:3239} INFO - Sync 1 DAGs
[2025-10-17T11:57:41.435+0000] {logging_mixin.py:190} INFO - [2025-10-17T11:57:41.435+0000] {dag.py:4180} INFO - Setting next_dagrun for premier_dag_test to 2025-06-02 09:00:00+00:00, run_after=2025-06-02 10:00:00+00:00
[2025-10-17T11:57:41.455+0000] {processor.py:208} INFO - Processing /opt/airflow/dags/premier_dag.py took 0.081 seconds
[2025-10-17T11:58:11.718+0000] {processor.py:186} INFO - Started process (PID=3423) to work on /opt/airflow/dags/premier_dag.py
[2025-10-17T11:58:11.719+0000] {processor.py:914} INFO - Processing file /opt/airflow/dags/premier_dag.py for tasks to queue
[2025-10-17T11:58:11.721+0000] {logging_mixin.py:190} INFO - [2025-10-17T11:58:11.721+0000] {dagbag.py:588} INFO - Filling up the DagBag from /opt/airflow/dags/premier_dag.py
[2025-10-17T11:58:11.736+0000] {processor.py:925} INFO - DAG(s) 'premier_dag_test' retrieved from /opt/airflow/dags/premier_dag.py
[2025-10-17T11:58:11.758+0000] {logging_mixin.py:190} INFO - [2025-10-17T11:58:11.757+0000] {dag.py:3239} INFO - Sync 1 DAGs
[2025-10-17T11:58:11.778+0000] {logging_mixin.py:190} INFO - [2025-10-17T11:58:11.778+0000] {dag.py:4180} INFO - Setting next_dagrun for premier_dag_test to 2025-06-02 09:00:00+00:00, run_after=2025-06-02 10:00:00+00:00
[2025-10-17T11:58:11.794+0000] {processor.py:208} INFO - Processing /opt/airflow/dags/premier_dag.py took 0.081 seconds
[2025-10-17T11:58:42.043+0000] {processor.py:186} INFO - Started process (PID=3440) to work on /opt/airflow/dags/premier_dag.py
[2025-10-17T11:58:42.044+0000] {processor.py:914} INFO - Processing file /opt/airflow/dags/premier_dag.py for tasks to queue
[2025-10-17T11:58:42.047+0000] {logging_mixin.py:190} INFO - [2025-10-17T11:58:42.047+0000] {dagbag.py:588} INFO - Filling up the DagBag from /opt/airflow/dags/premier_dag.py
[2025-10-17T11:58:42.065+0000] {processor.py:925} INFO - DAG(s) 'premier_dag_test' retrieved from /opt/airflow/dags/premier_dag.py
[2025-10-17T11:58:42.091+0000] {logging_mixin.py:190} INFO - [2025-10-17T11:58:42.091+0000] {dag.py:3239} INFO - Sync 1 DAGs
[2025-10-17T11:58:42.118+0000] {logging_mixin.py:190} INFO - [2025-10-17T11:58:42.118+0000] {dag.py:4180} INFO - Setting next_dagrun for premier_dag_test to 2025-06-02 09:00:00+00:00, run_after=2025-06-02 10:00:00+00:00
[2025-10-17T11:58:42.153+0000] {processor.py:208} INFO - Processing /opt/airflow/dags/premier_dag.py took 0.117 seconds
[2025-10-17T11:59:12.437+0000] {processor.py:186} INFO - Started process (PID=3457) to work on /opt/airflow/dags/premier_dag.py
[2025-10-17T11:59:12.438+0000] {processor.py:914} INFO - Processing file /opt/airflow/dags/premier_dag.py for tasks to queue
[2025-10-17T11:59:12.440+0000] {logging_mixin.py:190} INFO - [2025-10-17T11:59:12.440+0000] {dagbag.py:588} INFO - Filling up the DagBag from /opt/airflow/dags/premier_dag.py
[2025-10-17T11:59:12.454+0000] {processor.py:925} INFO - DAG(s) 'premier_dag_test' retrieved from /opt/airflow/dags/premier_dag.py
[2025-10-17T11:59:12.475+0000] {logging_mixin.py:190} INFO - [2025-10-17T11:59:12.475+0000] {dag.py:3239} INFO - Sync 1 DAGs
[2025-10-17T11:59:12.495+0000] {logging_mixin.py:190} INFO - [2025-10-17T11:59:12.495+0000] {dag.py:4180} INFO - Setting next_dagrun for premier_dag_test to 2025-06-02 09:00:00+00:00, run_after=2025-06-02 10:00:00+00:00
[2025-10-17T11:59:12.510+0000] {processor.py:208} INFO - Processing /opt/airflow/dags/premier_dag.py took 0.078 seconds
[2025-10-17T11:59:42.863+0000] {processor.py:186} INFO - Started process (PID=3474) to work on /opt/airflow/dags/premier_dag.py
[2025-10-17T11:59:42.864+0000] {processor.py:914} INFO - Processing file /opt/airflow/dags/premier_dag.py for tasks to queue
[2025-10-17T11:59:42.866+0000] {logging_mixin.py:190} INFO - [2025-10-17T11:59:42.866+0000] {dagbag.py:588} INFO - Filling up the DagBag from /opt/airflow/dags/premier_dag.py
[2025-10-17T11:59:42.881+0000] {processor.py:925} INFO - DAG(s) 'premier_dag_test' retrieved from /opt/airflow/dags/premier_dag.py
[2025-10-17T11:59:42.903+0000] {logging_mixin.py:190} INFO - [2025-10-17T11:59:42.903+0000] {dag.py:3239} INFO - Sync 1 DAGs
[2025-10-17T11:59:42.922+0000] {logging_mixin.py:190} INFO - [2025-10-17T11:59:42.922+0000] {dag.py:4180} INFO - Setting next_dagrun for premier_dag_test to 2025-06-02 09:00:00+00:00, run_after=2025-06-02 10:00:00+00:00
[2025-10-17T11:59:42.939+0000] {processor.py:208} INFO - Processing /opt/airflow/dags/premier_dag.py took 0.081 seconds
[2025-10-17T12:00:13.210+0000] {processor.py:186} INFO - Started process (PID=3503) to work on /opt/airflow/dags/premier_dag.py
[2025-10-17T12:00:13.211+0000] {processor.py:914} INFO - Processing file /opt/airflow/dags/premier_dag.py for tasks to queue
[2025-10-17T12:00:13.213+0000] {logging_mixin.py:190} INFO - [2025-10-17T12:00:13.213+0000] {dagbag.py:588} INFO - Filling up the DagBag from /opt/airflow/dags/premier_dag.py
[2025-10-17T12:00:13.234+0000] {processor.py:925} INFO - DAG(s) 'premier_dag_test' retrieved from /opt/airflow/dags/premier_dag.py
[2025-10-17T12:00:13.267+0000] {logging_mixin.py:190} INFO - [2025-10-17T12:00:13.266+0000] {dag.py:3239} INFO - Sync 1 DAGs
[2025-10-17T12:00:13.347+0000] {logging_mixin.py:190} INFO - [2025-10-17T12:00:13.347+0000] {dag.py:4180} INFO - Setting next_dagrun for premier_dag_test to 2025-06-02 09:00:00+00:00, run_after=2025-06-02 10:00:00+00:00
[2025-10-17T12:00:13.364+0000] {processor.py:208} INFO - Processing /opt/airflow/dags/premier_dag.py took 0.159 seconds
[2025-10-17T12:00:43.699+0000] {processor.py:186} INFO - Started process (PID=3520) to work on /opt/airflow/dags/premier_dag.py
[2025-10-17T12:00:43.699+0000] {processor.py:914} INFO - Processing file /opt/airflow/dags/premier_dag.py for tasks to queue
[2025-10-17T12:00:43.702+0000] {logging_mixin.py:190} INFO - [2025-10-17T12:00:43.702+0000] {dagbag.py:588} INFO - Filling up the DagBag from /opt/airflow/dags/premier_dag.py
[2025-10-17T12:00:43.715+0000] {processor.py:925} INFO - DAG(s) 'premier_dag_test' retrieved from /opt/airflow/dags/premier_dag.py
[2025-10-17T12:00:43.735+0000] {logging_mixin.py:190} INFO - [2025-10-17T12:00:43.735+0000] {dag.py:3239} INFO - Sync 1 DAGs
[2025-10-17T12:00:43.755+0000] {logging_mixin.py:190} INFO - [2025-10-17T12:00:43.755+0000] {dag.py:4180} INFO - Setting next_dagrun for premier_dag_test to 2025-06-02 09:00:00+00:00, run_after=2025-06-02 10:00:00+00:00
[2025-10-17T12:00:43.776+0000] {processor.py:208} INFO - Processing /opt/airflow/dags/premier_dag.py took 0.082 seconds
[2025-10-17T12:01:14.063+0000] {processor.py:186} INFO - Started process (PID=3537) to work on /opt/airflow/dags/premier_dag.py
[2025-10-17T12:01:14.064+0000] {processor.py:914} INFO - Processing file /opt/airflow/dags/premier_dag.py for tasks to queue
[2025-10-17T12:01:14.066+0000] {logging_mixin.py:190} INFO - [2025-10-17T12:01:14.066+0000] {dagbag.py:588} INFO - Filling up the DagBag from /opt/airflow/dags/premier_dag.py
[2025-10-17T12:01:14.080+0000] {processor.py:925} INFO - DAG(s) 'premier_dag_test' retrieved from /opt/airflow/dags/premier_dag.py
[2025-10-17T12:01:14.100+0000] {logging_mixin.py:190} INFO - [2025-10-17T12:01:14.100+0000] {dag.py:3239} INFO - Sync 1 DAGs
[2025-10-17T12:01:14.119+0000] {logging_mixin.py:190} INFO - [2025-10-17T12:01:14.119+0000] {dag.py:4180} INFO - Setting next_dagrun for premier_dag_test to 2025-06-02 09:00:00+00:00, run_after=2025-06-02 10:00:00+00:00
[2025-10-17T12:01:14.140+0000] {processor.py:208} INFO - Processing /opt/airflow/dags/premier_dag.py took 0.082 seconds
[2025-10-17T12:01:44.426+0000] {processor.py:186} INFO - Started process (PID=3554) to work on /opt/airflow/dags/premier_dag.py
[2025-10-17T12:01:44.427+0000] {processor.py:914} INFO - Processing file /opt/airflow/dags/premier_dag.py for tasks to queue
[2025-10-17T12:01:44.429+0000] {logging_mixin.py:190} INFO - [2025-10-17T12:01:44.429+0000] {dagbag.py:588} INFO - Filling up the DagBag from /opt/airflow/dags/premier_dag.py
[2025-10-17T12:01:44.443+0000] {processor.py:925} INFO - DAG(s) 'premier_dag_test' retrieved from /opt/airflow/dags/premier_dag.py
[2025-10-17T12:01:44.465+0000] {logging_mixin.py:190} INFO - [2025-10-17T12:01:44.465+0000] {dag.py:3239} INFO - Sync 1 DAGs
[2025-10-17T12:01:44.486+0000] {logging_mixin.py:190} INFO - [2025-10-17T12:01:44.486+0000] {dag.py:4180} INFO - Setting next_dagrun for premier_dag_test to 2025-06-02 09:00:00+00:00, run_after=2025-06-02 10:00:00+00:00
[2025-10-17T12:01:44.504+0000] {processor.py:208} INFO - Processing /opt/airflow/dags/premier_dag.py took 0.083 seconds
[2025-10-17T12:02:14.750+0000] {processor.py:186} INFO - Started process (PID=3571) to work on /opt/airflow/dags/premier_dag.py
[2025-10-17T12:02:14.751+0000] {processor.py:914} INFO - Processing file /opt/airflow/dags/premier_dag.py for tasks to queue
[2025-10-17T12:02:14.754+0000] {logging_mixin.py:190} INFO - [2025-10-17T12:02:14.754+0000] {dagbag.py:588} INFO - Filling up the DagBag from /opt/airflow/dags/premier_dag.py
[2025-10-17T12:02:14.773+0000] {processor.py:925} INFO - DAG(s) 'premier_dag_test' retrieved from /opt/airflow/dags/premier_dag.py
[2025-10-17T12:02:14.804+0000] {logging_mixin.py:190} INFO - [2025-10-17T12:02:14.804+0000] {dag.py:3239} INFO - Sync 1 DAGs
[2025-10-17T12:02:14.829+0000] {logging_mixin.py:190} INFO - [2025-10-17T12:02:14.828+0000] {dag.py:4180} INFO - Setting next_dagrun for premier_dag_test to 2025-06-02 09:00:00+00:00, run_after=2025-06-02 10:00:00+00:00
[2025-10-17T12:02:14.852+0000] {processor.py:208} INFO - Processing /opt/airflow/dags/premier_dag.py took 0.107 seconds
[2025-10-17T12:02:45.159+0000] {processor.py:186} INFO - Started process (PID=3588) to work on /opt/airflow/dags/premier_dag.py
[2025-10-17T12:02:45.160+0000] {processor.py:914} INFO - Processing file /opt/airflow/dags/premier_dag.py for tasks to queue
[2025-10-17T12:02:45.162+0000] {logging_mixin.py:190} INFO - [2025-10-17T12:02:45.162+0000] {dagbag.py:588} INFO - Filling up the DagBag from /opt/airflow/dags/premier_dag.py
[2025-10-17T12:02:45.176+0000] {processor.py:925} INFO - DAG(s) 'premier_dag_test' retrieved from /opt/airflow/dags/premier_dag.py
[2025-10-17T12:02:45.197+0000] {logging_mixin.py:190} INFO - [2025-10-17T12:02:45.196+0000] {dag.py:3239} INFO - Sync 1 DAGs
[2025-10-17T12:02:45.217+0000] {logging_mixin.py:190} INFO - [2025-10-17T12:02:45.217+0000] {dag.py:4180} INFO - Setting next_dagrun for premier_dag_test to 2025-06-02 09:00:00+00:00, run_after=2025-06-02 10:00:00+00:00
[2025-10-17T12:02:45.236+0000] {processor.py:208} INFO - Processing /opt/airflow/dags/premier_dag.py took 0.083 seconds
[2025-10-17T12:03:15.542+0000] {processor.py:186} INFO - Started process (PID=3605) to work on /opt/airflow/dags/premier_dag.py
[2025-10-17T12:03:15.543+0000] {processor.py:914} INFO - Processing file /opt/airflow/dags/premier_dag.py for tasks to queue
[2025-10-17T12:03:15.546+0000] {logging_mixin.py:190} INFO - [2025-10-17T12:03:15.546+0000] {dagbag.py:588} INFO - Filling up the DagBag from /opt/airflow/dags/premier_dag.py
[2025-10-17T12:03:15.560+0000] {processor.py:925} INFO - DAG(s) 'premier_dag_test' retrieved from /opt/airflow/dags/premier_dag.py
[2025-10-17T12:03:15.581+0000] {logging_mixin.py:190} INFO - [2025-10-17T12:03:15.581+0000] {dag.py:3239} INFO - Sync 1 DAGs
[2025-10-17T12:03:15.600+0000] {logging_mixin.py:190} INFO - [2025-10-17T12:03:15.600+0000] {dag.py:4180} INFO - Setting next_dagrun for premier_dag_test to 2025-06-02 09:00:00+00:00, run_after=2025-06-02 10:00:00+00:00
[2025-10-17T12:03:15.618+0000] {processor.py:208} INFO - Processing /opt/airflow/dags/premier_dag.py took 0.081 seconds
[2025-10-17T12:03:45.865+0000] {processor.py:186} INFO - Started process (PID=3622) to work on /opt/airflow/dags/premier_dag.py
[2025-10-17T12:03:45.866+0000] {processor.py:914} INFO - Processing file /opt/airflow/dags/premier_dag.py for tasks to queue
[2025-10-17T12:03:45.869+0000] {logging_mixin.py:190} INFO - [2025-10-17T12:03:45.868+0000] {dagbag.py:588} INFO - Filling up the DagBag from /opt/airflow/dags/premier_dag.py
[2025-10-17T12:03:45.883+0000] {processor.py:925} INFO - DAG(s) 'premier_dag_test' retrieved from /opt/airflow/dags/premier_dag.py
[2025-10-17T12:03:45.903+0000] {logging_mixin.py:190} INFO - [2025-10-17T12:03:45.903+0000] {dag.py:3239} INFO - Sync 1 DAGs
[2025-10-17T12:03:45.922+0000] {logging_mixin.py:190} INFO - [2025-10-17T12:03:45.922+0000] {dag.py:4180} INFO - Setting next_dagrun for premier_dag_test to 2025-06-02 09:00:00+00:00, run_after=2025-06-02 10:00:00+00:00
[2025-10-17T12:03:45.940+0000] {processor.py:208} INFO - Processing /opt/airflow/dags/premier_dag.py took 0.081 seconds
[2025-10-17T12:04:16.236+0000] {processor.py:186} INFO - Started process (PID=3639) to work on /opt/airflow/dags/premier_dag.py
[2025-10-17T12:04:16.237+0000] {processor.py:914} INFO - Processing file /opt/airflow/dags/premier_dag.py for tasks to queue
[2025-10-17T12:04:16.240+0000] {logging_mixin.py:190} INFO - [2025-10-17T12:04:16.239+0000] {dagbag.py:588} INFO - Filling up the DagBag from /opt/airflow/dags/premier_dag.py
[2025-10-17T12:04:16.257+0000] {processor.py:925} INFO - DAG(s) 'premier_dag_test' retrieved from /opt/airflow/dags/premier_dag.py
[2025-10-17T12:04:16.280+0000] {logging_mixin.py:190} INFO - [2025-10-17T12:04:16.280+0000] {dag.py:3239} INFO - Sync 1 DAGs
[2025-10-17T12:04:16.302+0000] {logging_mixin.py:190} INFO - [2025-10-17T12:04:16.302+0000] {dag.py:4180} INFO - Setting next_dagrun for premier_dag_test to 2025-06-02 09:00:00+00:00, run_after=2025-06-02 10:00:00+00:00
[2025-10-17T12:04:16.318+0000] {processor.py:208} INFO - Processing /opt/airflow/dags/premier_dag.py took 0.087 seconds
[2025-10-17T12:04:46.606+0000] {processor.py:186} INFO - Started process (PID=3656) to work on /opt/airflow/dags/premier_dag.py
[2025-10-17T12:04:46.607+0000] {processor.py:914} INFO - Processing file /opt/airflow/dags/premier_dag.py for tasks to queue
[2025-10-17T12:04:46.610+0000] {logging_mixin.py:190} INFO - [2025-10-17T12:04:46.610+0000] {dagbag.py:588} INFO - Filling up the DagBag from /opt/airflow/dags/premier_dag.py
[2025-10-17T12:04:46.628+0000] {processor.py:925} INFO - DAG(s) 'premier_dag_test' retrieved from /opt/airflow/dags/premier_dag.py
[2025-10-17T12:04:46.654+0000] {logging_mixin.py:190} INFO - [2025-10-17T12:04:46.654+0000] {dag.py:3239} INFO - Sync 1 DAGs
[2025-10-17T12:04:46.679+0000] {logging_mixin.py:190} INFO - [2025-10-17T12:04:46.679+0000] {dag.py:4180} INFO - Setting next_dagrun for premier_dag_test to 2025-06-02 09:00:00+00:00, run_after=2025-06-02 10:00:00+00:00
[2025-10-17T12:04:46.700+0000] {processor.py:208} INFO - Processing /opt/airflow/dags/premier_dag.py took 0.099 seconds
[2025-10-17T12:05:16.951+0000] {processor.py:186} INFO - Started process (PID=3673) to work on /opt/airflow/dags/premier_dag.py
[2025-10-17T12:05:16.952+0000] {processor.py:914} INFO - Processing file /opt/airflow/dags/premier_dag.py for tasks to queue
[2025-10-17T12:05:16.954+0000] {logging_mixin.py:190} INFO - [2025-10-17T12:05:16.954+0000] {dagbag.py:588} INFO - Filling up the DagBag from /opt/airflow/dags/premier_dag.py
[2025-10-17T12:05:16.971+0000] {processor.py:925} INFO - DAG(s) 'premier_dag_test' retrieved from /opt/airflow/dags/premier_dag.py
[2025-10-17T12:05:16.996+0000] {logging_mixin.py:190} INFO - [2025-10-17T12:05:16.996+0000] {dag.py:3239} INFO - Sync 1 DAGs
[2025-10-17T12:05:17.018+0000] {logging_mixin.py:190} INFO - [2025-10-17T12:05:17.018+0000] {dag.py:4180} INFO - Setting next_dagrun for premier_dag_test to 2025-06-02 09:00:00+00:00, run_after=2025-06-02 10:00:00+00:00
[2025-10-17T12:05:17.036+0000] {processor.py:208} INFO - Processing /opt/airflow/dags/premier_dag.py took 0.091 seconds
[2025-10-17T12:05:47.312+0000] {processor.py:186} INFO - Started process (PID=3690) to work on /opt/airflow/dags/premier_dag.py
[2025-10-17T12:05:47.313+0000] {processor.py:914} INFO - Processing file /opt/airflow/dags/premier_dag.py for tasks to queue
[2025-10-17T12:05:47.315+0000] {logging_mixin.py:190} INFO - [2025-10-17T12:05:47.315+0000] {dagbag.py:588} INFO - Filling up the DagBag from /opt/airflow/dags/premier_dag.py
[2025-10-17T12:05:47.330+0000] {processor.py:925} INFO - DAG(s) 'premier_dag_test' retrieved from /opt/airflow/dags/premier_dag.py
[2025-10-17T12:05:47.350+0000] {logging_mixin.py:190} INFO - [2025-10-17T12:05:47.350+0000] {dag.py:3239} INFO - Sync 1 DAGs
[2025-10-17T12:05:47.370+0000] {logging_mixin.py:190} INFO - [2025-10-17T12:05:47.370+0000] {dag.py:4180} INFO - Setting next_dagrun for premier_dag_test to 2025-06-02 09:00:00+00:00, run_after=2025-06-02 10:00:00+00:00
[2025-10-17T12:05:47.386+0000] {processor.py:208} INFO - Processing /opt/airflow/dags/premier_dag.py took 0.080 seconds
[2025-10-17T12:06:17.664+0000] {processor.py:186} INFO - Started process (PID=3707) to work on /opt/airflow/dags/premier_dag.py
[2025-10-17T12:06:17.665+0000] {processor.py:914} INFO - Processing file /opt/airflow/dags/premier_dag.py for tasks to queue
[2025-10-17T12:06:17.667+0000] {logging_mixin.py:190} INFO - [2025-10-17T12:06:17.667+0000] {dagbag.py:588} INFO - Filling up the DagBag from /opt/airflow/dags/premier_dag.py
[2025-10-17T12:06:17.682+0000] {processor.py:925} INFO - DAG(s) 'premier_dag_test' retrieved from /opt/airflow/dags/premier_dag.py
[2025-10-17T12:06:17.704+0000] {logging_mixin.py:190} INFO - [2025-10-17T12:06:17.704+0000] {dag.py:3239} INFO - Sync 1 DAGs
[2025-10-17T12:06:17.723+0000] {logging_mixin.py:190} INFO - [2025-10-17T12:06:17.723+0000] {dag.py:4180} INFO - Setting next_dagrun for premier_dag_test to 2025-06-02 09:00:00+00:00, run_after=2025-06-02 10:00:00+00:00
[2025-10-17T12:06:17.743+0000] {processor.py:208} INFO - Processing /opt/airflow/dags/premier_dag.py took 0.084 seconds
[2025-10-17T12:06:47.994+0000] {processor.py:186} INFO - Started process (PID=3724) to work on /opt/airflow/dags/premier_dag.py
[2025-10-17T12:06:47.995+0000] {processor.py:914} INFO - Processing file /opt/airflow/dags/premier_dag.py for tasks to queue
[2025-10-17T12:06:47.998+0000] {logging_mixin.py:190} INFO - [2025-10-17T12:06:47.997+0000] {dagbag.py:588} INFO - Filling up the DagBag from /opt/airflow/dags/premier_dag.py
[2025-10-17T12:06:48.013+0000] {processor.py:925} INFO - DAG(s) 'premier_dag_test' retrieved from /opt/airflow/dags/premier_dag.py
[2025-10-17T12:06:48.037+0000] {logging_mixin.py:190} INFO - [2025-10-17T12:06:48.037+0000] {dag.py:3239} INFO - Sync 1 DAGs
[2025-10-17T12:06:48.059+0000] {logging_mixin.py:190} INFO - [2025-10-17T12:06:48.059+0000] {dag.py:4180} INFO - Setting next_dagrun for premier_dag_test to 2025-06-02 09:00:00+00:00, run_after=2025-06-02 10:00:00+00:00
[2025-10-17T12:06:48.082+0000] {processor.py:208} INFO - Processing /opt/airflow/dags/premier_dag.py took 0.093 seconds
[2025-10-17T12:07:18.370+0000] {processor.py:186} INFO - Started process (PID=3741) to work on /opt/airflow/dags/premier_dag.py
[2025-10-17T12:07:18.373+0000] {processor.py:914} INFO - Processing file /opt/airflow/dags/premier_dag.py for tasks to queue
[2025-10-17T12:07:18.379+0000] {logging_mixin.py:190} INFO - [2025-10-17T12:07:18.379+0000] {dagbag.py:588} INFO - Filling up the DagBag from /opt/airflow/dags/premier_dag.py
[2025-10-17T12:07:18.406+0000] {processor.py:925} INFO - DAG(s) 'premier_dag_test' retrieved from /opt/airflow/dags/premier_dag.py
[2025-10-17T12:07:18.446+0000] {logging_mixin.py:190} INFO - [2025-10-17T12:07:18.446+0000] {dag.py:3239} INFO - Sync 1 DAGs
[2025-10-17T12:07:18.489+0000] {logging_mixin.py:190} INFO - [2025-10-17T12:07:18.489+0000] {dag.py:4180} INFO - Setting next_dagrun for premier_dag_test to 2025-06-02 09:00:00+00:00, run_after=2025-06-02 10:00:00+00:00
[2025-10-17T12:07:18.520+0000] {processor.py:208} INFO - Processing /opt/airflow/dags/premier_dag.py took 0.159 seconds
[2025-10-17T12:07:48.756+0000] {processor.py:186} INFO - Started process (PID=3758) to work on /opt/airflow/dags/premier_dag.py
[2025-10-17T12:07:48.757+0000] {processor.py:914} INFO - Processing file /opt/airflow/dags/premier_dag.py for tasks to queue
[2025-10-17T12:07:48.760+0000] {logging_mixin.py:190} INFO - [2025-10-17T12:07:48.759+0000] {dagbag.py:588} INFO - Filling up the DagBag from /opt/airflow/dags/premier_dag.py
[2025-10-17T12:07:48.776+0000] {processor.py:925} INFO - DAG(s) 'premier_dag_test' retrieved from /opt/airflow/dags/premier_dag.py
[2025-10-17T12:07:48.798+0000] {logging_mixin.py:190} INFO - [2025-10-17T12:07:48.798+0000] {dag.py:3239} INFO - Sync 1 DAGs
[2025-10-17T12:07:48.821+0000] {logging_mixin.py:190} INFO - [2025-10-17T12:07:48.821+0000] {dag.py:4180} INFO - Setting next_dagrun for premier_dag_test to 2025-06-02 09:00:00+00:00, run_after=2025-06-02 10:00:00+00:00
[2025-10-17T12:07:48.839+0000] {processor.py:208} INFO - Processing /opt/airflow/dags/premier_dag.py took 0.088 seconds
[2025-10-17T12:08:19.088+0000] {processor.py:186} INFO - Started process (PID=3775) to work on /opt/airflow/dags/premier_dag.py
[2025-10-17T12:08:19.089+0000] {processor.py:914} INFO - Processing file /opt/airflow/dags/premier_dag.py for tasks to queue
[2025-10-17T12:08:19.091+0000] {logging_mixin.py:190} INFO - [2025-10-17T12:08:19.091+0000] {dagbag.py:588} INFO - Filling up the DagBag from /opt/airflow/dags/premier_dag.py
[2025-10-17T12:08:19.106+0000] {processor.py:925} INFO - DAG(s) 'premier_dag_test' retrieved from /opt/airflow/dags/premier_dag.py
[2025-10-17T12:08:19.125+0000] {logging_mixin.py:190} INFO - [2025-10-17T12:08:19.125+0000] {dag.py:3239} INFO - Sync 1 DAGs
[2025-10-17T12:08:19.145+0000] {logging_mixin.py:190} INFO - [2025-10-17T12:08:19.144+0000] {dag.py:4180} INFO - Setting next_dagrun for premier_dag_test to 2025-06-02 09:00:00+00:00, run_after=2025-06-02 10:00:00+00:00
[2025-10-17T12:08:19.164+0000] {processor.py:208} INFO - Processing /opt/airflow/dags/premier_dag.py took 0.081 seconds
[2025-10-17T12:08:49.394+0000] {processor.py:186} INFO - Started process (PID=3792) to work on /opt/airflow/dags/premier_dag.py
[2025-10-17T12:08:49.395+0000] {processor.py:914} INFO - Processing file /opt/airflow/dags/premier_dag.py for tasks to queue
[2025-10-17T12:08:49.398+0000] {logging_mixin.py:190} INFO - [2025-10-17T12:08:49.397+0000] {dagbag.py:588} INFO - Filling up the DagBag from /opt/airflow/dags/premier_dag.py
[2025-10-17T12:08:49.411+0000] {processor.py:925} INFO - DAG(s) 'premier_dag_test' retrieved from /opt/airflow/dags/premier_dag.py
[2025-10-17T12:08:49.431+0000] {logging_mixin.py:190} INFO - [2025-10-17T12:08:49.431+0000] {dag.py:3239} INFO - Sync 1 DAGs
[2025-10-17T12:08:49.452+0000] {logging_mixin.py:190} INFO - [2025-10-17T12:08:49.452+0000] {dag.py:4180} INFO - Setting next_dagrun for premier_dag_test to 2025-06-02 09:00:00+00:00, run_after=2025-06-02 10:00:00+00:00
[2025-10-17T12:08:49.470+0000] {processor.py:208} INFO - Processing /opt/airflow/dags/premier_dag.py took 0.081 seconds
[2025-10-17T12:09:19.769+0000] {processor.py:186} INFO - Started process (PID=3809) to work on /opt/airflow/dags/premier_dag.py
[2025-10-17T12:09:19.770+0000] {processor.py:914} INFO - Processing file /opt/airflow/dags/premier_dag.py for tasks to queue
[2025-10-17T12:09:19.773+0000] {logging_mixin.py:190} INFO - [2025-10-17T12:09:19.773+0000] {dagbag.py:588} INFO - Filling up the DagBag from /opt/airflow/dags/premier_dag.py
[2025-10-17T12:09:19.790+0000] {processor.py:925} INFO - DAG(s) 'premier_dag_test' retrieved from /opt/airflow/dags/premier_dag.py
[2025-10-17T12:09:19.812+0000] {logging_mixin.py:190} INFO - [2025-10-17T12:09:19.812+0000] {dag.py:3239} INFO - Sync 1 DAGs
[2025-10-17T12:09:19.833+0000] {logging_mixin.py:190} INFO - [2025-10-17T12:09:19.833+0000] {dag.py:4180} INFO - Setting next_dagrun for premier_dag_test to 2025-06-02 09:00:00+00:00, run_after=2025-06-02 10:00:00+00:00
[2025-10-17T12:09:19.855+0000] {processor.py:208} INFO - Processing /opt/airflow/dags/premier_dag.py took 0.091 seconds
[2025-10-17T12:09:50.099+0000] {processor.py:186} INFO - Started process (PID=3826) to work on /opt/airflow/dags/premier_dag.py
[2025-10-17T12:09:50.101+0000] {processor.py:914} INFO - Processing file /opt/airflow/dags/premier_dag.py for tasks to queue
[2025-10-17T12:09:50.104+0000] {logging_mixin.py:190} INFO - [2025-10-17T12:09:50.104+0000] {dagbag.py:588} INFO - Filling up the DagBag from /opt/airflow/dags/premier_dag.py
[2025-10-17T12:09:50.124+0000] {processor.py:925} INFO - DAG(s) 'premier_dag_test' retrieved from /opt/airflow/dags/premier_dag.py
[2025-10-17T12:09:50.150+0000] {logging_mixin.py:190} INFO - [2025-10-17T12:09:50.150+0000] {dag.py:3239} INFO - Sync 1 DAGs
[2025-10-17T12:09:50.174+0000] {logging_mixin.py:190} INFO - [2025-10-17T12:09:50.174+0000] {dag.py:4180} INFO - Setting next_dagrun for premier_dag_test to 2025-06-02 09:00:00+00:00, run_after=2025-06-02 10:00:00+00:00
[2025-10-17T12:09:50.194+0000] {processor.py:208} INFO - Processing /opt/airflow/dags/premier_dag.py took 0.102 seconds
[2025-10-17T12:10:20.520+0000] {processor.py:186} INFO - Started process (PID=3843) to work on /opt/airflow/dags/premier_dag.py
[2025-10-17T12:10:20.520+0000] {processor.py:914} INFO - Processing file /opt/airflow/dags/premier_dag.py for tasks to queue
[2025-10-17T12:10:20.523+0000] {logging_mixin.py:190} INFO - [2025-10-17T12:10:20.523+0000] {dagbag.py:588} INFO - Filling up the DagBag from /opt/airflow/dags/premier_dag.py
[2025-10-17T12:10:20.539+0000] {processor.py:925} INFO - DAG(s) 'premier_dag_test' retrieved from /opt/airflow/dags/premier_dag.py
[2025-10-17T12:10:20.565+0000] {logging_mixin.py:190} INFO - [2025-10-17T12:10:20.565+0000] {dag.py:3239} INFO - Sync 1 DAGs
[2025-10-17T12:10:20.586+0000] {logging_mixin.py:190} INFO - [2025-10-17T12:10:20.586+0000] {dag.py:4180} INFO - Setting next_dagrun for premier_dag_test to 2025-06-02 09:00:00+00:00, run_after=2025-06-02 10:00:00+00:00
[2025-10-17T12:10:20.601+0000] {processor.py:208} INFO - Processing /opt/airflow/dags/premier_dag.py took 0.087 seconds
[2025-10-17T12:10:50.897+0000] {processor.py:186} INFO - Started process (PID=3860) to work on /opt/airflow/dags/premier_dag.py
[2025-10-17T12:10:50.898+0000] {processor.py:914} INFO - Processing file /opt/airflow/dags/premier_dag.py for tasks to queue
[2025-10-17T12:10:50.901+0000] {logging_mixin.py:190} INFO - [2025-10-17T12:10:50.901+0000] {dagbag.py:588} INFO - Filling up the DagBag from /opt/airflow/dags/premier_dag.py
[2025-10-17T12:10:50.915+0000] {processor.py:925} INFO - DAG(s) 'premier_dag_test' retrieved from /opt/airflow/dags/premier_dag.py
[2025-10-17T12:10:50.936+0000] {logging_mixin.py:190} INFO - [2025-10-17T12:10:50.936+0000] {dag.py:3239} INFO - Sync 1 DAGs
[2025-10-17T12:10:50.955+0000] {logging_mixin.py:190} INFO - [2025-10-17T12:10:50.955+0000] {dag.py:4180} INFO - Setting next_dagrun for premier_dag_test to 2025-06-02 09:00:00+00:00, run_after=2025-06-02 10:00:00+00:00
[2025-10-17T12:10:50.971+0000] {processor.py:208} INFO - Processing /opt/airflow/dags/premier_dag.py took 0.079 seconds
[2025-10-17T12:11:21.308+0000] {processor.py:186} INFO - Started process (PID=3877) to work on /opt/airflow/dags/premier_dag.py
[2025-10-17T12:11:21.309+0000] {processor.py:914} INFO - Processing file /opt/airflow/dags/premier_dag.py for tasks to queue
[2025-10-17T12:11:21.311+0000] {logging_mixin.py:190} INFO - [2025-10-17T12:11:21.311+0000] {dagbag.py:588} INFO - Filling up the DagBag from /opt/airflow/dags/premier_dag.py
[2025-10-17T12:11:21.328+0000] {processor.py:925} INFO - DAG(s) 'premier_dag_test' retrieved from /opt/airflow/dags/premier_dag.py
[2025-10-17T12:11:21.351+0000] {logging_mixin.py:190} INFO - [2025-10-17T12:11:21.351+0000] {dag.py:3239} INFO - Sync 1 DAGs
[2025-10-17T12:11:21.375+0000] {logging_mixin.py:190} INFO - [2025-10-17T12:11:21.375+0000] {dag.py:4180} INFO - Setting next_dagrun for premier_dag_test to 2025-06-02 09:00:00+00:00, run_after=2025-06-02 10:00:00+00:00
[2025-10-17T12:11:21.396+0000] {processor.py:208} INFO - Processing /opt/airflow/dags/premier_dag.py took 0.094 seconds
[2025-10-17T12:11:51.663+0000] {processor.py:186} INFO - Started process (PID=3894) to work on /opt/airflow/dags/premier_dag.py
[2025-10-17T12:11:51.664+0000] {processor.py:914} INFO - Processing file /opt/airflow/dags/premier_dag.py for tasks to queue
[2025-10-17T12:11:51.666+0000] {logging_mixin.py:190} INFO - [2025-10-17T12:11:51.666+0000] {dagbag.py:588} INFO - Filling up the DagBag from /opt/airflow/dags/premier_dag.py
[2025-10-17T12:11:51.680+0000] {processor.py:925} INFO - DAG(s) 'premier_dag_test' retrieved from /opt/airflow/dags/premier_dag.py
[2025-10-17T12:11:51.701+0000] {logging_mixin.py:190} INFO - [2025-10-17T12:11:51.700+0000] {dag.py:3239} INFO - Sync 1 DAGs
[2025-10-17T12:11:51.721+0000] {logging_mixin.py:190} INFO - [2025-10-17T12:11:51.720+0000] {dag.py:4180} INFO - Setting next_dagrun for premier_dag_test to 2025-06-02 09:00:00+00:00, run_after=2025-06-02 10:00:00+00:00
[2025-10-17T12:11:51.738+0000] {processor.py:208} INFO - Processing /opt/airflow/dags/premier_dag.py took 0.080 seconds
[2025-10-17T12:12:21.986+0000] {processor.py:186} INFO - Started process (PID=3911) to work on /opt/airflow/dags/premier_dag.py
[2025-10-17T12:12:21.987+0000] {processor.py:914} INFO - Processing file /opt/airflow/dags/premier_dag.py for tasks to queue
[2025-10-17T12:12:21.990+0000] {logging_mixin.py:190} INFO - [2025-10-17T12:12:21.990+0000] {dagbag.py:588} INFO - Filling up the DagBag from /opt/airflow/dags/premier_dag.py
[2025-10-17T12:12:22.003+0000] {processor.py:925} INFO - DAG(s) 'premier_dag_test' retrieved from /opt/airflow/dags/premier_dag.py
[2025-10-17T12:12:22.023+0000] {logging_mixin.py:190} INFO - [2025-10-17T12:12:22.023+0000] {dag.py:3239} INFO - Sync 1 DAGs
[2025-10-17T12:12:22.042+0000] {logging_mixin.py:190} INFO - [2025-10-17T12:12:22.042+0000] {dag.py:4180} INFO - Setting next_dagrun for premier_dag_test to 2025-06-02 09:00:00+00:00, run_after=2025-06-02 10:00:00+00:00
[2025-10-17T12:12:22.061+0000] {processor.py:208} INFO - Processing /opt/airflow/dags/premier_dag.py took 0.080 seconds
[2025-10-17T12:12:52.362+0000] {processor.py:186} INFO - Started process (PID=3928) to work on /opt/airflow/dags/premier_dag.py
[2025-10-17T12:12:52.363+0000] {processor.py:914} INFO - Processing file /opt/airflow/dags/premier_dag.py for tasks to queue
[2025-10-17T12:12:52.365+0000] {logging_mixin.py:190} INFO - [2025-10-17T12:12:52.365+0000] {dagbag.py:588} INFO - Filling up the DagBag from /opt/airflow/dags/premier_dag.py
[2025-10-17T12:12:52.379+0000] {processor.py:925} INFO - DAG(s) 'premier_dag_test' retrieved from /opt/airflow/dags/premier_dag.py
[2025-10-17T12:12:52.402+0000] {logging_mixin.py:190} INFO - [2025-10-17T12:12:52.401+0000] {dag.py:3239} INFO - Sync 1 DAGs
[2025-10-17T12:12:52.422+0000] {logging_mixin.py:190} INFO - [2025-10-17T12:12:52.421+0000] {dag.py:4180} INFO - Setting next_dagrun for premier_dag_test to 2025-06-02 09:00:00+00:00, run_after=2025-06-02 10:00:00+00:00
[2025-10-17T12:12:52.440+0000] {processor.py:208} INFO - Processing /opt/airflow/dags/premier_dag.py took 0.083 seconds
[2025-10-17T12:13:22.670+0000] {processor.py:186} INFO - Started process (PID=3945) to work on /opt/airflow/dags/premier_dag.py
[2025-10-17T12:13:22.670+0000] {processor.py:914} INFO - Processing file /opt/airflow/dags/premier_dag.py for tasks to queue
[2025-10-17T12:13:22.673+0000] {logging_mixin.py:190} INFO - [2025-10-17T12:13:22.673+0000] {dagbag.py:588} INFO - Filling up the DagBag from /opt/airflow/dags/premier_dag.py
[2025-10-17T12:13:22.687+0000] {processor.py:925} INFO - DAG(s) 'premier_dag_test' retrieved from /opt/airflow/dags/premier_dag.py
[2025-10-17T12:13:22.708+0000] {logging_mixin.py:190} INFO - [2025-10-17T12:13:22.708+0000] {dag.py:3239} INFO - Sync 1 DAGs
[2025-10-17T12:13:22.728+0000] {logging_mixin.py:190} INFO - [2025-10-17T12:13:22.728+0000] {dag.py:4180} INFO - Setting next_dagrun for premier_dag_test to 2025-06-02 09:00:00+00:00, run_after=2025-06-02 10:00:00+00:00
[2025-10-17T12:13:22.742+0000] {processor.py:208} INFO - Processing /opt/airflow/dags/premier_dag.py took 0.078 seconds
[2025-10-17T12:13:53.000+0000] {processor.py:186} INFO - Started process (PID=3962) to work on /opt/airflow/dags/premier_dag.py
[2025-10-17T12:13:53.001+0000] {processor.py:914} INFO - Processing file /opt/airflow/dags/premier_dag.py for tasks to queue
[2025-10-17T12:13:53.004+0000] {logging_mixin.py:190} INFO - [2025-10-17T12:13:53.004+0000] {dagbag.py:588} INFO - Filling up the DagBag from /opt/airflow/dags/premier_dag.py
[2025-10-17T12:13:53.018+0000] {processor.py:925} INFO - DAG(s) 'premier_dag_test' retrieved from /opt/airflow/dags/premier_dag.py
[2025-10-17T12:13:53.037+0000] {logging_mixin.py:190} INFO - [2025-10-17T12:13:53.037+0000] {dag.py:3239} INFO - Sync 1 DAGs
[2025-10-17T12:13:53.056+0000] {logging_mixin.py:190} INFO - [2025-10-17T12:13:53.055+0000] {dag.py:4180} INFO - Setting next_dagrun for premier_dag_test to 2025-06-02 09:00:00+00:00, run_after=2025-06-02 10:00:00+00:00
[2025-10-17T12:13:53.076+0000] {processor.py:208} INFO - Processing /opt/airflow/dags/premier_dag.py took 0.080 seconds
[2025-10-17T12:14:23.369+0000] {processor.py:186} INFO - Started process (PID=3979) to work on /opt/airflow/dags/premier_dag.py
[2025-10-17T12:14:23.370+0000] {processor.py:914} INFO - Processing file /opt/airflow/dags/premier_dag.py for tasks to queue
[2025-10-17T12:14:23.372+0000] {logging_mixin.py:190} INFO - [2025-10-17T12:14:23.372+0000] {dagbag.py:588} INFO - Filling up the DagBag from /opt/airflow/dags/premier_dag.py
[2025-10-17T12:14:23.386+0000] {processor.py:925} INFO - DAG(s) 'premier_dag_test' retrieved from /opt/airflow/dags/premier_dag.py
[2025-10-17T12:14:23.406+0000] {logging_mixin.py:190} INFO - [2025-10-17T12:14:23.406+0000] {dag.py:3239} INFO - Sync 1 DAGs
[2025-10-17T12:14:23.425+0000] {logging_mixin.py:190} INFO - [2025-10-17T12:14:23.425+0000] {dag.py:4180} INFO - Setting next_dagrun for premier_dag_test to 2025-06-02 09:00:00+00:00, run_after=2025-06-02 10:00:00+00:00
[2025-10-17T12:14:23.444+0000] {processor.py:208} INFO - Processing /opt/airflow/dags/premier_dag.py took 0.080 seconds
[2025-10-17T12:14:53.734+0000] {processor.py:186} INFO - Started process (PID=3996) to work on /opt/airflow/dags/premier_dag.py
[2025-10-17T12:14:53.735+0000] {processor.py:914} INFO - Processing file /opt/airflow/dags/premier_dag.py for tasks to queue
[2025-10-17T12:14:53.738+0000] {logging_mixin.py:190} INFO - [2025-10-17T12:14:53.737+0000] {dagbag.py:588} INFO - Filling up the DagBag from /opt/airflow/dags/premier_dag.py
[2025-10-17T12:14:53.755+0000] {processor.py:925} INFO - DAG(s) 'premier_dag_test' retrieved from /opt/airflow/dags/premier_dag.py
[2025-10-17T12:14:53.778+0000] {logging_mixin.py:190} INFO - [2025-10-17T12:14:53.778+0000] {dag.py:3239} INFO - Sync 1 DAGs
[2025-10-17T12:14:53.801+0000] {logging_mixin.py:190} INFO - [2025-10-17T12:14:53.800+0000] {dag.py:4180} INFO - Setting next_dagrun for premier_dag_test to 2025-06-02 09:00:00+00:00, run_after=2025-06-02 10:00:00+00:00
[2025-10-17T12:14:53.817+0000] {processor.py:208} INFO - Processing /opt/airflow/dags/premier_dag.py took 0.089 seconds
[2025-10-17T12:15:24.113+0000] {processor.py:186} INFO - Started process (PID=4013) to work on /opt/airflow/dags/premier_dag.py
[2025-10-17T12:15:24.114+0000] {processor.py:914} INFO - Processing file /opt/airflow/dags/premier_dag.py for tasks to queue
[2025-10-17T12:15:24.116+0000] {logging_mixin.py:190} INFO - [2025-10-17T12:15:24.115+0000] {dagbag.py:588} INFO - Filling up the DagBag from /opt/airflow/dags/premier_dag.py
[2025-10-17T12:15:24.131+0000] {processor.py:925} INFO - DAG(s) 'premier_dag_test' retrieved from /opt/airflow/dags/premier_dag.py
[2025-10-17T12:15:24.151+0000] {logging_mixin.py:190} INFO - [2025-10-17T12:15:24.151+0000] {dag.py:3239} INFO - Sync 1 DAGs
[2025-10-17T12:15:24.169+0000] {logging_mixin.py:190} INFO - [2025-10-17T12:15:24.169+0000] {dag.py:4180} INFO - Setting next_dagrun for premier_dag_test to 2025-06-02 09:00:00+00:00, run_after=2025-06-02 10:00:00+00:00
[2025-10-17T12:15:24.185+0000] {processor.py:208} INFO - Processing /opt/airflow/dags/premier_dag.py took 0.077 seconds
[2025-10-17T12:15:54.467+0000] {processor.py:186} INFO - Started process (PID=4030) to work on /opt/airflow/dags/premier_dag.py
[2025-10-17T12:15:54.468+0000] {processor.py:914} INFO - Processing file /opt/airflow/dags/premier_dag.py for tasks to queue
[2025-10-17T12:15:54.470+0000] {logging_mixin.py:190} INFO - [2025-10-17T12:15:54.469+0000] {dagbag.py:588} INFO - Filling up the DagBag from /opt/airflow/dags/premier_dag.py
[2025-10-17T12:15:54.484+0000] {processor.py:925} INFO - DAG(s) 'premier_dag_test' retrieved from /opt/airflow/dags/premier_dag.py
[2025-10-17T12:15:54.506+0000] {logging_mixin.py:190} INFO - [2025-10-17T12:15:54.506+0000] {dag.py:3239} INFO - Sync 1 DAGs
[2025-10-17T12:15:54.527+0000] {logging_mixin.py:190} INFO - [2025-10-17T12:15:54.527+0000] {dag.py:4180} INFO - Setting next_dagrun for premier_dag_test to 2025-06-02 09:00:00+00:00, run_after=2025-06-02 10:00:00+00:00
[2025-10-17T12:15:54.547+0000] {processor.py:208} INFO - Processing /opt/airflow/dags/premier_dag.py took 0.085 seconds
[2025-10-17T12:16:24.790+0000] {processor.py:186} INFO - Started process (PID=4048) to work on /opt/airflow/dags/premier_dag.py
[2025-10-17T12:16:24.791+0000] {processor.py:914} INFO - Processing file /opt/airflow/dags/premier_dag.py for tasks to queue
[2025-10-17T12:16:24.794+0000] {logging_mixin.py:190} INFO - [2025-10-17T12:16:24.793+0000] {dagbag.py:588} INFO - Filling up the DagBag from /opt/airflow/dags/premier_dag.py
[2025-10-17T12:16:24.807+0000] {processor.py:925} INFO - DAG(s) 'premier_dag_test' retrieved from /opt/airflow/dags/premier_dag.py
[2025-10-17T12:16:24.827+0000] {logging_mixin.py:190} INFO - [2025-10-17T12:16:24.827+0000] {dag.py:3239} INFO - Sync 1 DAGs
[2025-10-17T12:16:24.845+0000] {logging_mixin.py:190} INFO - [2025-10-17T12:16:24.845+0000] {dag.py:4180} INFO - Setting next_dagrun for premier_dag_test to 2025-06-02 09:00:00+00:00, run_after=2025-06-02 10:00:00+00:00
[2025-10-17T12:16:24.865+0000] {processor.py:208} INFO - Processing /opt/airflow/dags/premier_dag.py took 0.080 seconds
[2025-10-17T12:16:55.128+0000] {processor.py:186} INFO - Started process (PID=4065) to work on /opt/airflow/dags/premier_dag.py
[2025-10-17T12:16:55.129+0000] {processor.py:914} INFO - Processing file /opt/airflow/dags/premier_dag.py for tasks to queue
[2025-10-17T12:16:55.131+0000] {logging_mixin.py:190} INFO - [2025-10-17T12:16:55.130+0000] {dagbag.py:588} INFO - Filling up the DagBag from /opt/airflow/dags/premier_dag.py
[2025-10-17T12:16:55.145+0000] {processor.py:925} INFO - DAG(s) 'premier_dag_test' retrieved from /opt/airflow/dags/premier_dag.py
[2025-10-17T12:16:55.165+0000] {logging_mixin.py:190} INFO - [2025-10-17T12:16:55.165+0000] {dag.py:3239} INFO - Sync 1 DAGs
[2025-10-17T12:16:55.186+0000] {logging_mixin.py:190} INFO - [2025-10-17T12:16:55.186+0000] {dag.py:4180} INFO - Setting next_dagrun for premier_dag_test to 2025-06-02 09:00:00+00:00, run_after=2025-06-02 10:00:00+00:00
[2025-10-17T12:16:55.203+0000] {processor.py:208} INFO - Processing /opt/airflow/dags/premier_dag.py took 0.080 seconds
[2025-10-17T12:17:25.455+0000] {processor.py:186} INFO - Started process (PID=4082) to work on /opt/airflow/dags/premier_dag.py
[2025-10-17T12:17:25.456+0000] {processor.py:914} INFO - Processing file /opt/airflow/dags/premier_dag.py for tasks to queue
[2025-10-17T12:17:25.458+0000] {logging_mixin.py:190} INFO - [2025-10-17T12:17:25.458+0000] {dagbag.py:588} INFO - Filling up the DagBag from /opt/airflow/dags/premier_dag.py
[2025-10-17T12:17:25.475+0000] {processor.py:925} INFO - DAG(s) 'premier_dag_test' retrieved from /opt/airflow/dags/premier_dag.py
[2025-10-17T12:17:25.498+0000] {logging_mixin.py:190} INFO - [2025-10-17T12:17:25.498+0000] {dag.py:3239} INFO - Sync 1 DAGs
[2025-10-17T12:17:25.522+0000] {logging_mixin.py:190} INFO - [2025-10-17T12:17:25.521+0000] {dag.py:4180} INFO - Setting next_dagrun for premier_dag_test to 2025-06-02 09:00:00+00:00, run_after=2025-06-02 10:00:00+00:00
[2025-10-17T12:17:25.541+0000] {processor.py:208} INFO - Processing /opt/airflow/dags/premier_dag.py took 0.092 seconds
[2025-10-17T12:17:55.817+0000] {processor.py:186} INFO - Started process (PID=4099) to work on /opt/airflow/dags/premier_dag.py
[2025-10-17T12:17:55.818+0000] {processor.py:914} INFO - Processing file /opt/airflow/dags/premier_dag.py for tasks to queue
[2025-10-17T12:17:55.820+0000] {logging_mixin.py:190} INFO - [2025-10-17T12:17:55.820+0000] {dagbag.py:588} INFO - Filling up the DagBag from /opt/airflow/dags/premier_dag.py
[2025-10-17T12:17:55.834+0000] {processor.py:925} INFO - DAG(s) 'premier_dag_test' retrieved from /opt/airflow/dags/premier_dag.py
[2025-10-17T12:17:55.854+0000] {logging_mixin.py:190} INFO - [2025-10-17T12:17:55.854+0000] {dag.py:3239} INFO - Sync 1 DAGs
[2025-10-17T12:17:55.875+0000] {logging_mixin.py:190} INFO - [2025-10-17T12:17:55.875+0000] {dag.py:4180} INFO - Setting next_dagrun for premier_dag_test to 2025-06-02 09:00:00+00:00, run_after=2025-06-02 10:00:00+00:00
[2025-10-17T12:17:55.889+0000] {processor.py:208} INFO - Processing /opt/airflow/dags/premier_dag.py took 0.077 seconds
[2025-10-17T12:18:26.142+0000] {processor.py:186} INFO - Started process (PID=4116) to work on /opt/airflow/dags/premier_dag.py
[2025-10-17T12:18:26.143+0000] {processor.py:914} INFO - Processing file /opt/airflow/dags/premier_dag.py for tasks to queue
[2025-10-17T12:18:26.145+0000] {logging_mixin.py:190} INFO - [2025-10-17T12:18:26.145+0000] {dagbag.py:588} INFO - Filling up the DagBag from /opt/airflow/dags/premier_dag.py
[2025-10-17T12:18:26.162+0000] {processor.py:925} INFO - DAG(s) 'premier_dag_test' retrieved from /opt/airflow/dags/premier_dag.py
[2025-10-17T12:18:26.186+0000] {logging_mixin.py:190} INFO - [2025-10-17T12:18:26.186+0000] {dag.py:3239} INFO - Sync 1 DAGs
[2025-10-17T12:18:26.209+0000] {logging_mixin.py:190} INFO - [2025-10-17T12:18:26.209+0000] {dag.py:4180} INFO - Setting next_dagrun for premier_dag_test to 2025-06-02 09:00:00+00:00, run_after=2025-06-02 10:00:00+00:00
[2025-10-17T12:18:26.226+0000] {processor.py:208} INFO - Processing /opt/airflow/dags/premier_dag.py took 0.089 seconds
[2025-10-17T12:18:56.521+0000] {processor.py:186} INFO - Started process (PID=4134) to work on /opt/airflow/dags/premier_dag.py
[2025-10-17T12:18:56.522+0000] {processor.py:914} INFO - Processing file /opt/airflow/dags/premier_dag.py for tasks to queue
[2025-10-17T12:18:56.524+0000] {logging_mixin.py:190} INFO - [2025-10-17T12:18:56.523+0000] {dagbag.py:588} INFO - Filling up the DagBag from /opt/airflow/dags/premier_dag.py
[2025-10-17T12:18:56.539+0000] {processor.py:925} INFO - DAG(s) 'premier_dag_test' retrieved from /opt/airflow/dags/premier_dag.py
[2025-10-17T12:18:56.562+0000] {logging_mixin.py:190} INFO - [2025-10-17T12:18:56.562+0000] {dag.py:3239} INFO - Sync 1 DAGs
[2025-10-17T12:18:56.584+0000] {logging_mixin.py:190} INFO - [2025-10-17T12:18:56.583+0000] {dag.py:4180} INFO - Setting next_dagrun for premier_dag_test to 2025-06-02 09:00:00+00:00, run_after=2025-06-02 10:00:00+00:00
[2025-10-17T12:18:56.604+0000] {processor.py:208} INFO - Processing /opt/airflow/dags/premier_dag.py took 0.088 seconds
[2025-10-17T12:19:26.879+0000] {processor.py:186} INFO - Started process (PID=4151) to work on /opt/airflow/dags/premier_dag.py
[2025-10-17T12:19:26.880+0000] {processor.py:914} INFO - Processing file /opt/airflow/dags/premier_dag.py for tasks to queue
[2025-10-17T12:19:26.882+0000] {logging_mixin.py:190} INFO - [2025-10-17T12:19:26.882+0000] {dagbag.py:588} INFO - Filling up the DagBag from /opt/airflow/dags/premier_dag.py
[2025-10-17T12:19:26.899+0000] {processor.py:925} INFO - DAG(s) 'premier_dag_test' retrieved from /opt/airflow/dags/premier_dag.py
[2025-10-17T12:19:26.922+0000] {logging_mixin.py:190} INFO - [2025-10-17T12:19:26.922+0000] {dag.py:3239} INFO - Sync 1 DAGs
[2025-10-17T12:19:26.944+0000] {logging_mixin.py:190} INFO - [2025-10-17T12:19:26.943+0000] {dag.py:4180} INFO - Setting next_dagrun for premier_dag_test to 2025-06-02 09:00:00+00:00, run_after=2025-06-02 10:00:00+00:00
[2025-10-17T12:19:26.963+0000] {processor.py:208} INFO - Processing /opt/airflow/dags/premier_dag.py took 0.090 seconds
[2025-10-17T12:19:57.192+0000] {processor.py:186} INFO - Started process (PID=4168) to work on /opt/airflow/dags/premier_dag.py
[2025-10-17T12:19:57.193+0000] {processor.py:914} INFO - Processing file /opt/airflow/dags/premier_dag.py for tasks to queue
[2025-10-17T12:19:57.195+0000] {logging_mixin.py:190} INFO - [2025-10-17T12:19:57.195+0000] {dagbag.py:588} INFO - Filling up the DagBag from /opt/airflow/dags/premier_dag.py
[2025-10-17T12:19:57.212+0000] {processor.py:925} INFO - DAG(s) 'premier_dag_test' retrieved from /opt/airflow/dags/premier_dag.py
[2025-10-17T12:19:57.235+0000] {logging_mixin.py:190} INFO - [2025-10-17T12:19:57.235+0000] {dag.py:3239} INFO - Sync 1 DAGs
[2025-10-17T12:19:57.259+0000] {logging_mixin.py:190} INFO - [2025-10-17T12:19:57.258+0000] {dag.py:4180} INFO - Setting next_dagrun for premier_dag_test to 2025-06-02 09:00:00+00:00, run_after=2025-06-02 10:00:00+00:00
[2025-10-17T12:19:57.280+0000] {processor.py:208} INFO - Processing /opt/airflow/dags/premier_dag.py took 0.094 seconds
[2025-10-17T12:20:27.539+0000] {processor.py:186} INFO - Started process (PID=4185) to work on /opt/airflow/dags/premier_dag.py
[2025-10-17T12:20:27.540+0000] {processor.py:914} INFO - Processing file /opt/airflow/dags/premier_dag.py for tasks to queue
[2025-10-17T12:20:27.542+0000] {logging_mixin.py:190} INFO - [2025-10-17T12:20:27.542+0000] {dagbag.py:588} INFO - Filling up the DagBag from /opt/airflow/dags/premier_dag.py
[2025-10-17T12:20:27.557+0000] {processor.py:925} INFO - DAG(s) 'premier_dag_test' retrieved from /opt/airflow/dags/premier_dag.py
[2025-10-17T12:20:27.578+0000] {logging_mixin.py:190} INFO - [2025-10-17T12:20:27.578+0000] {dag.py:3239} INFO - Sync 1 DAGs
[2025-10-17T12:20:27.597+0000] {logging_mixin.py:190} INFO - [2025-10-17T12:20:27.597+0000] {dag.py:4180} INFO - Setting next_dagrun for premier_dag_test to 2025-06-02 09:00:00+00:00, run_after=2025-06-02 10:00:00+00:00
[2025-10-17T12:20:27.617+0000] {processor.py:208} INFO - Processing /opt/airflow/dags/premier_dag.py took 0.083 seconds
[2025-10-17T12:20:57.905+0000] {processor.py:186} INFO - Started process (PID=4202) to work on /opt/airflow/dags/premier_dag.py
[2025-10-17T12:20:57.906+0000] {processor.py:914} INFO - Processing file /opt/airflow/dags/premier_dag.py for tasks to queue
[2025-10-17T12:20:57.908+0000] {logging_mixin.py:190} INFO - [2025-10-17T12:20:57.908+0000] {dagbag.py:588} INFO - Filling up the DagBag from /opt/airflow/dags/premier_dag.py
[2025-10-17T12:20:57.924+0000] {processor.py:925} INFO - DAG(s) 'premier_dag_test' retrieved from /opt/airflow/dags/premier_dag.py
[2025-10-17T12:20:57.948+0000] {logging_mixin.py:190} INFO - [2025-10-17T12:20:57.947+0000] {dag.py:3239} INFO - Sync 1 DAGs
[2025-10-17T12:20:57.971+0000] {logging_mixin.py:190} INFO - [2025-10-17T12:20:57.971+0000] {dag.py:4180} INFO - Setting next_dagrun for premier_dag_test to 2025-06-02 09:00:00+00:00, run_after=2025-06-02 10:00:00+00:00
[2025-10-17T12:20:57.991+0000] {processor.py:208} INFO - Processing /opt/airflow/dags/premier_dag.py took 0.092 seconds
[2025-10-17T12:21:28.229+0000] {processor.py:186} INFO - Started process (PID=4219) to work on /opt/airflow/dags/premier_dag.py
[2025-10-17T12:21:28.230+0000] {processor.py:914} INFO - Processing file /opt/airflow/dags/premier_dag.py for tasks to queue
[2025-10-17T12:21:28.232+0000] {logging_mixin.py:190} INFO - [2025-10-17T12:21:28.231+0000] {dagbag.py:588} INFO - Filling up the DagBag from /opt/airflow/dags/premier_dag.py
[2025-10-17T12:21:28.246+0000] {processor.py:925} INFO - DAG(s) 'premier_dag_test' retrieved from /opt/airflow/dags/premier_dag.py
[2025-10-17T12:21:28.268+0000] {logging_mixin.py:190} INFO - [2025-10-17T12:21:28.267+0000] {dag.py:3239} INFO - Sync 1 DAGs
[2025-10-17T12:21:28.289+0000] {logging_mixin.py:190} INFO - [2025-10-17T12:21:28.288+0000] {dag.py:4180} INFO - Setting next_dagrun for premier_dag_test to 2025-06-02 09:00:00+00:00, run_after=2025-06-02 10:00:00+00:00
[2025-10-17T12:21:28.319+0000] {processor.py:208} INFO - Processing /opt/airflow/dags/premier_dag.py took 0.095 seconds
[2025-10-17T12:21:58.565+0000] {processor.py:186} INFO - Started process (PID=4236) to work on /opt/airflow/dags/premier_dag.py
[2025-10-17T12:21:58.566+0000] {processor.py:914} INFO - Processing file /opt/airflow/dags/premier_dag.py for tasks to queue
[2025-10-17T12:21:58.568+0000] {logging_mixin.py:190} INFO - [2025-10-17T12:21:58.568+0000] {dagbag.py:588} INFO - Filling up the DagBag from /opt/airflow/dags/premier_dag.py
[2025-10-17T12:21:58.584+0000] {processor.py:925} INFO - DAG(s) 'premier_dag_test' retrieved from /opt/airflow/dags/premier_dag.py
[2025-10-17T12:21:58.605+0000] {logging_mixin.py:190} INFO - [2025-10-17T12:21:58.605+0000] {dag.py:3239} INFO - Sync 1 DAGs
[2025-10-17T12:21:58.626+0000] {logging_mixin.py:190} INFO - [2025-10-17T12:21:58.625+0000] {dag.py:4180} INFO - Setting next_dagrun for premier_dag_test to 2025-06-02 09:00:00+00:00, run_after=2025-06-02 10:00:00+00:00
[2025-10-17T12:21:58.642+0000] {processor.py:208} INFO - Processing /opt/airflow/dags/premier_dag.py took 0.083 seconds
[2025-10-17T12:22:28.924+0000] {processor.py:186} INFO - Started process (PID=4253) to work on /opt/airflow/dags/premier_dag.py
[2025-10-17T12:22:28.925+0000] {processor.py:914} INFO - Processing file /opt/airflow/dags/premier_dag.py for tasks to queue
[2025-10-17T12:22:28.927+0000] {logging_mixin.py:190} INFO - [2025-10-17T12:22:28.926+0000] {dagbag.py:588} INFO - Filling up the DagBag from /opt/airflow/dags/premier_dag.py
[2025-10-17T12:22:28.941+0000] {processor.py:925} INFO - DAG(s) 'premier_dag_test' retrieved from /opt/airflow/dags/premier_dag.py
[2025-10-17T12:22:28.966+0000] {logging_mixin.py:190} INFO - [2025-10-17T12:22:28.966+0000] {dag.py:3239} INFO - Sync 1 DAGs
[2025-10-17T12:22:28.987+0000] {logging_mixin.py:190} INFO - [2025-10-17T12:22:28.987+0000] {dag.py:4180} INFO - Setting next_dagrun for premier_dag_test to 2025-06-02 09:00:00+00:00, run_after=2025-06-02 10:00:00+00:00
[2025-10-17T12:22:29.001+0000] {processor.py:208} INFO - Processing /opt/airflow/dags/premier_dag.py took 0.083 seconds
[2025-10-17T12:22:59.248+0000] {processor.py:186} INFO - Started process (PID=4270) to work on /opt/airflow/dags/premier_dag.py
[2025-10-17T12:22:59.249+0000] {processor.py:914} INFO - Processing file /opt/airflow/dags/premier_dag.py for tasks to queue
[2025-10-17T12:22:59.251+0000] {logging_mixin.py:190} INFO - [2025-10-17T12:22:59.251+0000] {dagbag.py:588} INFO - Filling up the DagBag from /opt/airflow/dags/premier_dag.py
[2025-10-17T12:22:59.268+0000] {processor.py:925} INFO - DAG(s) 'premier_dag_test' retrieved from /opt/airflow/dags/premier_dag.py
[2025-10-17T12:22:59.293+0000] {logging_mixin.py:190} INFO - [2025-10-17T12:22:59.293+0000] {dag.py:3239} INFO - Sync 1 DAGs
[2025-10-17T12:22:59.316+0000] {logging_mixin.py:190} INFO - [2025-10-17T12:22:59.316+0000] {dag.py:4180} INFO - Setting next_dagrun for premier_dag_test to 2025-06-02 09:00:00+00:00, run_after=2025-06-02 10:00:00+00:00
[2025-10-17T12:22:59.335+0000] {processor.py:208} INFO - Processing /opt/airflow/dags/premier_dag.py took 0.093 seconds
[2025-10-17T12:23:29.601+0000] {processor.py:186} INFO - Started process (PID=4287) to work on /opt/airflow/dags/premier_dag.py
[2025-10-17T12:23:29.602+0000] {processor.py:914} INFO - Processing file /opt/airflow/dags/premier_dag.py for tasks to queue
[2025-10-17T12:23:29.605+0000] {logging_mixin.py:190} INFO - [2025-10-17T12:23:29.604+0000] {dagbag.py:588} INFO - Filling up the DagBag from /opt/airflow/dags/premier_dag.py
[2025-10-17T12:23:29.628+0000] {processor.py:925} INFO - DAG(s) 'premier_dag_test' retrieved from /opt/airflow/dags/premier_dag.py
[2025-10-17T12:23:29.653+0000] {logging_mixin.py:190} INFO - [2025-10-17T12:23:29.653+0000] {dag.py:3239} INFO - Sync 1 DAGs
[2025-10-17T12:23:29.679+0000] {logging_mixin.py:190} INFO - [2025-10-17T12:23:29.678+0000] {dag.py:4180} INFO - Setting next_dagrun for premier_dag_test to 2025-06-02 09:00:00+00:00, run_after=2025-06-02 10:00:00+00:00
[2025-10-17T12:23:29.695+0000] {processor.py:208} INFO - Processing /opt/airflow/dags/premier_dag.py took 0.099 seconds
[2025-10-17T12:23:59.948+0000] {processor.py:186} INFO - Started process (PID=4304) to work on /opt/airflow/dags/premier_dag.py
[2025-10-17T12:23:59.949+0000] {processor.py:914} INFO - Processing file /opt/airflow/dags/premier_dag.py for tasks to queue
[2025-10-17T12:23:59.951+0000] {logging_mixin.py:190} INFO - [2025-10-17T12:23:59.951+0000] {dagbag.py:588} INFO - Filling up the DagBag from /opt/airflow/dags/premier_dag.py
[2025-10-17T12:23:59.966+0000] {processor.py:925} INFO - DAG(s) 'premier_dag_test' retrieved from /opt/airflow/dags/premier_dag.py
[2025-10-17T12:23:59.988+0000] {logging_mixin.py:190} INFO - [2025-10-17T12:23:59.987+0000] {dag.py:3239} INFO - Sync 1 DAGs
[2025-10-17T12:24:00.010+0000] {logging_mixin.py:190} INFO - [2025-10-17T12:24:00.010+0000] {dag.py:4180} INFO - Setting next_dagrun for premier_dag_test to 2025-06-02 09:00:00+00:00, run_after=2025-06-02 10:00:00+00:00
[2025-10-17T12:24:00.027+0000] {processor.py:208} INFO - Processing /opt/airflow/dags/premier_dag.py took 0.084 seconds
[2025-10-17T12:24:30.330+0000] {processor.py:186} INFO - Started process (PID=4321) to work on /opt/airflow/dags/premier_dag.py
[2025-10-17T12:24:30.331+0000] {processor.py:914} INFO - Processing file /opt/airflow/dags/premier_dag.py for tasks to queue
[2025-10-17T12:24:30.334+0000] {logging_mixin.py:190} INFO - [2025-10-17T12:24:30.333+0000] {dagbag.py:588} INFO - Filling up the DagBag from /opt/airflow/dags/premier_dag.py
[2025-10-17T12:24:30.348+0000] {processor.py:925} INFO - DAG(s) 'premier_dag_test' retrieved from /opt/airflow/dags/premier_dag.py
[2025-10-17T12:24:30.373+0000] {logging_mixin.py:190} INFO - [2025-10-17T12:24:30.373+0000] {dag.py:3239} INFO - Sync 1 DAGs
[2025-10-17T12:24:30.403+0000] {logging_mixin.py:190} INFO - [2025-10-17T12:24:30.403+0000] {dag.py:4180} INFO - Setting next_dagrun for premier_dag_test to 2025-06-02 09:00:00+00:00, run_after=2025-06-02 10:00:00+00:00
[2025-10-17T12:24:30.425+0000] {processor.py:208} INFO - Processing /opt/airflow/dags/premier_dag.py took 0.100 seconds
[2025-10-17T12:25:00.692+0000] {processor.py:186} INFO - Started process (PID=4338) to work on /opt/airflow/dags/premier_dag.py
[2025-10-17T12:25:00.693+0000] {processor.py:914} INFO - Processing file /opt/airflow/dags/premier_dag.py for tasks to queue
[2025-10-17T12:25:00.696+0000] {logging_mixin.py:190} INFO - [2025-10-17T12:25:00.695+0000] {dagbag.py:588} INFO - Filling up the DagBag from /opt/airflow/dags/premier_dag.py
[2025-10-17T12:25:00.710+0000] {processor.py:925} INFO - DAG(s) 'premier_dag_test' retrieved from /opt/airflow/dags/premier_dag.py
[2025-10-17T12:25:00.730+0000] {logging_mixin.py:190} INFO - [2025-10-17T12:25:00.729+0000] {dag.py:3239} INFO - Sync 1 DAGs
[2025-10-17T12:25:00.748+0000] {logging_mixin.py:190} INFO - [2025-10-17T12:25:00.748+0000] {dag.py:4180} INFO - Setting next_dagrun for premier_dag_test to 2025-06-02 09:00:00+00:00, run_after=2025-06-02 10:00:00+00:00
[2025-10-17T12:25:00.765+0000] {processor.py:208} INFO - Processing /opt/airflow/dags/premier_dag.py took 0.077 seconds
[2025-10-17T12:25:31.031+0000] {processor.py:186} INFO - Started process (PID=4355) to work on /opt/airflow/dags/premier_dag.py
[2025-10-17T12:25:31.032+0000] {processor.py:914} INFO - Processing file /opt/airflow/dags/premier_dag.py for tasks to queue
[2025-10-17T12:25:31.034+0000] {logging_mixin.py:190} INFO - [2025-10-17T12:25:31.034+0000] {dagbag.py:588} INFO - Filling up the DagBag from /opt/airflow/dags/premier_dag.py
[2025-10-17T12:25:31.050+0000] {processor.py:925} INFO - DAG(s) 'premier_dag_test' retrieved from /opt/airflow/dags/premier_dag.py
[2025-10-17T12:25:31.073+0000] {logging_mixin.py:190} INFO - [2025-10-17T12:25:31.072+0000] {dag.py:3239} INFO - Sync 1 DAGs
[2025-10-17T12:25:31.096+0000] {logging_mixin.py:190} INFO - [2025-10-17T12:25:31.096+0000] {dag.py:4180} INFO - Setting next_dagrun for premier_dag_test to 2025-06-02 09:00:00+00:00, run_after=2025-06-02 10:00:00+00:00
[2025-10-17T12:25:31.111+0000] {processor.py:208} INFO - Processing /opt/airflow/dags/premier_dag.py took 0.086 seconds
[2025-10-17T12:26:01.373+0000] {processor.py:186} INFO - Started process (PID=4372) to work on /opt/airflow/dags/premier_dag.py
[2025-10-17T12:26:01.374+0000] {processor.py:914} INFO - Processing file /opt/airflow/dags/premier_dag.py for tasks to queue
[2025-10-17T12:26:01.377+0000] {logging_mixin.py:190} INFO - [2025-10-17T12:26:01.377+0000] {dagbag.py:588} INFO - Filling up the DagBag from /opt/airflow/dags/premier_dag.py
[2025-10-17T12:26:01.391+0000] {processor.py:925} INFO - DAG(s) 'premier_dag_test' retrieved from /opt/airflow/dags/premier_dag.py
[2025-10-17T12:26:01.412+0000] {logging_mixin.py:190} INFO - [2025-10-17T12:26:01.412+0000] {dag.py:3239} INFO - Sync 1 DAGs
[2025-10-17T12:26:01.433+0000] {logging_mixin.py:190} INFO - [2025-10-17T12:26:01.433+0000] {dag.py:4180} INFO - Setting next_dagrun for premier_dag_test to 2025-06-02 09:00:00+00:00, run_after=2025-06-02 10:00:00+00:00
[2025-10-17T12:26:01.453+0000] {processor.py:208} INFO - Processing /opt/airflow/dags/premier_dag.py took 0.084 seconds
[2025-10-17T12:26:31.697+0000] {processor.py:186} INFO - Started process (PID=4389) to work on /opt/airflow/dags/premier_dag.py
[2025-10-17T12:26:31.698+0000] {processor.py:914} INFO - Processing file /opt/airflow/dags/premier_dag.py for tasks to queue
[2025-10-17T12:26:31.700+0000] {logging_mixin.py:190} INFO - [2025-10-17T12:26:31.700+0000] {dagbag.py:588} INFO - Filling up the DagBag from /opt/airflow/dags/premier_dag.py
[2025-10-17T12:26:31.714+0000] {processor.py:925} INFO - DAG(s) 'premier_dag_test' retrieved from /opt/airflow/dags/premier_dag.py
[2025-10-17T12:26:31.734+0000] {logging_mixin.py:190} INFO - [2025-10-17T12:26:31.733+0000] {dag.py:3239} INFO - Sync 1 DAGs
[2025-10-17T12:26:31.753+0000] {logging_mixin.py:190} INFO - [2025-10-17T12:26:31.753+0000] {dag.py:4180} INFO - Setting next_dagrun for premier_dag_test to 2025-06-02 09:00:00+00:00, run_after=2025-06-02 10:00:00+00:00
[2025-10-17T12:26:31.772+0000] {processor.py:208} INFO - Processing /opt/airflow/dags/premier_dag.py took 0.080 seconds
[2025-10-17T12:27:02.057+0000] {processor.py:186} INFO - Started process (PID=4406) to work on /opt/airflow/dags/premier_dag.py
[2025-10-17T12:27:02.058+0000] {processor.py:914} INFO - Processing file /opt/airflow/dags/premier_dag.py for tasks to queue
[2025-10-17T12:27:02.060+0000] {logging_mixin.py:190} INFO - [2025-10-17T12:27:02.059+0000] {dagbag.py:588} INFO - Filling up the DagBag from /opt/airflow/dags/premier_dag.py
[2025-10-17T12:27:02.074+0000] {processor.py:925} INFO - DAG(s) 'premier_dag_test' retrieved from /opt/airflow/dags/premier_dag.py
[2025-10-17T12:27:02.095+0000] {logging_mixin.py:190} INFO - [2025-10-17T12:27:02.095+0000] {dag.py:3239} INFO - Sync 1 DAGs
[2025-10-17T12:27:02.116+0000] {logging_mixin.py:190} INFO - [2025-10-17T12:27:02.116+0000] {dag.py:4180} INFO - Setting next_dagrun for premier_dag_test to 2025-06-02 09:00:00+00:00, run_after=2025-06-02 10:00:00+00:00
[2025-10-17T12:27:02.132+0000] {processor.py:208} INFO - Processing /opt/airflow/dags/premier_dag.py took 0.081 seconds
[2025-10-17T12:27:32.410+0000] {processor.py:186} INFO - Started process (PID=4423) to work on /opt/airflow/dags/premier_dag.py
[2025-10-17T12:27:32.411+0000] {processor.py:914} INFO - Processing file /opt/airflow/dags/premier_dag.py for tasks to queue
[2025-10-17T12:27:32.414+0000] {logging_mixin.py:190} INFO - [2025-10-17T12:27:32.413+0000] {dagbag.py:588} INFO - Filling up the DagBag from /opt/airflow/dags/premier_dag.py
[2025-10-17T12:27:32.431+0000] {processor.py:925} INFO - DAG(s) 'premier_dag_test' retrieved from /opt/airflow/dags/premier_dag.py
[2025-10-17T12:27:32.454+0000] {logging_mixin.py:190} INFO - [2025-10-17T12:27:32.453+0000] {dag.py:3239} INFO - Sync 1 DAGs
[2025-10-17T12:27:32.475+0000] {logging_mixin.py:190} INFO - [2025-10-17T12:27:32.475+0000] {dag.py:4180} INFO - Setting next_dagrun for premier_dag_test to 2025-06-02 09:00:00+00:00, run_after=2025-06-02 10:00:00+00:00
[2025-10-17T12:27:32.492+0000] {processor.py:208} INFO - Processing /opt/airflow/dags/premier_dag.py took 0.089 seconds
[2025-10-17T12:28:02.711+0000] {processor.py:186} INFO - Started process (PID=4440) to work on /opt/airflow/dags/premier_dag.py
[2025-10-17T12:28:02.712+0000] {processor.py:914} INFO - Processing file /opt/airflow/dags/premier_dag.py for tasks to queue
[2025-10-17T12:28:02.714+0000] {logging_mixin.py:190} INFO - [2025-10-17T12:28:02.714+0000] {dagbag.py:588} INFO - Filling up the DagBag from /opt/airflow/dags/premier_dag.py
[2025-10-17T12:28:02.727+0000] {processor.py:925} INFO - DAG(s) 'premier_dag_test' retrieved from /opt/airflow/dags/premier_dag.py
[2025-10-17T12:28:02.748+0000] {logging_mixin.py:190} INFO - [2025-10-17T12:28:02.748+0000] {dag.py:3239} INFO - Sync 1 DAGs
[2025-10-17T12:28:02.767+0000] {logging_mixin.py:190} INFO - [2025-10-17T12:28:02.767+0000] {dag.py:4180} INFO - Setting next_dagrun for premier_dag_test to 2025-06-02 09:00:00+00:00, run_after=2025-06-02 10:00:00+00:00
[2025-10-17T12:28:02.787+0000] {processor.py:208} INFO - Processing /opt/airflow/dags/premier_dag.py took 0.081 seconds
[2025-10-17T12:28:33.026+0000] {processor.py:186} INFO - Started process (PID=4457) to work on /opt/airflow/dags/premier_dag.py
[2025-10-17T12:28:33.027+0000] {processor.py:914} INFO - Processing file /opt/airflow/dags/premier_dag.py for tasks to queue
[2025-10-17T12:28:33.029+0000] {logging_mixin.py:190} INFO - [2025-10-17T12:28:33.029+0000] {dagbag.py:588} INFO - Filling up the DagBag from /opt/airflow/dags/premier_dag.py
[2025-10-17T12:28:33.045+0000] {processor.py:925} INFO - DAG(s) 'premier_dag_test' retrieved from /opt/airflow/dags/premier_dag.py
[2025-10-17T12:28:33.068+0000] {logging_mixin.py:190} INFO - [2025-10-17T12:28:33.067+0000] {dag.py:3239} INFO - Sync 1 DAGs
[2025-10-17T12:28:33.088+0000] {logging_mixin.py:190} INFO - [2025-10-17T12:28:33.088+0000] {dag.py:4180} INFO - Setting next_dagrun for premier_dag_test to 2025-06-02 09:00:00+00:00, run_after=2025-06-02 10:00:00+00:00
[2025-10-17T12:28:33.103+0000] {processor.py:208} INFO - Processing /opt/airflow/dags/premier_dag.py took 0.082 seconds
[2025-10-17T12:29:03.345+0000] {processor.py:186} INFO - Started process (PID=4474) to work on /opt/airflow/dags/premier_dag.py
[2025-10-17T12:29:03.346+0000] {processor.py:914} INFO - Processing file /opt/airflow/dags/premier_dag.py for tasks to queue
[2025-10-17T12:29:03.348+0000] {logging_mixin.py:190} INFO - [2025-10-17T12:29:03.348+0000] {dagbag.py:588} INFO - Filling up the DagBag from /opt/airflow/dags/premier_dag.py
[2025-10-17T12:29:03.362+0000] {processor.py:925} INFO - DAG(s) 'premier_dag_test' retrieved from /opt/airflow/dags/premier_dag.py
[2025-10-17T12:29:03.384+0000] {logging_mixin.py:190} INFO - [2025-10-17T12:29:03.383+0000] {dag.py:3239} INFO - Sync 1 DAGs
[2025-10-17T12:29:03.404+0000] {logging_mixin.py:190} INFO - [2025-10-17T12:29:03.404+0000] {dag.py:4180} INFO - Setting next_dagrun for premier_dag_test to 2025-06-02 09:00:00+00:00, run_after=2025-06-02 10:00:00+00:00
[2025-10-17T12:29:03.422+0000] {processor.py:208} INFO - Processing /opt/airflow/dags/premier_dag.py took 0.082 seconds
[2025-10-17T12:29:33.661+0000] {processor.py:186} INFO - Started process (PID=4491) to work on /opt/airflow/dags/premier_dag.py
[2025-10-17T12:29:33.662+0000] {processor.py:914} INFO - Processing file /opt/airflow/dags/premier_dag.py for tasks to queue
[2025-10-17T12:29:33.664+0000] {logging_mixin.py:190} INFO - [2025-10-17T12:29:33.664+0000] {dagbag.py:588} INFO - Filling up the DagBag from /opt/airflow/dags/premier_dag.py
[2025-10-17T12:29:33.682+0000] {processor.py:925} INFO - DAG(s) 'premier_dag_test' retrieved from /opt/airflow/dags/premier_dag.py
[2025-10-17T12:29:33.705+0000] {logging_mixin.py:190} INFO - [2025-10-17T12:29:33.705+0000] {dag.py:3239} INFO - Sync 1 DAGs
[2025-10-17T12:29:33.729+0000] {logging_mixin.py:190} INFO - [2025-10-17T12:29:33.729+0000] {dag.py:4180} INFO - Setting next_dagrun for premier_dag_test to 2025-06-02 09:00:00+00:00, run_after=2025-06-02 10:00:00+00:00
[2025-10-17T12:29:33.745+0000] {processor.py:208} INFO - Processing /opt/airflow/dags/premier_dag.py took 0.090 seconds
[2025-10-17T12:30:04.037+0000] {processor.py:186} INFO - Started process (PID=4508) to work on /opt/airflow/dags/premier_dag.py
[2025-10-17T12:30:04.038+0000] {processor.py:914} INFO - Processing file /opt/airflow/dags/premier_dag.py for tasks to queue
[2025-10-17T12:30:04.040+0000] {logging_mixin.py:190} INFO - [2025-10-17T12:30:04.040+0000] {dagbag.py:588} INFO - Filling up the DagBag from /opt/airflow/dags/premier_dag.py
[2025-10-17T12:30:04.056+0000] {processor.py:925} INFO - DAG(s) 'premier_dag_test' retrieved from /opt/airflow/dags/premier_dag.py
[2025-10-17T12:30:04.078+0000] {logging_mixin.py:190} INFO - [2025-10-17T12:30:04.077+0000] {dag.py:3239} INFO - Sync 1 DAGs
[2025-10-17T12:30:04.098+0000] {logging_mixin.py:190} INFO - [2025-10-17T12:30:04.098+0000] {dag.py:4180} INFO - Setting next_dagrun for premier_dag_test to 2025-06-02 09:00:00+00:00, run_after=2025-06-02 10:00:00+00:00
[2025-10-17T12:30:04.118+0000] {processor.py:208} INFO - Processing /opt/airflow/dags/premier_dag.py took 0.086 seconds
[2025-10-17T12:30:34.390+0000] {processor.py:186} INFO - Started process (PID=4525) to work on /opt/airflow/dags/premier_dag.py
[2025-10-17T12:30:34.391+0000] {processor.py:914} INFO - Processing file /opt/airflow/dags/premier_dag.py for tasks to queue
[2025-10-17T12:30:34.393+0000] {logging_mixin.py:190} INFO - [2025-10-17T12:30:34.393+0000] {dagbag.py:588} INFO - Filling up the DagBag from /opt/airflow/dags/premier_dag.py
[2025-10-17T12:30:34.408+0000] {processor.py:925} INFO - DAG(s) 'premier_dag_test' retrieved from /opt/airflow/dags/premier_dag.py
[2025-10-17T12:30:34.430+0000] {logging_mixin.py:190} INFO - [2025-10-17T12:30:34.429+0000] {dag.py:3239} INFO - Sync 1 DAGs
[2025-10-17T12:30:34.448+0000] {logging_mixin.py:190} INFO - [2025-10-17T12:30:34.448+0000] {dag.py:4180} INFO - Setting next_dagrun for premier_dag_test to 2025-06-02 09:00:00+00:00, run_after=2025-06-02 10:00:00+00:00
[2025-10-17T12:30:34.469+0000] {processor.py:208} INFO - Processing /opt/airflow/dags/premier_dag.py took 0.084 seconds
[2025-10-17T12:31:04.705+0000] {processor.py:186} INFO - Started process (PID=4543) to work on /opt/airflow/dags/premier_dag.py
[2025-10-17T12:31:04.706+0000] {processor.py:914} INFO - Processing file /opt/airflow/dags/premier_dag.py for tasks to queue
[2025-10-17T12:31:04.708+0000] {logging_mixin.py:190} INFO - [2025-10-17T12:31:04.708+0000] {dagbag.py:588} INFO - Filling up the DagBag from /opt/airflow/dags/premier_dag.py
[2025-10-17T12:31:04.722+0000] {processor.py:925} INFO - DAG(s) 'premier_dag_test' retrieved from /opt/airflow/dags/premier_dag.py
[2025-10-17T12:31:04.743+0000] {logging_mixin.py:190} INFO - [2025-10-17T12:31:04.743+0000] {dag.py:3239} INFO - Sync 1 DAGs
[2025-10-17T12:31:04.761+0000] {logging_mixin.py:190} INFO - [2025-10-17T12:31:04.761+0000] {dag.py:4180} INFO - Setting next_dagrun for premier_dag_test to 2025-06-02 09:00:00+00:00, run_after=2025-06-02 10:00:00+00:00
[2025-10-17T12:31:04.777+0000] {processor.py:208} INFO - Processing /opt/airflow/dags/premier_dag.py took 0.076 seconds
[2025-10-17T12:31:35.100+0000] {processor.py:186} INFO - Started process (PID=4560) to work on /opt/airflow/dags/premier_dag.py
[2025-10-17T12:31:35.101+0000] {processor.py:914} INFO - Processing file /opt/airflow/dags/premier_dag.py for tasks to queue
[2025-10-17T12:31:35.103+0000] {logging_mixin.py:190} INFO - [2025-10-17T12:31:35.103+0000] {dagbag.py:588} INFO - Filling up the DagBag from /opt/airflow/dags/premier_dag.py
[2025-10-17T12:31:35.116+0000] {processor.py:925} INFO - DAG(s) 'premier_dag_test' retrieved from /opt/airflow/dags/premier_dag.py
[2025-10-17T12:31:35.137+0000] {logging_mixin.py:190} INFO - [2025-10-17T12:31:35.137+0000] {dag.py:3239} INFO - Sync 1 DAGs
[2025-10-17T12:31:35.156+0000] {logging_mixin.py:190} INFO - [2025-10-17T12:31:35.156+0000] {dag.py:4180} INFO - Setting next_dagrun for premier_dag_test to 2025-06-02 09:00:00+00:00, run_after=2025-06-02 10:00:00+00:00
[2025-10-17T12:31:35.175+0000] {processor.py:208} INFO - Processing /opt/airflow/dags/premier_dag.py took 0.080 seconds
[2025-10-17T12:32:05.483+0000] {processor.py:186} INFO - Started process (PID=4577) to work on /opt/airflow/dags/premier_dag.py
[2025-10-17T12:32:05.484+0000] {processor.py:914} INFO - Processing file /opt/airflow/dags/premier_dag.py for tasks to queue
[2025-10-17T12:32:05.486+0000] {logging_mixin.py:190} INFO - [2025-10-17T12:32:05.485+0000] {dagbag.py:588} INFO - Filling up the DagBag from /opt/airflow/dags/premier_dag.py
[2025-10-17T12:32:05.499+0000] {processor.py:925} INFO - DAG(s) 'premier_dag_test' retrieved from /opt/airflow/dags/premier_dag.py
[2025-10-17T12:32:05.519+0000] {logging_mixin.py:190} INFO - [2025-10-17T12:32:05.519+0000] {dag.py:3239} INFO - Sync 1 DAGs
[2025-10-17T12:32:05.539+0000] {logging_mixin.py:190} INFO - [2025-10-17T12:32:05.538+0000] {dag.py:4180} INFO - Setting next_dagrun for premier_dag_test to 2025-06-02 09:00:00+00:00, run_after=2025-06-02 10:00:00+00:00
[2025-10-17T12:32:05.558+0000] {processor.py:208} INFO - Processing /opt/airflow/dags/premier_dag.py took 0.080 seconds
[2025-10-17T12:32:35.856+0000] {processor.py:186} INFO - Started process (PID=4594) to work on /opt/airflow/dags/premier_dag.py
[2025-10-17T12:32:35.857+0000] {processor.py:914} INFO - Processing file /opt/airflow/dags/premier_dag.py for tasks to queue
[2025-10-17T12:32:35.859+0000] {logging_mixin.py:190} INFO - [2025-10-17T12:32:35.859+0000] {dagbag.py:588} INFO - Filling up the DagBag from /opt/airflow/dags/premier_dag.py
[2025-10-17T12:32:35.876+0000] {processor.py:925} INFO - DAG(s) 'premier_dag_test' retrieved from /opt/airflow/dags/premier_dag.py
[2025-10-17T12:32:35.905+0000] {logging_mixin.py:190} INFO - [2025-10-17T12:32:35.905+0000] {dag.py:3239} INFO - Sync 1 DAGs
[2025-10-17T12:32:35.929+0000] {logging_mixin.py:190} INFO - [2025-10-17T12:32:35.929+0000] {dag.py:4180} INFO - Setting next_dagrun for premier_dag_test to 2025-06-02 09:00:00+00:00, run_after=2025-06-02 10:00:00+00:00
[2025-10-17T12:32:35.948+0000] {processor.py:208} INFO - Processing /opt/airflow/dags/premier_dag.py took 0.098 seconds
[2025-10-17T12:33:06.247+0000] {processor.py:186} INFO - Started process (PID=4611) to work on /opt/airflow/dags/premier_dag.py
[2025-10-17T12:33:06.248+0000] {processor.py:914} INFO - Processing file /opt/airflow/dags/premier_dag.py for tasks to queue
[2025-10-17T12:33:06.250+0000] {logging_mixin.py:190} INFO - [2025-10-17T12:33:06.250+0000] {dagbag.py:588} INFO - Filling up the DagBag from /opt/airflow/dags/premier_dag.py
[2025-10-17T12:33:06.264+0000] {processor.py:925} INFO - DAG(s) 'premier_dag_test' retrieved from /opt/airflow/dags/premier_dag.py
[2025-10-17T12:33:06.284+0000] {logging_mixin.py:190} INFO - [2025-10-17T12:33:06.284+0000] {dag.py:3239} INFO - Sync 1 DAGs
[2025-10-17T12:33:06.303+0000] {logging_mixin.py:190} INFO - [2025-10-17T12:33:06.303+0000] {dag.py:4180} INFO - Setting next_dagrun for premier_dag_test to 2025-06-02 09:00:00+00:00, run_after=2025-06-02 10:00:00+00:00
[2025-10-17T12:33:06.321+0000] {processor.py:208} INFO - Processing /opt/airflow/dags/premier_dag.py took 0.079 seconds
[2025-10-17T12:33:36.546+0000] {processor.py:186} INFO - Started process (PID=4628) to work on /opt/airflow/dags/premier_dag.py
[2025-10-17T12:33:36.547+0000] {processor.py:914} INFO - Processing file /opt/airflow/dags/premier_dag.py for tasks to queue
[2025-10-17T12:33:36.549+0000] {logging_mixin.py:190} INFO - [2025-10-17T12:33:36.549+0000] {dagbag.py:588} INFO - Filling up the DagBag from /opt/airflow/dags/premier_dag.py
[2025-10-17T12:33:36.564+0000] {processor.py:925} INFO - DAG(s) 'premier_dag_test' retrieved from /opt/airflow/dags/premier_dag.py
[2025-10-17T12:33:36.585+0000] {logging_mixin.py:190} INFO - [2025-10-17T12:33:36.585+0000] {dag.py:3239} INFO - Sync 1 DAGs
[2025-10-17T12:33:36.604+0000] {logging_mixin.py:190} INFO - [2025-10-17T12:33:36.604+0000] {dag.py:4180} INFO - Setting next_dagrun for premier_dag_test to 2025-06-02 09:00:00+00:00, run_after=2025-06-02 10:00:00+00:00
[2025-10-17T12:33:36.621+0000] {processor.py:208} INFO - Processing /opt/airflow/dags/premier_dag.py took 0.080 seconds
[2025-10-17T12:34:06.870+0000] {processor.py:186} INFO - Started process (PID=4645) to work on /opt/airflow/dags/premier_dag.py
[2025-10-17T12:34:06.871+0000] {processor.py:914} INFO - Processing file /opt/airflow/dags/premier_dag.py for tasks to queue
[2025-10-17T12:34:06.873+0000] {logging_mixin.py:190} INFO - [2025-10-17T12:34:06.872+0000] {dagbag.py:588} INFO - Filling up the DagBag from /opt/airflow/dags/premier_dag.py
[2025-10-17T12:34:06.886+0000] {processor.py:925} INFO - DAG(s) 'premier_dag_test' retrieved from /opt/airflow/dags/premier_dag.py
[2025-10-17T12:34:06.906+0000] {logging_mixin.py:190} INFO - [2025-10-17T12:34:06.906+0000] {dag.py:3239} INFO - Sync 1 DAGs
[2025-10-17T12:34:06.925+0000] {logging_mixin.py:190} INFO - [2025-10-17T12:34:06.925+0000] {dag.py:4180} INFO - Setting next_dagrun for premier_dag_test to 2025-06-02 09:00:00+00:00, run_after=2025-06-02 10:00:00+00:00
[2025-10-17T12:34:06.946+0000] {processor.py:208} INFO - Processing /opt/airflow/dags/premier_dag.py took 0.081 seconds
[2025-10-17T12:34:37.199+0000] {processor.py:186} INFO - Started process (PID=4662) to work on /opt/airflow/dags/premier_dag.py
[2025-10-17T12:34:37.200+0000] {processor.py:914} INFO - Processing file /opt/airflow/dags/premier_dag.py for tasks to queue
[2025-10-17T12:34:37.202+0000] {logging_mixin.py:190} INFO - [2025-10-17T12:34:37.202+0000] {dagbag.py:588} INFO - Filling up the DagBag from /opt/airflow/dags/premier_dag.py
[2025-10-17T12:34:37.219+0000] {processor.py:925} INFO - DAG(s) 'premier_dag_test' retrieved from /opt/airflow/dags/premier_dag.py
[2025-10-17T12:34:37.242+0000] {logging_mixin.py:190} INFO - [2025-10-17T12:34:37.242+0000] {dag.py:3239} INFO - Sync 1 DAGs
[2025-10-17T12:34:37.263+0000] {logging_mixin.py:190} INFO - [2025-10-17T12:34:37.263+0000] {dag.py:4180} INFO - Setting next_dagrun for premier_dag_test to 2025-06-02 09:00:00+00:00, run_after=2025-06-02 10:00:00+00:00
[2025-10-17T12:34:37.280+0000] {processor.py:208} INFO - Processing /opt/airflow/dags/premier_dag.py took 0.087 seconds
[2025-10-17T12:35:07.520+0000] {processor.py:186} INFO - Started process (PID=4679) to work on /opt/airflow/dags/premier_dag.py
[2025-10-17T12:35:07.521+0000] {processor.py:914} INFO - Processing file /opt/airflow/dags/premier_dag.py for tasks to queue
[2025-10-17T12:35:07.525+0000] {logging_mixin.py:190} INFO - [2025-10-17T12:35:07.524+0000] {dagbag.py:588} INFO - Filling up the DagBag from /opt/airflow/dags/premier_dag.py
[2025-10-17T12:35:07.545+0000] {processor.py:925} INFO - DAG(s) 'premier_dag_test' retrieved from /opt/airflow/dags/premier_dag.py
[2025-10-17T12:35:07.574+0000] {logging_mixin.py:190} INFO - [2025-10-17T12:35:07.574+0000] {dag.py:3239} INFO - Sync 1 DAGs
[2025-10-17T12:35:07.604+0000] {logging_mixin.py:190} INFO - [2025-10-17T12:35:07.604+0000] {dag.py:4180} INFO - Setting next_dagrun for premier_dag_test to 2025-06-02 09:00:00+00:00, run_after=2025-06-02 10:00:00+00:00
[2025-10-17T12:35:07.626+0000] {processor.py:208} INFO - Processing /opt/airflow/dags/premier_dag.py took 0.112 seconds
[2025-10-17T12:35:37.879+0000] {processor.py:186} INFO - Started process (PID=4696) to work on /opt/airflow/dags/premier_dag.py
[2025-10-17T12:35:37.880+0000] {processor.py:914} INFO - Processing file /opt/airflow/dags/premier_dag.py for tasks to queue
[2025-10-17T12:35:37.882+0000] {logging_mixin.py:190} INFO - [2025-10-17T12:35:37.882+0000] {dagbag.py:588} INFO - Filling up the DagBag from /opt/airflow/dags/premier_dag.py
[2025-10-17T12:35:37.899+0000] {processor.py:925} INFO - DAG(s) 'premier_dag_test' retrieved from /opt/airflow/dags/premier_dag.py
[2025-10-17T12:35:37.922+0000] {logging_mixin.py:190} INFO - [2025-10-17T12:35:37.922+0000] {dag.py:3239} INFO - Sync 1 DAGs
[2025-10-17T12:35:37.947+0000] {logging_mixin.py:190} INFO - [2025-10-17T12:35:37.947+0000] {dag.py:4180} INFO - Setting next_dagrun for premier_dag_test to 2025-06-02 09:00:00+00:00, run_after=2025-06-02 10:00:00+00:00
[2025-10-17T12:35:37.967+0000] {processor.py:208} INFO - Processing /opt/airflow/dags/premier_dag.py took 0.094 seconds
[2025-10-17T12:36:08.220+0000] {processor.py:186} INFO - Started process (PID=4713) to work on /opt/airflow/dags/premier_dag.py
[2025-10-17T12:36:08.221+0000] {processor.py:914} INFO - Processing file /opt/airflow/dags/premier_dag.py for tasks to queue
[2025-10-17T12:36:08.223+0000] {logging_mixin.py:190} INFO - [2025-10-17T12:36:08.223+0000] {dagbag.py:588} INFO - Filling up the DagBag from /opt/airflow/dags/premier_dag.py
[2025-10-17T12:36:08.238+0000] {processor.py:925} INFO - DAG(s) 'premier_dag_test' retrieved from /opt/airflow/dags/premier_dag.py
[2025-10-17T12:36:08.259+0000] {logging_mixin.py:190} INFO - [2025-10-17T12:36:08.259+0000] {dag.py:3239} INFO - Sync 1 DAGs
[2025-10-17T12:36:08.279+0000] {logging_mixin.py:190} INFO - [2025-10-17T12:36:08.279+0000] {dag.py:4180} INFO - Setting next_dagrun for premier_dag_test to 2025-06-02 09:00:00+00:00, run_after=2025-06-02 10:00:00+00:00
[2025-10-17T12:36:08.296+0000] {processor.py:208} INFO - Processing /opt/airflow/dags/premier_dag.py took 0.081 seconds
[2025-10-17T12:36:38.760+0000] {processor.py:186} INFO - Started process (PID=4736) to work on /opt/airflow/dags/premier_dag.py
[2025-10-17T12:36:38.761+0000] {processor.py:914} INFO - Processing file /opt/airflow/dags/premier_dag.py for tasks to queue
[2025-10-17T12:36:38.763+0000] {logging_mixin.py:190} INFO - [2025-10-17T12:36:38.763+0000] {dagbag.py:588} INFO - Filling up the DagBag from /opt/airflow/dags/premier_dag.py
[2025-10-17T12:36:38.779+0000] {processor.py:925} INFO - DAG(s) 'premier_dag_test' retrieved from /opt/airflow/dags/premier_dag.py
[2025-10-17T12:36:38.800+0000] {logging_mixin.py:190} INFO - [2025-10-17T12:36:38.800+0000] {dag.py:3239} INFO - Sync 1 DAGs
[2025-10-17T12:36:38.820+0000] {logging_mixin.py:190} INFO - [2025-10-17T12:36:38.820+0000] {dag.py:4180} INFO - Setting next_dagrun for premier_dag_test to 2025-06-02 09:00:00+00:00, run_after=2025-06-02 10:00:00+00:00
[2025-10-17T12:36:38.835+0000] {processor.py:208} INFO - Processing /opt/airflow/dags/premier_dag.py took 0.080 seconds
[2025-10-17T12:37:09.080+0000] {processor.py:186} INFO - Started process (PID=4753) to work on /opt/airflow/dags/premier_dag.py
[2025-10-17T12:37:09.081+0000] {processor.py:914} INFO - Processing file /opt/airflow/dags/premier_dag.py for tasks to queue
[2025-10-17T12:37:09.083+0000] {logging_mixin.py:190} INFO - [2025-10-17T12:37:09.083+0000] {dagbag.py:588} INFO - Filling up the DagBag from /opt/airflow/dags/premier_dag.py
[2025-10-17T12:37:09.101+0000] {processor.py:925} INFO - DAG(s) 'premier_dag_test' retrieved from /opt/airflow/dags/premier_dag.py
[2025-10-17T12:37:09.122+0000] {logging_mixin.py:190} INFO - [2025-10-17T12:37:09.122+0000] {dag.py:3239} INFO - Sync 1 DAGs
[2025-10-17T12:37:09.141+0000] {logging_mixin.py:190} INFO - [2025-10-17T12:37:09.141+0000] {dag.py:4180} INFO - Setting next_dagrun for premier_dag_test to 2025-06-02 09:00:00+00:00, run_after=2025-06-02 10:00:00+00:00
[2025-10-17T12:37:09.157+0000] {processor.py:208} INFO - Processing /opt/airflow/dags/premier_dag.py took 0.082 seconds
[2025-10-17T12:37:39.464+0000] {processor.py:186} INFO - Started process (PID=4770) to work on /opt/airflow/dags/premier_dag.py
[2025-10-17T12:37:39.465+0000] {processor.py:914} INFO - Processing file /opt/airflow/dags/premier_dag.py for tasks to queue
[2025-10-17T12:37:39.467+0000] {logging_mixin.py:190} INFO - [2025-10-17T12:37:39.467+0000] {dagbag.py:588} INFO - Filling up the DagBag from /opt/airflow/dags/premier_dag.py
[2025-10-17T12:37:39.482+0000] {processor.py:925} INFO - DAG(s) 'premier_dag_test' retrieved from /opt/airflow/dags/premier_dag.py
[2025-10-17T12:37:39.501+0000] {logging_mixin.py:190} INFO - [2025-10-17T12:37:39.501+0000] {dag.py:3239} INFO - Sync 1 DAGs
[2025-10-17T12:37:39.520+0000] {logging_mixin.py:190} INFO - [2025-10-17T12:37:39.520+0000] {dag.py:4180} INFO - Setting next_dagrun for premier_dag_test to 2025-06-02 09:00:00+00:00, run_after=2025-06-02 10:00:00+00:00
[2025-10-17T12:37:39.543+0000] {processor.py:208} INFO - Processing /opt/airflow/dags/premier_dag.py took 0.084 seconds
[2025-10-17T12:38:09.779+0000] {processor.py:186} INFO - Started process (PID=4787) to work on /opt/airflow/dags/premier_dag.py
[2025-10-17T12:38:09.779+0000] {processor.py:914} INFO - Processing file /opt/airflow/dags/premier_dag.py for tasks to queue
[2025-10-17T12:38:09.781+0000] {logging_mixin.py:190} INFO - [2025-10-17T12:38:09.781+0000] {dagbag.py:588} INFO - Filling up the DagBag from /opt/airflow/dags/premier_dag.py
[2025-10-17T12:38:09.796+0000] {processor.py:925} INFO - DAG(s) 'premier_dag_test' retrieved from /opt/airflow/dags/premier_dag.py
[2025-10-17T12:38:09.816+0000] {logging_mixin.py:190} INFO - [2025-10-17T12:38:09.816+0000] {dag.py:3239} INFO - Sync 1 DAGs
[2025-10-17T12:38:09.836+0000] {logging_mixin.py:190} INFO - [2025-10-17T12:38:09.836+0000] {dag.py:4180} INFO - Setting next_dagrun for premier_dag_test to 2025-06-02 09:00:00+00:00, run_after=2025-06-02 10:00:00+00:00
[2025-10-17T12:38:09.852+0000] {processor.py:208} INFO - Processing /opt/airflow/dags/premier_dag.py took 0.078 seconds
[2025-10-17T12:38:40.118+0000] {processor.py:186} INFO - Started process (PID=4804) to work on /opt/airflow/dags/premier_dag.py
[2025-10-17T12:38:40.119+0000] {processor.py:914} INFO - Processing file /opt/airflow/dags/premier_dag.py for tasks to queue
[2025-10-17T12:38:40.121+0000] {logging_mixin.py:190} INFO - [2025-10-17T12:38:40.121+0000] {dagbag.py:588} INFO - Filling up the DagBag from /opt/airflow/dags/premier_dag.py
[2025-10-17T12:38:40.139+0000] {processor.py:925} INFO - DAG(s) 'premier_dag_test' retrieved from /opt/airflow/dags/premier_dag.py
[2025-10-17T12:38:40.166+0000] {logging_mixin.py:190} INFO - [2025-10-17T12:38:40.166+0000] {dag.py:3239} INFO - Sync 1 DAGs
[2025-10-17T12:38:40.191+0000] {logging_mixin.py:190} INFO - [2025-10-17T12:38:40.191+0000] {dag.py:4180} INFO - Setting next_dagrun for premier_dag_test to 2025-06-02 09:00:00+00:00, run_after=2025-06-02 10:00:00+00:00
[2025-10-17T12:38:40.210+0000] {processor.py:208} INFO - Processing /opt/airflow/dags/premier_dag.py took 0.098 seconds
[2025-10-17T12:39:10.470+0000] {processor.py:186} INFO - Started process (PID=4821) to work on /opt/airflow/dags/premier_dag.py
[2025-10-17T12:39:10.471+0000] {processor.py:914} INFO - Processing file /opt/airflow/dags/premier_dag.py for tasks to queue
[2025-10-17T12:39:10.473+0000] {logging_mixin.py:190} INFO - [2025-10-17T12:39:10.473+0000] {dagbag.py:588} INFO - Filling up the DagBag from /opt/airflow/dags/premier_dag.py
[2025-10-17T12:39:10.491+0000] {processor.py:925} INFO - DAG(s) 'premier_dag_test' retrieved from /opt/airflow/dags/premier_dag.py
[2025-10-17T12:39:10.517+0000] {logging_mixin.py:190} INFO - [2025-10-17T12:39:10.517+0000] {dag.py:3239} INFO - Sync 1 DAGs
[2025-10-17T12:39:10.542+0000] {logging_mixin.py:190} INFO - [2025-10-17T12:39:10.541+0000] {dag.py:4180} INFO - Setting next_dagrun for premier_dag_test to 2025-06-02 09:00:00+00:00, run_after=2025-06-02 10:00:00+00:00
[2025-10-17T12:39:10.565+0000] {processor.py:208} INFO - Processing /opt/airflow/dags/premier_dag.py took 0.101 seconds
[2025-10-17T12:39:40.830+0000] {processor.py:186} INFO - Started process (PID=4844) to work on /opt/airflow/dags/premier_dag.py
[2025-10-17T12:39:40.831+0000] {processor.py:914} INFO - Processing file /opt/airflow/dags/premier_dag.py for tasks to queue
[2025-10-17T12:39:40.833+0000] {logging_mixin.py:190} INFO - [2025-10-17T12:39:40.833+0000] {dagbag.py:588} INFO - Filling up the DagBag from /opt/airflow/dags/premier_dag.py
[2025-10-17T12:39:40.848+0000] {processor.py:925} INFO - DAG(s) 'premier_dag_test' retrieved from /opt/airflow/dags/premier_dag.py
[2025-10-17T12:39:40.869+0000] {logging_mixin.py:190} INFO - [2025-10-17T12:39:40.869+0000] {dag.py:3239} INFO - Sync 1 DAGs
[2025-10-17T12:39:40.888+0000] {logging_mixin.py:190} INFO - [2025-10-17T12:39:40.888+0000] {dag.py:4180} INFO - Setting next_dagrun for premier_dag_test to 2025-06-02 09:00:00+00:00, run_after=2025-06-02 10:00:00+00:00
[2025-10-17T12:39:40.904+0000] {processor.py:208} INFO - Processing /opt/airflow/dags/premier_dag.py took 0.080 seconds
[2025-10-17T12:40:11.210+0000] {processor.py:186} INFO - Started process (PID=4861) to work on /opt/airflow/dags/premier_dag.py
[2025-10-17T12:40:11.211+0000] {processor.py:914} INFO - Processing file /opt/airflow/dags/premier_dag.py for tasks to queue
[2025-10-17T12:40:11.213+0000] {logging_mixin.py:190} INFO - [2025-10-17T12:40:11.212+0000] {dagbag.py:588} INFO - Filling up the DagBag from /opt/airflow/dags/premier_dag.py
[2025-10-17T12:40:11.226+0000] {processor.py:925} INFO - DAG(s) 'premier_dag_test' retrieved from /opt/airflow/dags/premier_dag.py
[2025-10-17T12:40:11.246+0000] {logging_mixin.py:190} INFO - [2025-10-17T12:40:11.246+0000] {dag.py:3239} INFO - Sync 1 DAGs
[2025-10-17T12:40:11.265+0000] {logging_mixin.py:190} INFO - [2025-10-17T12:40:11.265+0000] {dag.py:4180} INFO - Setting next_dagrun for premier_dag_test to 2025-06-02 09:00:00+00:00, run_after=2025-06-02 10:00:00+00:00
[2025-10-17T12:40:11.283+0000] {processor.py:208} INFO - Processing /opt/airflow/dags/premier_dag.py took 0.079 seconds
[2025-10-17T12:40:41.530+0000] {processor.py:186} INFO - Started process (PID=4878) to work on /opt/airflow/dags/premier_dag.py
[2025-10-17T12:40:41.531+0000] {processor.py:914} INFO - Processing file /opt/airflow/dags/premier_dag.py for tasks to queue
[2025-10-17T12:40:41.533+0000] {logging_mixin.py:190} INFO - [2025-10-17T12:40:41.532+0000] {dagbag.py:588} INFO - Filling up the DagBag from /opt/airflow/dags/premier_dag.py
[2025-10-17T12:40:41.548+0000] {processor.py:925} INFO - DAG(s) 'premier_dag_test' retrieved from /opt/airflow/dags/premier_dag.py
[2025-10-17T12:40:41.569+0000] {logging_mixin.py:190} INFO - [2025-10-17T12:40:41.568+0000] {dag.py:3239} INFO - Sync 1 DAGs
[2025-10-17T12:40:41.589+0000] {logging_mixin.py:190} INFO - [2025-10-17T12:40:41.589+0000] {dag.py:4180} INFO - Setting next_dagrun for premier_dag_test to 2025-06-02 09:00:00+00:00, run_after=2025-06-02 10:00:00+00:00
[2025-10-17T12:40:41.609+0000] {processor.py:208} INFO - Processing /opt/airflow/dags/premier_dag.py took 0.084 seconds
[2025-10-17T12:41:11.872+0000] {processor.py:186} INFO - Started process (PID=4895) to work on /opt/airflow/dags/premier_dag.py
[2025-10-17T12:41:11.872+0000] {processor.py:914} INFO - Processing file /opt/airflow/dags/premier_dag.py for tasks to queue
[2025-10-17T12:41:11.874+0000] {logging_mixin.py:190} INFO - [2025-10-17T12:41:11.874+0000] {dagbag.py:588} INFO - Filling up the DagBag from /opt/airflow/dags/premier_dag.py
[2025-10-17T12:41:11.890+0000] {processor.py:925} INFO - DAG(s) 'premier_dag_test' retrieved from /opt/airflow/dags/premier_dag.py
[2025-10-17T12:41:11.910+0000] {logging_mixin.py:190} INFO - [2025-10-17T12:41:11.910+0000] {dag.py:3239} INFO - Sync 1 DAGs
[2025-10-17T12:41:11.929+0000] {logging_mixin.py:190} INFO - [2025-10-17T12:41:11.929+0000] {dag.py:4180} INFO - Setting next_dagrun for premier_dag_test to 2025-06-02 09:00:00+00:00, run_after=2025-06-02 10:00:00+00:00
[2025-10-17T12:41:11.944+0000] {processor.py:208} INFO - Processing /opt/airflow/dags/premier_dag.py took 0.078 seconds
[2025-10-17T12:41:42.200+0000] {processor.py:186} INFO - Started process (PID=4912) to work on /opt/airflow/dags/premier_dag.py
[2025-10-17T12:41:42.201+0000] {processor.py:914} INFO - Processing file /opt/airflow/dags/premier_dag.py for tasks to queue
[2025-10-17T12:41:42.203+0000] {logging_mixin.py:190} INFO - [2025-10-17T12:41:42.203+0000] {dagbag.py:588} INFO - Filling up the DagBag from /opt/airflow/dags/premier_dag.py
[2025-10-17T12:41:42.218+0000] {processor.py:925} INFO - DAG(s) 'premier_dag_test' retrieved from /opt/airflow/dags/premier_dag.py
[2025-10-17T12:41:42.238+0000] {logging_mixin.py:190} INFO - [2025-10-17T12:41:42.238+0000] {dag.py:3239} INFO - Sync 1 DAGs
[2025-10-17T12:41:42.257+0000] {logging_mixin.py:190} INFO - [2025-10-17T12:41:42.257+0000] {dag.py:4180} INFO - Setting next_dagrun for premier_dag_test to 2025-06-02 09:00:00+00:00, run_after=2025-06-02 10:00:00+00:00
[2025-10-17T12:41:42.277+0000] {processor.py:208} INFO - Processing /opt/airflow/dags/premier_dag.py took 0.082 seconds
[2025-10-17T12:42:12.537+0000] {processor.py:186} INFO - Started process (PID=4929) to work on /opt/airflow/dags/premier_dag.py
[2025-10-17T12:42:12.537+0000] {processor.py:914} INFO - Processing file /opt/airflow/dags/premier_dag.py for tasks to queue
[2025-10-17T12:42:12.540+0000] {logging_mixin.py:190} INFO - [2025-10-17T12:42:12.539+0000] {dagbag.py:588} INFO - Filling up the DagBag from /opt/airflow/dags/premier_dag.py
[2025-10-17T12:42:12.557+0000] {processor.py:925} INFO - DAG(s) 'premier_dag_test' retrieved from /opt/airflow/dags/premier_dag.py
[2025-10-17T12:42:12.579+0000] {logging_mixin.py:190} INFO - [2025-10-17T12:42:12.578+0000] {dag.py:3239} INFO - Sync 1 DAGs
[2025-10-17T12:42:12.600+0000] {logging_mixin.py:190} INFO - [2025-10-17T12:42:12.600+0000] {dag.py:4180} INFO - Setting next_dagrun for premier_dag_test to 2025-06-02 09:00:00+00:00, run_after=2025-06-02 10:00:00+00:00
[2025-10-17T12:42:12.619+0000] {processor.py:208} INFO - Processing /opt/airflow/dags/premier_dag.py took 0.087 seconds
[2025-10-17T12:42:42.827+0000] {processor.py:186} INFO - Started process (PID=4946) to work on /opt/airflow/dags/premier_dag.py
[2025-10-17T12:42:42.828+0000] {processor.py:914} INFO - Processing file /opt/airflow/dags/premier_dag.py for tasks to queue
[2025-10-17T12:42:42.830+0000] {logging_mixin.py:190} INFO - [2025-10-17T12:42:42.830+0000] {dagbag.py:588} INFO - Filling up the DagBag from /opt/airflow/dags/premier_dag.py
[2025-10-17T12:42:42.845+0000] {processor.py:925} INFO - DAG(s) 'premier_dag_test' retrieved from /opt/airflow/dags/premier_dag.py
[2025-10-17T12:42:42.865+0000] {logging_mixin.py:190} INFO - [2025-10-17T12:42:42.865+0000] {dag.py:3239} INFO - Sync 1 DAGs
[2025-10-17T12:42:42.884+0000] {logging_mixin.py:190} INFO - [2025-10-17T12:42:42.884+0000] {dag.py:4180} INFO - Setting next_dagrun for premier_dag_test to 2025-06-02 09:00:00+00:00, run_after=2025-06-02 10:00:00+00:00
[2025-10-17T12:42:42.905+0000] {processor.py:208} INFO - Processing /opt/airflow/dags/premier_dag.py took 0.082 seconds
[2025-10-17T12:43:13.136+0000] {processor.py:186} INFO - Started process (PID=4963) to work on /opt/airflow/dags/premier_dag.py
[2025-10-17T12:43:13.137+0000] {processor.py:914} INFO - Processing file /opt/airflow/dags/premier_dag.py for tasks to queue
[2025-10-17T12:43:13.139+0000] {logging_mixin.py:190} INFO - [2025-10-17T12:43:13.139+0000] {dagbag.py:588} INFO - Filling up the DagBag from /opt/airflow/dags/premier_dag.py
[2025-10-17T12:43:13.156+0000] {processor.py:925} INFO - DAG(s) 'premier_dag_test' retrieved from /opt/airflow/dags/premier_dag.py
[2025-10-17T12:43:13.180+0000] {logging_mixin.py:190} INFO - [2025-10-17T12:43:13.180+0000] {dag.py:3239} INFO - Sync 1 DAGs
[2025-10-17T12:43:13.206+0000] {logging_mixin.py:190} INFO - [2025-10-17T12:43:13.206+0000] {dag.py:4180} INFO - Setting next_dagrun for premier_dag_test to 2025-06-02 09:00:00+00:00, run_after=2025-06-02 10:00:00+00:00
[2025-10-17T12:43:13.227+0000] {processor.py:208} INFO - Processing /opt/airflow/dags/premier_dag.py took 0.097 seconds
[2025-10-17T12:43:43.462+0000] {processor.py:186} INFO - Started process (PID=4980) to work on /opt/airflow/dags/premier_dag.py
[2025-10-17T12:43:43.463+0000] {processor.py:914} INFO - Processing file /opt/airflow/dags/premier_dag.py for tasks to queue
[2025-10-17T12:43:43.465+0000] {logging_mixin.py:190} INFO - [2025-10-17T12:43:43.465+0000] {dagbag.py:588} INFO - Filling up the DagBag from /opt/airflow/dags/premier_dag.py
[2025-10-17T12:43:43.479+0000] {processor.py:925} INFO - DAG(s) 'premier_dag_test' retrieved from /opt/airflow/dags/premier_dag.py
[2025-10-17T12:43:43.500+0000] {logging_mixin.py:190} INFO - [2025-10-17T12:43:43.500+0000] {dag.py:3239} INFO - Sync 1 DAGs
[2025-10-17T12:43:43.521+0000] {logging_mixin.py:190} INFO - [2025-10-17T12:43:43.521+0000] {dag.py:4180} INFO - Setting next_dagrun for premier_dag_test to 2025-06-02 09:00:00+00:00, run_after=2025-06-02 10:00:00+00:00
[2025-10-17T12:43:43.536+0000] {processor.py:208} INFO - Processing /opt/airflow/dags/premier_dag.py took 0.079 seconds
[2025-10-17T12:44:13.785+0000] {processor.py:186} INFO - Started process (PID=4997) to work on /opt/airflow/dags/premier_dag.py
[2025-10-17T12:44:13.786+0000] {processor.py:914} INFO - Processing file /opt/airflow/dags/premier_dag.py for tasks to queue
[2025-10-17T12:44:13.788+0000] {logging_mixin.py:190} INFO - [2025-10-17T12:44:13.788+0000] {dagbag.py:588} INFO - Filling up the DagBag from /opt/airflow/dags/premier_dag.py
[2025-10-17T12:44:13.803+0000] {processor.py:925} INFO - DAG(s) 'premier_dag_test' retrieved from /opt/airflow/dags/premier_dag.py
[2025-10-17T12:44:13.824+0000] {logging_mixin.py:190} INFO - [2025-10-17T12:44:13.824+0000] {dag.py:3239} INFO - Sync 1 DAGs
[2025-10-17T12:44:13.847+0000] {logging_mixin.py:190} INFO - [2025-10-17T12:44:13.846+0000] {dag.py:4180} INFO - Setting next_dagrun for premier_dag_test to 2025-06-02 09:00:00+00:00, run_after=2025-06-02 10:00:00+00:00
[2025-10-17T12:44:13.863+0000] {processor.py:208} INFO - Processing /opt/airflow/dags/premier_dag.py took 0.083 seconds
[2025-10-17T12:44:44.121+0000] {processor.py:186} INFO - Started process (PID=5014) to work on /opt/airflow/dags/premier_dag.py
[2025-10-17T12:44:44.122+0000] {processor.py:914} INFO - Processing file /opt/airflow/dags/premier_dag.py for tasks to queue
[2025-10-17T12:44:44.124+0000] {logging_mixin.py:190} INFO - [2025-10-17T12:44:44.123+0000] {dagbag.py:588} INFO - Filling up the DagBag from /opt/airflow/dags/premier_dag.py
[2025-10-17T12:44:44.138+0000] {processor.py:925} INFO - DAG(s) 'premier_dag_test' retrieved from /opt/airflow/dags/premier_dag.py
[2025-10-17T12:44:44.159+0000] {logging_mixin.py:190} INFO - [2025-10-17T12:44:44.159+0000] {dag.py:3239} INFO - Sync 1 DAGs
[2025-10-17T12:44:44.178+0000] {logging_mixin.py:190} INFO - [2025-10-17T12:44:44.177+0000] {dag.py:4180} INFO - Setting next_dagrun for premier_dag_test to 2025-06-02 09:00:00+00:00, run_after=2025-06-02 10:00:00+00:00
[2025-10-17T12:44:44.198+0000] {processor.py:208} INFO - Processing /opt/airflow/dags/premier_dag.py took 0.082 seconds
[2025-10-17T12:45:14.454+0000] {processor.py:186} INFO - Started process (PID=5032) to work on /opt/airflow/dags/premier_dag.py
[2025-10-17T12:45:14.457+0000] {processor.py:914} INFO - Processing file /opt/airflow/dags/premier_dag.py for tasks to queue
[2025-10-17T12:45:14.465+0000] {logging_mixin.py:190} INFO - [2025-10-17T12:45:14.465+0000] {dagbag.py:588} INFO - Filling up the DagBag from /opt/airflow/dags/premier_dag.py
[2025-10-17T12:45:14.514+0000] {processor.py:925} INFO - DAG(s) 'premier_dag_test' retrieved from /opt/airflow/dags/premier_dag.py
[2025-10-17T12:45:14.570+0000] {logging_mixin.py:190} INFO - [2025-10-17T12:45:14.570+0000] {dag.py:3239} INFO - Sync 1 DAGs
[2025-10-17T12:45:14.617+0000] {logging_mixin.py:190} INFO - [2025-10-17T12:45:14.617+0000] {dag.py:4180} INFO - Setting next_dagrun for premier_dag_test to 2025-06-02 09:00:00+00:00, run_after=2025-06-02 10:00:00+00:00
[2025-10-17T12:45:14.643+0000] {processor.py:208} INFO - Processing /opt/airflow/dags/premier_dag.py took 0.212 seconds
[2025-10-17T12:52:34.173+0000] {processor.py:186} INFO - Started process (PID=296) to work on /opt/airflow/dags/premier_dag.py
[2025-10-17T12:52:34.174+0000] {processor.py:914} INFO - Processing file /opt/airflow/dags/premier_dag.py for tasks to queue
[2025-10-17T12:52:34.178+0000] {logging_mixin.py:190} INFO - [2025-10-17T12:52:34.178+0000] {dagbag.py:588} INFO - Filling up the DagBag from /opt/airflow/dags/premier_dag.py
[2025-10-17T12:52:34.206+0000] {processor.py:925} INFO - DAG(s) 'premier_dag_test' retrieved from /opt/airflow/dags/premier_dag.py
[2025-10-17T12:52:34.481+0000] {logging_mixin.py:190} INFO - [2025-10-17T12:52:34.480+0000] {override.py:1911} INFO - Created Permission View: can read on DAG:premier_dag_test
[2025-10-17T12:52:34.490+0000] {logging_mixin.py:190} INFO - [2025-10-17T12:52:34.489+0000] {override.py:1911} INFO - Created Permission View: can delete on DAG:premier_dag_test
[2025-10-17T12:52:34.495+0000] {logging_mixin.py:190} INFO - [2025-10-17T12:52:34.495+0000] {override.py:1911} INFO - Created Permission View: can edit on DAG:premier_dag_test
[2025-10-17T12:52:34.502+0000] {logging_mixin.py:190} INFO - [2025-10-17T12:52:34.502+0000] {override.py:1911} INFO - Created Permission View: can create on DAG Run:premier_dag_test
[2025-10-17T12:52:34.508+0000] {logging_mixin.py:190} INFO - [2025-10-17T12:52:34.508+0000] {override.py:1911} INFO - Created Permission View: can read on DAG Run:premier_dag_test
[2025-10-17T12:52:34.513+0000] {logging_mixin.py:190} INFO - [2025-10-17T12:52:34.513+0000] {override.py:1911} INFO - Created Permission View: can delete on DAG Run:premier_dag_test
[2025-10-17T12:52:34.519+0000] {logging_mixin.py:190} INFO - [2025-10-17T12:52:34.518+0000] {override.py:1911} INFO - Created Permission View: menu access on DAG Run:premier_dag_test
[2025-10-17T12:52:34.519+0000] {logging_mixin.py:190} INFO - [2025-10-17T12:52:34.519+0000] {dag.py:3239} INFO - Sync 1 DAGs
[2025-10-17T12:52:34.534+0000] {logging_mixin.py:190} INFO - [2025-10-17T12:52:34.534+0000] {dag.py:3262} INFO - Creating ORM DAG for premier_dag_test
[2025-10-17T12:52:34.547+0000] {logging_mixin.py:190} INFO - [2025-10-17T12:52:34.547+0000] {dag.py:4180} INFO - Setting next_dagrun for premier_dag_test to 2025-06-02 00:00:00+00:00, run_after=2025-06-02 01:00:00+00:00
[2025-10-17T12:52:34.563+0000] {processor.py:208} INFO - Processing /opt/airflow/dags/premier_dag.py took 0.397 seconds
[2025-10-17T12:53:04.797+0000] {processor.py:186} INFO - Started process (PID=327) to work on /opt/airflow/dags/premier_dag.py
[2025-10-17T12:53:04.798+0000] {processor.py:914} INFO - Processing file /opt/airflow/dags/premier_dag.py for tasks to queue
[2025-10-17T12:53:04.801+0000] {logging_mixin.py:190} INFO - [2025-10-17T12:53:04.801+0000] {dagbag.py:588} INFO - Filling up the DagBag from /opt/airflow/dags/premier_dag.py
[2025-10-17T12:53:04.822+0000] {processor.py:925} INFO - DAG(s) 'premier_dag_test' retrieved from /opt/airflow/dags/premier_dag.py
[2025-10-17T12:53:04.854+0000] {logging_mixin.py:190} INFO - [2025-10-17T12:53:04.854+0000] {dag.py:3239} INFO - Sync 1 DAGs
[2025-10-17T12:53:04.883+0000] {logging_mixin.py:190} INFO - [2025-10-17T12:53:04.882+0000] {dag.py:4180} INFO - Setting next_dagrun for premier_dag_test to 2025-06-02 00:00:00+00:00, run_after=2025-06-02 01:00:00+00:00
[2025-10-17T12:53:04.905+0000] {processor.py:208} INFO - Processing /opt/airflow/dags/premier_dag.py took 0.118 seconds
[2025-10-17T12:53:35.121+0000] {processor.py:186} INFO - Started process (PID=353) to work on /opt/airflow/dags/premier_dag.py
[2025-10-17T12:53:35.123+0000] {processor.py:914} INFO - Processing file /opt/airflow/dags/premier_dag.py for tasks to queue
[2025-10-17T12:53:35.124+0000] {logging_mixin.py:190} INFO - [2025-10-17T12:53:35.124+0000] {dagbag.py:588} INFO - Filling up the DagBag from /opt/airflow/dags/premier_dag.py
[2025-10-17T12:53:35.138+0000] {processor.py:925} INFO - DAG(s) 'premier_dag_test' retrieved from /opt/airflow/dags/premier_dag.py
[2025-10-17T12:53:35.160+0000] {logging_mixin.py:190} INFO - [2025-10-17T12:53:35.160+0000] {dag.py:3239} INFO - Sync 1 DAGs
[2025-10-17T12:53:35.180+0000] {logging_mixin.py:190} INFO - [2025-10-17T12:53:35.180+0000] {dag.py:4180} INFO - Setting next_dagrun for premier_dag_test to 2025-06-02 00:00:00+00:00, run_after=2025-06-02 01:00:00+00:00
[2025-10-17T12:53:35.197+0000] {processor.py:208} INFO - Processing /opt/airflow/dags/premier_dag.py took 0.080 seconds
[2025-10-17T12:54:05.456+0000] {processor.py:186} INFO - Started process (PID=370) to work on /opt/airflow/dags/premier_dag.py
[2025-10-17T12:54:05.457+0000] {processor.py:914} INFO - Processing file /opt/airflow/dags/premier_dag.py for tasks to queue
[2025-10-17T12:54:05.459+0000] {logging_mixin.py:190} INFO - [2025-10-17T12:54:05.459+0000] {dagbag.py:588} INFO - Filling up the DagBag from /opt/airflow/dags/premier_dag.py
[2025-10-17T12:54:05.474+0000] {processor.py:925} INFO - DAG(s) 'premier_dag_test' retrieved from /opt/airflow/dags/premier_dag.py
[2025-10-17T12:54:05.496+0000] {logging_mixin.py:190} INFO - [2025-10-17T12:54:05.496+0000] {dag.py:3239} INFO - Sync 1 DAGs
[2025-10-17T12:54:05.518+0000] {logging_mixin.py:190} INFO - [2025-10-17T12:54:05.517+0000] {dag.py:4180} INFO - Setting next_dagrun for premier_dag_test to 2025-06-02 00:00:00+00:00, run_after=2025-06-02 01:00:00+00:00
[2025-10-17T12:54:05.535+0000] {processor.py:208} INFO - Processing /opt/airflow/dags/premier_dag.py took 0.083 seconds
[2025-10-17T12:54:35.773+0000] {processor.py:186} INFO - Started process (PID=387) to work on /opt/airflow/dags/premier_dag.py
[2025-10-17T12:54:35.773+0000] {processor.py:914} INFO - Processing file /opt/airflow/dags/premier_dag.py for tasks to queue
[2025-10-17T12:54:35.776+0000] {logging_mixin.py:190} INFO - [2025-10-17T12:54:35.775+0000] {dagbag.py:588} INFO - Filling up the DagBag from /opt/airflow/dags/premier_dag.py
[2025-10-17T12:54:35.789+0000] {processor.py:925} INFO - DAG(s) 'premier_dag_test' retrieved from /opt/airflow/dags/premier_dag.py
[2025-10-17T12:54:35.813+0000] {logging_mixin.py:190} INFO - [2025-10-17T12:54:35.813+0000] {dag.py:3239} INFO - Sync 1 DAGs
[2025-10-17T12:54:35.834+0000] {logging_mixin.py:190} INFO - [2025-10-17T12:54:35.834+0000] {dag.py:4180} INFO - Setting next_dagrun for premier_dag_test to 2025-06-02 00:00:00+00:00, run_after=2025-06-02 01:00:00+00:00
[2025-10-17T12:54:35.857+0000] {processor.py:208} INFO - Processing /opt/airflow/dags/premier_dag.py took 0.089 seconds
[2025-10-17T12:55:06.115+0000] {processor.py:186} INFO - Started process (PID=404) to work on /opt/airflow/dags/premier_dag.py
[2025-10-17T12:55:06.116+0000] {processor.py:914} INFO - Processing file /opt/airflow/dags/premier_dag.py for tasks to queue
[2025-10-17T12:55:06.119+0000] {logging_mixin.py:190} INFO - [2025-10-17T12:55:06.119+0000] {dagbag.py:588} INFO - Filling up the DagBag from /opt/airflow/dags/premier_dag.py
[2025-10-17T12:55:06.136+0000] {processor.py:925} INFO - DAG(s) 'premier_dag_test' retrieved from /opt/airflow/dags/premier_dag.py
[2025-10-17T12:55:06.158+0000] {logging_mixin.py:190} INFO - [2025-10-17T12:55:06.158+0000] {dag.py:3239} INFO - Sync 1 DAGs
[2025-10-17T12:55:06.179+0000] {logging_mixin.py:190} INFO - [2025-10-17T12:55:06.179+0000] {dag.py:4180} INFO - Setting next_dagrun for premier_dag_test to 2025-06-02 00:00:00+00:00, run_after=2025-06-02 01:00:00+00:00
[2025-10-17T12:55:06.194+0000] {processor.py:208} INFO - Processing /opt/airflow/dags/premier_dag.py took 0.087 seconds
[2025-10-17T12:55:36.420+0000] {processor.py:186} INFO - Started process (PID=421) to work on /opt/airflow/dags/premier_dag.py
[2025-10-17T12:55:36.421+0000] {processor.py:914} INFO - Processing file /opt/airflow/dags/premier_dag.py for tasks to queue
[2025-10-17T12:55:36.423+0000] {logging_mixin.py:190} INFO - [2025-10-17T12:55:36.423+0000] {dagbag.py:588} INFO - Filling up the DagBag from /opt/airflow/dags/premier_dag.py
[2025-10-17T12:55:36.438+0000] {processor.py:925} INFO - DAG(s) 'premier_dag_test' retrieved from /opt/airflow/dags/premier_dag.py
[2025-10-17T12:55:36.461+0000] {logging_mixin.py:190} INFO - [2025-10-17T12:55:36.461+0000] {dag.py:3239} INFO - Sync 1 DAGs
[2025-10-17T12:55:36.481+0000] {logging_mixin.py:190} INFO - [2025-10-17T12:55:36.481+0000] {dag.py:4180} INFO - Setting next_dagrun for premier_dag_test to 2025-06-02 00:00:00+00:00, run_after=2025-06-02 01:00:00+00:00
[2025-10-17T12:55:36.497+0000] {processor.py:208} INFO - Processing /opt/airflow/dags/premier_dag.py took 0.082 seconds
[2025-10-17T12:56:06.755+0000] {processor.py:186} INFO - Started process (PID=438) to work on /opt/airflow/dags/premier_dag.py
[2025-10-17T12:56:06.756+0000] {processor.py:914} INFO - Processing file /opt/airflow/dags/premier_dag.py for tasks to queue
[2025-10-17T12:56:06.758+0000] {logging_mixin.py:190} INFO - [2025-10-17T12:56:06.758+0000] {dagbag.py:588} INFO - Filling up the DagBag from /opt/airflow/dags/premier_dag.py
[2025-10-17T12:56:06.772+0000] {processor.py:925} INFO - DAG(s) 'premier_dag_test' retrieved from /opt/airflow/dags/premier_dag.py
[2025-10-17T12:56:06.792+0000] {logging_mixin.py:190} INFO - [2025-10-17T12:56:06.792+0000] {dag.py:3239} INFO - Sync 1 DAGs
[2025-10-17T12:56:06.813+0000] {logging_mixin.py:190} INFO - [2025-10-17T12:56:06.812+0000] {dag.py:4180} INFO - Setting next_dagrun for premier_dag_test to 2025-06-02 00:00:00+00:00, run_after=2025-06-02 01:00:00+00:00
[2025-10-17T12:56:06.827+0000] {processor.py:208} INFO - Processing /opt/airflow/dags/premier_dag.py took 0.077 seconds
[2025-10-17T12:56:37.040+0000] {processor.py:186} INFO - Started process (PID=478) to work on /opt/airflow/dags/premier_dag.py
[2025-10-17T12:56:37.041+0000] {processor.py:914} INFO - Processing file /opt/airflow/dags/premier_dag.py for tasks to queue
[2025-10-17T12:56:37.043+0000] {logging_mixin.py:190} INFO - [2025-10-17T12:56:37.043+0000] {dagbag.py:588} INFO - Filling up the DagBag from /opt/airflow/dags/premier_dag.py
[2025-10-17T12:56:37.058+0000] {processor.py:925} INFO - DAG(s) 'premier_dag_test' retrieved from /opt/airflow/dags/premier_dag.py
[2025-10-17T12:56:37.082+0000] {logging_mixin.py:190} INFO - [2025-10-17T12:56:37.082+0000] {dag.py:3239} INFO - Sync 1 DAGs
[2025-10-17T12:56:37.110+0000] {logging_mixin.py:190} INFO - [2025-10-17T12:56:37.110+0000] {dag.py:4180} INFO - Setting next_dagrun for premier_dag_test to 2025-06-02 00:00:00+00:00, run_after=2025-06-02 01:00:00+00:00
[2025-10-17T12:56:37.131+0000] {processor.py:208} INFO - Processing /opt/airflow/dags/premier_dag.py took 0.096 seconds
[2025-10-17T12:57:07.380+0000] {processor.py:186} INFO - Started process (PID=502) to work on /opt/airflow/dags/premier_dag.py
[2025-10-17T12:57:07.381+0000] {processor.py:914} INFO - Processing file /opt/airflow/dags/premier_dag.py for tasks to queue
[2025-10-17T12:57:07.383+0000] {logging_mixin.py:190} INFO - [2025-10-17T12:57:07.383+0000] {dagbag.py:588} INFO - Filling up the DagBag from /opt/airflow/dags/premier_dag.py
[2025-10-17T12:57:07.400+0000] {processor.py:925} INFO - DAG(s) 'premier_dag_test' retrieved from /opt/airflow/dags/premier_dag.py
[2025-10-17T12:57:07.423+0000] {logging_mixin.py:190} INFO - [2025-10-17T12:57:07.422+0000] {dag.py:3239} INFO - Sync 1 DAGs
[2025-10-17T12:57:07.445+0000] {logging_mixin.py:190} INFO - [2025-10-17T12:57:07.445+0000] {dag.py:4180} INFO - Setting next_dagrun for premier_dag_test to 2025-06-02 00:00:00+00:00, run_after=2025-06-02 01:00:00+00:00
[2025-10-17T12:57:07.462+0000] {processor.py:208} INFO - Processing /opt/airflow/dags/premier_dag.py took 0.086 seconds
[2025-10-17T12:57:37.766+0000] {processor.py:186} INFO - Started process (PID=519) to work on /opt/airflow/dags/premier_dag.py
[2025-10-17T12:57:37.767+0000] {processor.py:914} INFO - Processing file /opt/airflow/dags/premier_dag.py for tasks to queue
[2025-10-17T12:57:37.770+0000] {logging_mixin.py:190} INFO - [2025-10-17T12:57:37.769+0000] {dagbag.py:588} INFO - Filling up the DagBag from /opt/airflow/dags/premier_dag.py
[2025-10-17T12:57:37.786+0000] {processor.py:925} INFO - DAG(s) 'premier_dag_test' retrieved from /opt/airflow/dags/premier_dag.py
[2025-10-17T12:57:37.809+0000] {logging_mixin.py:190} INFO - [2025-10-17T12:57:37.809+0000] {dag.py:3239} INFO - Sync 1 DAGs
[2025-10-17T12:57:37.829+0000] {logging_mixin.py:190} INFO - [2025-10-17T12:57:37.829+0000] {dag.py:4180} INFO - Setting next_dagrun for premier_dag_test to 2025-06-02 00:00:00+00:00, run_after=2025-06-02 01:00:00+00:00
[2025-10-17T12:57:37.844+0000] {processor.py:208} INFO - Processing /opt/airflow/dags/premier_dag.py took 0.083 seconds
[2025-10-17T12:58:08.099+0000] {processor.py:186} INFO - Started process (PID=536) to work on /opt/airflow/dags/premier_dag.py
[2025-10-17T12:58:08.100+0000] {processor.py:914} INFO - Processing file /opt/airflow/dags/premier_dag.py for tasks to queue
[2025-10-17T12:58:08.102+0000] {logging_mixin.py:190} INFO - [2025-10-17T12:58:08.102+0000] {dagbag.py:588} INFO - Filling up the DagBag from /opt/airflow/dags/premier_dag.py
[2025-10-17T12:58:08.115+0000] {processor.py:925} INFO - DAG(s) 'premier_dag_test' retrieved from /opt/airflow/dags/premier_dag.py
[2025-10-17T12:58:08.136+0000] {logging_mixin.py:190} INFO - [2025-10-17T12:58:08.136+0000] {dag.py:3239} INFO - Sync 1 DAGs
[2025-10-17T12:58:08.154+0000] {logging_mixin.py:190} INFO - [2025-10-17T12:58:08.154+0000] {dag.py:4180} INFO - Setting next_dagrun for premier_dag_test to 2025-06-02 00:00:00+00:00, run_after=2025-06-02 01:00:00+00:00
[2025-10-17T12:58:08.169+0000] {processor.py:208} INFO - Processing /opt/airflow/dags/premier_dag.py took 0.074 seconds
[2025-10-17T12:58:38.389+0000] {processor.py:186} INFO - Started process (PID=553) to work on /opt/airflow/dags/premier_dag.py
[2025-10-17T12:58:38.390+0000] {processor.py:914} INFO - Processing file /opt/airflow/dags/premier_dag.py for tasks to queue
[2025-10-17T12:58:38.392+0000] {logging_mixin.py:190} INFO - [2025-10-17T12:58:38.391+0000] {dagbag.py:588} INFO - Filling up the DagBag from /opt/airflow/dags/premier_dag.py
[2025-10-17T12:58:38.409+0000] {processor.py:925} INFO - DAG(s) 'premier_dag_test' retrieved from /opt/airflow/dags/premier_dag.py
[2025-10-17T12:58:38.433+0000] {logging_mixin.py:190} INFO - [2025-10-17T12:58:38.432+0000] {dag.py:3239} INFO - Sync 1 DAGs
[2025-10-17T12:58:38.454+0000] {logging_mixin.py:190} INFO - [2025-10-17T12:58:38.454+0000] {dag.py:4180} INFO - Setting next_dagrun for premier_dag_test to 2025-06-02 00:00:00+00:00, run_after=2025-06-02 01:00:00+00:00
[2025-10-17T12:58:38.470+0000] {processor.py:208} INFO - Processing /opt/airflow/dags/premier_dag.py took 0.087 seconds
[2025-10-17T12:59:08.711+0000] {processor.py:186} INFO - Started process (PID=570) to work on /opt/airflow/dags/premier_dag.py
[2025-10-17T12:59:08.711+0000] {processor.py:914} INFO - Processing file /opt/airflow/dags/premier_dag.py for tasks to queue
[2025-10-17T12:59:08.713+0000] {logging_mixin.py:190} INFO - [2025-10-17T12:59:08.713+0000] {dagbag.py:588} INFO - Filling up the DagBag from /opt/airflow/dags/premier_dag.py
[2025-10-17T12:59:08.728+0000] {processor.py:925} INFO - DAG(s) 'premier_dag_test' retrieved from /opt/airflow/dags/premier_dag.py
[2025-10-17T12:59:08.749+0000] {logging_mixin.py:190} INFO - [2025-10-17T12:59:08.748+0000] {dag.py:3239} INFO - Sync 1 DAGs
[2025-10-17T12:59:08.768+0000] {logging_mixin.py:190} INFO - [2025-10-17T12:59:08.768+0000] {dag.py:4180} INFO - Setting next_dagrun for premier_dag_test to 2025-06-02 00:00:00+00:00, run_after=2025-06-02 01:00:00+00:00
[2025-10-17T12:59:08.786+0000] {processor.py:208} INFO - Processing /opt/airflow/dags/premier_dag.py took 0.081 seconds
[2025-10-17T12:59:39.036+0000] {processor.py:186} INFO - Started process (PID=588) to work on /opt/airflow/dags/premier_dag.py
[2025-10-17T12:59:39.036+0000] {processor.py:914} INFO - Processing file /opt/airflow/dags/premier_dag.py for tasks to queue
[2025-10-17T12:59:39.038+0000] {logging_mixin.py:190} INFO - [2025-10-17T12:59:39.038+0000] {dagbag.py:588} INFO - Filling up the DagBag from /opt/airflow/dags/premier_dag.py
[2025-10-17T12:59:39.055+0000] {processor.py:925} INFO - DAG(s) 'premier_dag_test' retrieved from /opt/airflow/dags/premier_dag.py
[2025-10-17T12:59:39.077+0000] {logging_mixin.py:190} INFO - [2025-10-17T12:59:39.077+0000] {dag.py:3239} INFO - Sync 1 DAGs
[2025-10-17T12:59:39.098+0000] {logging_mixin.py:190} INFO - [2025-10-17T12:59:39.098+0000] {dag.py:4180} INFO - Setting next_dagrun for premier_dag_test to 2025-06-02 00:00:00+00:00, run_after=2025-06-02 01:00:00+00:00
[2025-10-17T12:59:39.114+0000] {processor.py:208} INFO - Processing /opt/airflow/dags/premier_dag.py took 0.083 seconds
[2025-10-17T13:00:09.364+0000] {processor.py:186} INFO - Started process (PID=614) to work on /opt/airflow/dags/premier_dag.py
[2025-10-17T13:00:09.365+0000] {processor.py:914} INFO - Processing file /opt/airflow/dags/premier_dag.py for tasks to queue
[2025-10-17T13:00:09.367+0000] {logging_mixin.py:190} INFO - [2025-10-17T13:00:09.367+0000] {dagbag.py:588} INFO - Filling up the DagBag from /opt/airflow/dags/premier_dag.py
[2025-10-17T13:00:09.383+0000] {processor.py:925} INFO - DAG(s) 'premier_dag_test' retrieved from /opt/airflow/dags/premier_dag.py
[2025-10-17T13:00:09.405+0000] {logging_mixin.py:190} INFO - [2025-10-17T13:00:09.405+0000] {dag.py:3239} INFO - Sync 1 DAGs
[2025-10-17T13:00:09.427+0000] {logging_mixin.py:190} INFO - [2025-10-17T13:00:09.426+0000] {dag.py:4180} INFO - Setting next_dagrun for premier_dag_test to 2025-06-02 00:00:00+00:00, run_after=2025-06-02 01:00:00+00:00
[2025-10-17T13:00:09.442+0000] {processor.py:208} INFO - Processing /opt/airflow/dags/premier_dag.py took 0.083 seconds
[2025-10-17T13:00:39.664+0000] {processor.py:186} INFO - Started process (PID=656) to work on /opt/airflow/dags/premier_dag.py
[2025-10-17T13:00:39.665+0000] {processor.py:914} INFO - Processing file /opt/airflow/dags/premier_dag.py for tasks to queue
[2025-10-17T13:00:39.666+0000] {logging_mixin.py:190} INFO - [2025-10-17T13:00:39.666+0000] {dagbag.py:588} INFO - Filling up the DagBag from /opt/airflow/dags/premier_dag.py
[2025-10-17T13:00:39.685+0000] {processor.py:925} INFO - DAG(s) 'premier_dag_test' retrieved from /opt/airflow/dags/premier_dag.py
[2025-10-17T13:00:39.707+0000] {logging_mixin.py:190} INFO - [2025-10-17T13:00:39.707+0000] {dag.py:3239} INFO - Sync 1 DAGs
[2025-10-17T13:00:39.727+0000] {logging_mixin.py:190} INFO - [2025-10-17T13:00:39.727+0000] {dag.py:4180} INFO - Setting next_dagrun for premier_dag_test to 2025-06-02 00:00:00+00:00, run_after=2025-06-02 01:00:00+00:00
[2025-10-17T13:00:39.742+0000] {processor.py:208} INFO - Processing /opt/airflow/dags/premier_dag.py took 0.083 seconds
[2025-10-17T13:01:09.946+0000] {processor.py:186} INFO - Started process (PID=699) to work on /opt/airflow/dags/premier_dag.py
[2025-10-17T13:01:09.947+0000] {processor.py:914} INFO - Processing file /opt/airflow/dags/premier_dag.py for tasks to queue
[2025-10-17T13:01:09.949+0000] {logging_mixin.py:190} INFO - [2025-10-17T13:01:09.949+0000] {dagbag.py:588} INFO - Filling up the DagBag from /opt/airflow/dags/premier_dag.py
[2025-10-17T13:01:09.964+0000] {processor.py:925} INFO - DAG(s) 'premier_dag_test' retrieved from /opt/airflow/dags/premier_dag.py
[2025-10-17T13:01:09.986+0000] {logging_mixin.py:190} INFO - [2025-10-17T13:01:09.986+0000] {dag.py:3239} INFO - Sync 1 DAGs
[2025-10-17T13:01:10.006+0000] {logging_mixin.py:190} INFO - [2025-10-17T13:01:10.005+0000] {dag.py:4180} INFO - Setting next_dagrun for premier_dag_test to 2025-06-02 00:00:00+00:00, run_after=2025-06-02 01:00:00+00:00
[2025-10-17T13:01:10.025+0000] {processor.py:208} INFO - Processing /opt/airflow/dags/premier_dag.py took 0.084 seconds
[2025-10-17T13:01:40.240+0000] {processor.py:186} INFO - Started process (PID=716) to work on /opt/airflow/dags/premier_dag.py
[2025-10-17T13:01:40.241+0000] {processor.py:914} INFO - Processing file /opt/airflow/dags/premier_dag.py for tasks to queue
[2025-10-17T13:01:40.243+0000] {logging_mixin.py:190} INFO - [2025-10-17T13:01:40.243+0000] {dagbag.py:588} INFO - Filling up the DagBag from /opt/airflow/dags/premier_dag.py
[2025-10-17T13:01:40.258+0000] {processor.py:925} INFO - DAG(s) 'premier_dag_test' retrieved from /opt/airflow/dags/premier_dag.py
[2025-10-17T13:01:40.279+0000] {logging_mixin.py:190} INFO - [2025-10-17T13:01:40.279+0000] {dag.py:3239} INFO - Sync 1 DAGs
[2025-10-17T13:01:40.298+0000] {logging_mixin.py:190} INFO - [2025-10-17T13:01:40.298+0000] {dag.py:4180} INFO - Setting next_dagrun for premier_dag_test to 2025-06-02 00:00:00+00:00, run_after=2025-06-02 01:00:00+00:00
[2025-10-17T13:01:40.316+0000] {processor.py:208} INFO - Processing /opt/airflow/dags/premier_dag.py took 0.080 seconds
[2025-10-17T13:02:10.559+0000] {processor.py:186} INFO - Started process (PID=733) to work on /opt/airflow/dags/premier_dag.py
[2025-10-17T13:02:10.559+0000] {processor.py:914} INFO - Processing file /opt/airflow/dags/premier_dag.py for tasks to queue
[2025-10-17T13:02:10.562+0000] {logging_mixin.py:190} INFO - [2025-10-17T13:02:10.562+0000] {dagbag.py:588} INFO - Filling up the DagBag from /opt/airflow/dags/premier_dag.py
[2025-10-17T13:02:10.578+0000] {processor.py:925} INFO - DAG(s) 'premier_dag_test' retrieved from /opt/airflow/dags/premier_dag.py
[2025-10-17T13:02:10.598+0000] {logging_mixin.py:190} INFO - [2025-10-17T13:02:10.598+0000] {dag.py:3239} INFO - Sync 1 DAGs
[2025-10-17T13:02:10.618+0000] {logging_mixin.py:190} INFO - [2025-10-17T13:02:10.617+0000] {dag.py:4180} INFO - Setting next_dagrun for premier_dag_test to 2025-06-02 00:00:00+00:00, run_after=2025-06-02 01:00:00+00:00
[2025-10-17T13:02:10.638+0000] {processor.py:208} INFO - Processing /opt/airflow/dags/premier_dag.py took 0.085 seconds
[2025-10-17T13:02:40.921+0000] {processor.py:186} INFO - Started process (PID=750) to work on /opt/airflow/dags/premier_dag.py
[2025-10-17T13:02:40.922+0000] {processor.py:914} INFO - Processing file /opt/airflow/dags/premier_dag.py for tasks to queue
[2025-10-17T13:02:40.923+0000] {logging_mixin.py:190} INFO - [2025-10-17T13:02:40.923+0000] {dagbag.py:588} INFO - Filling up the DagBag from /opt/airflow/dags/premier_dag.py
[2025-10-17T13:02:40.937+0000] {processor.py:925} INFO - DAG(s) 'premier_dag_test' retrieved from /opt/airflow/dags/premier_dag.py
[2025-10-17T13:02:40.958+0000] {logging_mixin.py:190} INFO - [2025-10-17T13:02:40.958+0000] {dag.py:3239} INFO - Sync 1 DAGs
[2025-10-17T13:02:40.978+0000] {logging_mixin.py:190} INFO - [2025-10-17T13:02:40.978+0000] {dag.py:4180} INFO - Setting next_dagrun for premier_dag_test to 2025-06-02 00:00:00+00:00, run_after=2025-06-02 01:00:00+00:00
[2025-10-17T13:02:40.993+0000] {processor.py:208} INFO - Processing /opt/airflow/dags/premier_dag.py took 0.077 seconds
[2025-10-17T13:03:11.213+0000] {processor.py:186} INFO - Started process (PID=767) to work on /opt/airflow/dags/premier_dag.py
[2025-10-17T13:03:11.214+0000] {processor.py:914} INFO - Processing file /opt/airflow/dags/premier_dag.py for tasks to queue
[2025-10-17T13:03:11.216+0000] {logging_mixin.py:190} INFO - [2025-10-17T13:03:11.216+0000] {dagbag.py:588} INFO - Filling up the DagBag from /opt/airflow/dags/premier_dag.py
[2025-10-17T13:03:11.230+0000] {processor.py:925} INFO - DAG(s) 'premier_dag_test' retrieved from /opt/airflow/dags/premier_dag.py
[2025-10-17T13:03:11.250+0000] {logging_mixin.py:190} INFO - [2025-10-17T13:03:11.250+0000] {dag.py:3239} INFO - Sync 1 DAGs
[2025-10-17T13:03:11.269+0000] {logging_mixin.py:190} INFO - [2025-10-17T13:03:11.269+0000] {dag.py:4180} INFO - Setting next_dagrun for premier_dag_test to 2025-06-02 00:00:00+00:00, run_after=2025-06-02 01:00:00+00:00
[2025-10-17T13:03:11.288+0000] {processor.py:208} INFO - Processing /opt/airflow/dags/premier_dag.py took 0.080 seconds
[2025-10-17T13:03:41.502+0000] {processor.py:186} INFO - Started process (PID=785) to work on /opt/airflow/dags/premier_dag.py
[2025-10-17T13:03:41.503+0000] {processor.py:914} INFO - Processing file /opt/airflow/dags/premier_dag.py for tasks to queue
[2025-10-17T13:03:41.505+0000] {logging_mixin.py:190} INFO - [2025-10-17T13:03:41.505+0000] {dagbag.py:588} INFO - Filling up the DagBag from /opt/airflow/dags/premier_dag.py
[2025-10-17T13:03:41.521+0000] {processor.py:925} INFO - DAG(s) 'premier_dag_test' retrieved from /opt/airflow/dags/premier_dag.py
[2025-10-17T13:03:41.544+0000] {logging_mixin.py:190} INFO - [2025-10-17T13:03:41.543+0000] {dag.py:3239} INFO - Sync 1 DAGs
[2025-10-17T13:03:41.566+0000] {logging_mixin.py:190} INFO - [2025-10-17T13:03:41.566+0000] {dag.py:4180} INFO - Setting next_dagrun for premier_dag_test to 2025-06-02 00:00:00+00:00, run_after=2025-06-02 01:00:00+00:00
[2025-10-17T13:03:41.587+0000] {processor.py:208} INFO - Processing /opt/airflow/dags/premier_dag.py took 0.090 seconds
[2025-10-17T13:04:11.792+0000] {processor.py:186} INFO - Started process (PID=802) to work on /opt/airflow/dags/premier_dag.py
[2025-10-17T13:04:11.793+0000] {processor.py:914} INFO - Processing file /opt/airflow/dags/premier_dag.py for tasks to queue
[2025-10-17T13:04:11.795+0000] {logging_mixin.py:190} INFO - [2025-10-17T13:04:11.795+0000] {dagbag.py:588} INFO - Filling up the DagBag from /opt/airflow/dags/premier_dag.py
[2025-10-17T13:04:11.811+0000] {processor.py:925} INFO - DAG(s) 'premier_dag_test' retrieved from /opt/airflow/dags/premier_dag.py
[2025-10-17T13:04:11.833+0000] {logging_mixin.py:190} INFO - [2025-10-17T13:04:11.833+0000] {dag.py:3239} INFO - Sync 1 DAGs
[2025-10-17T13:04:11.853+0000] {logging_mixin.py:190} INFO - [2025-10-17T13:04:11.853+0000] {dag.py:4180} INFO - Setting next_dagrun for premier_dag_test to 2025-06-02 00:00:00+00:00, run_after=2025-06-02 01:00:00+00:00
[2025-10-17T13:04:11.870+0000] {processor.py:208} INFO - Processing /opt/airflow/dags/premier_dag.py took 0.083 seconds
[2025-10-17T13:04:42.083+0000] {processor.py:186} INFO - Started process (PID=819) to work on /opt/airflow/dags/premier_dag.py
[2025-10-17T13:04:42.084+0000] {processor.py:914} INFO - Processing file /opt/airflow/dags/premier_dag.py for tasks to queue
[2025-10-17T13:04:42.087+0000] {logging_mixin.py:190} INFO - [2025-10-17T13:04:42.086+0000] {dagbag.py:588} INFO - Filling up the DagBag from /opt/airflow/dags/premier_dag.py
[2025-10-17T13:04:42.101+0000] {processor.py:925} INFO - DAG(s) 'premier_dag_test' retrieved from /opt/airflow/dags/premier_dag.py
[2025-10-17T13:04:42.122+0000] {logging_mixin.py:190} INFO - [2025-10-17T13:04:42.122+0000] {dag.py:3239} INFO - Sync 1 DAGs
[2025-10-17T13:04:42.143+0000] {logging_mixin.py:190} INFO - [2025-10-17T13:04:42.142+0000] {dag.py:4180} INFO - Setting next_dagrun for premier_dag_test to 2025-06-02 00:00:00+00:00, run_after=2025-06-02 01:00:00+00:00
[2025-10-17T13:04:42.159+0000] {processor.py:208} INFO - Processing /opt/airflow/dags/premier_dag.py took 0.081 seconds
[2025-10-17T13:05:12.376+0000] {processor.py:186} INFO - Started process (PID=836) to work on /opt/airflow/dags/premier_dag.py
[2025-10-17T13:05:12.377+0000] {processor.py:914} INFO - Processing file /opt/airflow/dags/premier_dag.py for tasks to queue
[2025-10-17T13:05:12.379+0000] {logging_mixin.py:190} INFO - [2025-10-17T13:05:12.379+0000] {dagbag.py:588} INFO - Filling up the DagBag from /opt/airflow/dags/premier_dag.py
[2025-10-17T13:05:12.393+0000] {processor.py:925} INFO - DAG(s) 'premier_dag_test' retrieved from /opt/airflow/dags/premier_dag.py
[2025-10-17T13:05:12.413+0000] {logging_mixin.py:190} INFO - [2025-10-17T13:05:12.413+0000] {dag.py:3239} INFO - Sync 1 DAGs
[2025-10-17T13:05:12.432+0000] {logging_mixin.py:190} INFO - [2025-10-17T13:05:12.432+0000] {dag.py:4180} INFO - Setting next_dagrun for premier_dag_test to 2025-06-02 00:00:00+00:00, run_after=2025-06-02 01:00:00+00:00
[2025-10-17T13:05:12.448+0000] {processor.py:208} INFO - Processing /opt/airflow/dags/premier_dag.py took 0.077 seconds
[2025-10-17T13:05:42.666+0000] {processor.py:186} INFO - Started process (PID=853) to work on /opt/airflow/dags/premier_dag.py
[2025-10-17T13:05:42.667+0000] {processor.py:914} INFO - Processing file /opt/airflow/dags/premier_dag.py for tasks to queue
[2025-10-17T13:05:42.669+0000] {logging_mixin.py:190} INFO - [2025-10-17T13:05:42.668+0000] {dagbag.py:588} INFO - Filling up the DagBag from /opt/airflow/dags/premier_dag.py
[2025-10-17T13:05:42.683+0000] {processor.py:925} INFO - DAG(s) 'premier_dag_test' retrieved from /opt/airflow/dags/premier_dag.py
[2025-10-17T13:05:42.703+0000] {logging_mixin.py:190} INFO - [2025-10-17T13:05:42.703+0000] {dag.py:3239} INFO - Sync 1 DAGs
[2025-10-17T13:05:42.722+0000] {logging_mixin.py:190} INFO - [2025-10-17T13:05:42.722+0000] {dag.py:4180} INFO - Setting next_dagrun for premier_dag_test to 2025-06-02 00:00:00+00:00, run_after=2025-06-02 01:00:00+00:00
[2025-10-17T13:05:42.744+0000] {processor.py:208} INFO - Processing /opt/airflow/dags/premier_dag.py took 0.083 seconds
[2025-10-17T13:06:12.987+0000] {processor.py:186} INFO - Started process (PID=870) to work on /opt/airflow/dags/premier_dag.py
[2025-10-17T13:06:12.988+0000] {processor.py:914} INFO - Processing file /opt/airflow/dags/premier_dag.py for tasks to queue
[2025-10-17T13:06:12.990+0000] {logging_mixin.py:190} INFO - [2025-10-17T13:06:12.990+0000] {dagbag.py:588} INFO - Filling up the DagBag from /opt/airflow/dags/premier_dag.py
[2025-10-17T13:06:13.007+0000] {processor.py:925} INFO - DAG(s) 'premier_dag_test' retrieved from /opt/airflow/dags/premier_dag.py
[2025-10-17T13:06:13.028+0000] {logging_mixin.py:190} INFO - [2025-10-17T13:06:13.028+0000] {dag.py:3239} INFO - Sync 1 DAGs
[2025-10-17T13:06:13.051+0000] {logging_mixin.py:190} INFO - [2025-10-17T13:06:13.051+0000] {dag.py:4180} INFO - Setting next_dagrun for premier_dag_test to 2025-06-02 00:00:00+00:00, run_after=2025-06-02 01:00:00+00:00
[2025-10-17T13:06:13.072+0000] {processor.py:208} INFO - Processing /opt/airflow/dags/premier_dag.py took 0.089 seconds
[2025-10-17T13:06:43.292+0000] {processor.py:186} INFO - Started process (PID=887) to work on /opt/airflow/dags/premier_dag.py
[2025-10-17T13:06:43.293+0000] {processor.py:914} INFO - Processing file /opt/airflow/dags/premier_dag.py for tasks to queue
[2025-10-17T13:06:43.295+0000] {logging_mixin.py:190} INFO - [2025-10-17T13:06:43.295+0000] {dagbag.py:588} INFO - Filling up the DagBag from /opt/airflow/dags/premier_dag.py
[2025-10-17T13:06:43.309+0000] {processor.py:925} INFO - DAG(s) 'premier_dag_test' retrieved from /opt/airflow/dags/premier_dag.py
[2025-10-17T13:06:43.330+0000] {logging_mixin.py:190} INFO - [2025-10-17T13:06:43.329+0000] {dag.py:3239} INFO - Sync 1 DAGs
[2025-10-17T13:06:43.349+0000] {logging_mixin.py:190} INFO - [2025-10-17T13:06:43.349+0000] {dag.py:4180} INFO - Setting next_dagrun for premier_dag_test to 2025-06-02 00:00:00+00:00, run_after=2025-06-02 01:00:00+00:00
[2025-10-17T13:06:43.370+0000] {processor.py:208} INFO - Processing /opt/airflow/dags/premier_dag.py took 0.083 seconds
[2025-10-17T13:07:13.585+0000] {processor.py:186} INFO - Started process (PID=904) to work on /opt/airflow/dags/premier_dag.py
[2025-10-17T13:07:13.586+0000] {processor.py:914} INFO - Processing file /opt/airflow/dags/premier_dag.py for tasks to queue
[2025-10-17T13:07:13.587+0000] {logging_mixin.py:190} INFO - [2025-10-17T13:07:13.587+0000] {dagbag.py:588} INFO - Filling up the DagBag from /opt/airflow/dags/premier_dag.py
[2025-10-17T13:07:13.602+0000] {processor.py:925} INFO - DAG(s) 'premier_dag_test' retrieved from /opt/airflow/dags/premier_dag.py
[2025-10-17T13:07:13.626+0000] {logging_mixin.py:190} INFO - [2025-10-17T13:07:13.626+0000] {dag.py:3239} INFO - Sync 1 DAGs
[2025-10-17T13:07:13.646+0000] {logging_mixin.py:190} INFO - [2025-10-17T13:07:13.646+0000] {dag.py:4180} INFO - Setting next_dagrun for premier_dag_test to 2025-06-02 00:00:00+00:00, run_after=2025-06-02 01:00:00+00:00
[2025-10-17T13:07:13.663+0000] {processor.py:208} INFO - Processing /opt/airflow/dags/premier_dag.py took 0.083 seconds
[2025-10-17T13:07:43.870+0000] {processor.py:186} INFO - Started process (PID=921) to work on /opt/airflow/dags/premier_dag.py
[2025-10-17T13:07:43.871+0000] {processor.py:914} INFO - Processing file /opt/airflow/dags/premier_dag.py for tasks to queue
[2025-10-17T13:07:43.872+0000] {logging_mixin.py:190} INFO - [2025-10-17T13:07:43.872+0000] {dagbag.py:588} INFO - Filling up the DagBag from /opt/airflow/dags/premier_dag.py
[2025-10-17T13:07:43.888+0000] {processor.py:925} INFO - DAG(s) 'premier_dag_test' retrieved from /opt/airflow/dags/premier_dag.py
[2025-10-17T13:07:43.910+0000] {logging_mixin.py:190} INFO - [2025-10-17T13:07:43.910+0000] {dag.py:3239} INFO - Sync 1 DAGs
[2025-10-17T13:07:43.932+0000] {logging_mixin.py:190} INFO - [2025-10-17T13:07:43.932+0000] {dag.py:4180} INFO - Setting next_dagrun for premier_dag_test to 2025-06-02 00:00:00+00:00, run_after=2025-06-02 01:00:00+00:00
[2025-10-17T13:07:43.952+0000] {processor.py:208} INFO - Processing /opt/airflow/dags/premier_dag.py took 0.087 seconds
[2025-10-17T13:08:14.179+0000] {processor.py:186} INFO - Started process (PID=939) to work on /opt/airflow/dags/premier_dag.py
[2025-10-17T13:08:14.180+0000] {processor.py:914} INFO - Processing file /opt/airflow/dags/premier_dag.py for tasks to queue
[2025-10-17T13:08:14.182+0000] {logging_mixin.py:190} INFO - [2025-10-17T13:08:14.182+0000] {dagbag.py:588} INFO - Filling up the DagBag from /opt/airflow/dags/premier_dag.py
[2025-10-17T13:08:14.199+0000] {processor.py:925} INFO - DAG(s) 'premier_dag_test' retrieved from /opt/airflow/dags/premier_dag.py
[2025-10-17T13:08:14.221+0000] {logging_mixin.py:190} INFO - [2025-10-17T13:08:14.221+0000] {dag.py:3239} INFO - Sync 1 DAGs
[2025-10-17T13:08:14.242+0000] {logging_mixin.py:190} INFO - [2025-10-17T13:08:14.242+0000] {dag.py:4180} INFO - Setting next_dagrun for premier_dag_test to 2025-06-02 00:00:00+00:00, run_after=2025-06-02 01:00:00+00:00
[2025-10-17T13:08:14.259+0000] {processor.py:208} INFO - Processing /opt/airflow/dags/premier_dag.py took 0.085 seconds
[2025-10-17T13:08:44.471+0000] {processor.py:186} INFO - Started process (PID=957) to work on /opt/airflow/dags/premier_dag.py
[2025-10-17T13:08:44.472+0000] {processor.py:914} INFO - Processing file /opt/airflow/dags/premier_dag.py for tasks to queue
[2025-10-17T13:08:44.474+0000] {logging_mixin.py:190} INFO - [2025-10-17T13:08:44.474+0000] {dagbag.py:588} INFO - Filling up the DagBag from /opt/airflow/dags/premier_dag.py
[2025-10-17T13:08:44.488+0000] {processor.py:925} INFO - DAG(s) 'premier_dag_test' retrieved from /opt/airflow/dags/premier_dag.py
[2025-10-17T13:08:44.508+0000] {logging_mixin.py:190} INFO - [2025-10-17T13:08:44.508+0000] {dag.py:3239} INFO - Sync 1 DAGs
[2025-10-17T13:08:44.527+0000] {logging_mixin.py:190} INFO - [2025-10-17T13:08:44.527+0000] {dag.py:4180} INFO - Setting next_dagrun for premier_dag_test to 2025-06-02 00:00:00+00:00, run_after=2025-06-02 01:00:00+00:00
[2025-10-17T13:08:44.548+0000] {processor.py:208} INFO - Processing /opt/airflow/dags/premier_dag.py took 0.081 seconds
[2025-10-17T13:09:14.699+0000] {processor.py:186} INFO - Started process (PID=971) to work on /opt/airflow/dags/premier_dag.py
[2025-10-17T13:09:14.700+0000] {processor.py:914} INFO - Processing file /opt/airflow/dags/premier_dag.py for tasks to queue
[2025-10-17T13:09:14.702+0000] {logging_mixin.py:190} INFO - [2025-10-17T13:09:14.702+0000] {dagbag.py:588} INFO - Filling up the DagBag from /opt/airflow/dags/premier_dag.py
[2025-10-17T13:09:14.718+0000] {processor.py:925} INFO - DAG(s) 'premier_dag_test' retrieved from /opt/airflow/dags/premier_dag.py
[2025-10-17T13:09:14.742+0000] {logging_mixin.py:190} INFO - [2025-10-17T13:09:14.742+0000] {dag.py:3239} INFO - Sync 1 DAGs
[2025-10-17T13:09:14.764+0000] {logging_mixin.py:190} INFO - [2025-10-17T13:09:14.764+0000] {dag.py:4180} INFO - Setting next_dagrun for premier_dag_test to 2025-06-02 00:00:00+00:00, run_after=2025-06-02 01:00:00+00:00
[2025-10-17T13:09:14.781+0000] {processor.py:208} INFO - Processing /opt/airflow/dags/premier_dag.py took 0.087 seconds
[2025-10-17T13:09:45.014+0000] {processor.py:186} INFO - Started process (PID=985) to work on /opt/airflow/dags/premier_dag.py
[2025-10-17T13:09:45.014+0000] {processor.py:914} INFO - Processing file /opt/airflow/dags/premier_dag.py for tasks to queue
[2025-10-17T13:09:45.016+0000] {logging_mixin.py:190} INFO - [2025-10-17T13:09:45.016+0000] {dagbag.py:588} INFO - Filling up the DagBag from /opt/airflow/dags/premier_dag.py
[2025-10-17T13:09:45.032+0000] {processor.py:925} INFO - DAG(s) 'premier_dag_test' retrieved from /opt/airflow/dags/premier_dag.py
[2025-10-17T13:09:45.053+0000] {logging_mixin.py:190} INFO - [2025-10-17T13:09:45.053+0000] {dag.py:3239} INFO - Sync 1 DAGs
[2025-10-17T13:09:45.073+0000] {logging_mixin.py:190} INFO - [2025-10-17T13:09:45.073+0000] {dag.py:4180} INFO - Setting next_dagrun for premier_dag_test to 2025-06-02 00:00:00+00:00, run_after=2025-06-02 01:00:00+00:00
[2025-10-17T13:09:45.088+0000] {processor.py:208} INFO - Processing /opt/airflow/dags/premier_dag.py took 0.080 seconds
[2025-10-17T13:10:15.310+0000] {processor.py:186} INFO - Started process (PID=1002) to work on /opt/airflow/dags/premier_dag.py
[2025-10-17T13:10:15.310+0000] {processor.py:914} INFO - Processing file /opt/airflow/dags/premier_dag.py for tasks to queue
[2025-10-17T13:10:15.313+0000] {logging_mixin.py:190} INFO - [2025-10-17T13:10:15.313+0000] {dagbag.py:588} INFO - Filling up the DagBag from /opt/airflow/dags/premier_dag.py
[2025-10-17T13:10:15.328+0000] {processor.py:925} INFO - DAG(s) 'premier_dag_test' retrieved from /opt/airflow/dags/premier_dag.py
[2025-10-17T13:10:15.350+0000] {logging_mixin.py:190} INFO - [2025-10-17T13:10:15.350+0000] {dag.py:3239} INFO - Sync 1 DAGs
[2025-10-17T13:10:15.370+0000] {logging_mixin.py:190} INFO - [2025-10-17T13:10:15.370+0000] {dag.py:4180} INFO - Setting next_dagrun for premier_dag_test to 2025-06-02 00:00:00+00:00, run_after=2025-06-02 01:00:00+00:00
[2025-10-17T13:10:15.386+0000] {processor.py:208} INFO - Processing /opt/airflow/dags/premier_dag.py took 0.081 seconds
[2025-10-17T13:10:45.612+0000] {processor.py:186} INFO - Started process (PID=1019) to work on /opt/airflow/dags/premier_dag.py
[2025-10-17T13:10:45.612+0000] {processor.py:914} INFO - Processing file /opt/airflow/dags/premier_dag.py for tasks to queue
[2025-10-17T13:10:45.615+0000] {logging_mixin.py:190} INFO - [2025-10-17T13:10:45.615+0000] {dagbag.py:588} INFO - Filling up the DagBag from /opt/airflow/dags/premier_dag.py
[2025-10-17T13:10:45.630+0000] {processor.py:925} INFO - DAG(s) 'premier_dag_test' retrieved from /opt/airflow/dags/premier_dag.py
[2025-10-17T13:10:45.652+0000] {logging_mixin.py:190} INFO - [2025-10-17T13:10:45.652+0000] {dag.py:3239} INFO - Sync 1 DAGs
[2025-10-17T13:10:45.672+0000] {logging_mixin.py:190} INFO - [2025-10-17T13:10:45.672+0000] {dag.py:4180} INFO - Setting next_dagrun for premier_dag_test to 2025-06-02 00:00:00+00:00, run_after=2025-06-02 01:00:00+00:00
[2025-10-17T13:10:45.693+0000] {processor.py:208} INFO - Processing /opt/airflow/dags/premier_dag.py took 0.087 seconds
[2025-10-17T13:11:15.936+0000] {processor.py:186} INFO - Started process (PID=1037) to work on /opt/airflow/dags/premier_dag.py
[2025-10-17T13:11:15.937+0000] {processor.py:914} INFO - Processing file /opt/airflow/dags/premier_dag.py for tasks to queue
[2025-10-17T13:11:15.939+0000] {logging_mixin.py:190} INFO - [2025-10-17T13:11:15.939+0000] {dagbag.py:588} INFO - Filling up the DagBag from /opt/airflow/dags/premier_dag.py
[2025-10-17T13:11:15.953+0000] {processor.py:925} INFO - DAG(s) 'premier_dag_test' retrieved from /opt/airflow/dags/premier_dag.py
[2025-10-17T13:11:15.973+0000] {logging_mixin.py:190} INFO - [2025-10-17T13:11:15.973+0000] {dag.py:3239} INFO - Sync 1 DAGs
[2025-10-17T13:11:15.994+0000] {logging_mixin.py:190} INFO - [2025-10-17T13:11:15.994+0000] {dag.py:4180} INFO - Setting next_dagrun for premier_dag_test to 2025-06-02 00:00:00+00:00, run_after=2025-06-02 01:00:00+00:00
[2025-10-17T13:11:16.010+0000] {processor.py:208} INFO - Processing /opt/airflow/dags/premier_dag.py took 0.078 seconds
[2025-10-17T13:11:46.274+0000] {processor.py:186} INFO - Started process (PID=1054) to work on /opt/airflow/dags/premier_dag.py
[2025-10-17T13:11:46.274+0000] {processor.py:914} INFO - Processing file /opt/airflow/dags/premier_dag.py for tasks to queue
[2025-10-17T13:11:46.276+0000] {logging_mixin.py:190} INFO - [2025-10-17T13:11:46.276+0000] {dagbag.py:588} INFO - Filling up the DagBag from /opt/airflow/dags/premier_dag.py
[2025-10-17T13:11:46.290+0000] {processor.py:925} INFO - DAG(s) 'premier_dag_test' retrieved from /opt/airflow/dags/premier_dag.py
[2025-10-17T13:11:46.310+0000] {logging_mixin.py:190} INFO - [2025-10-17T13:11:46.310+0000] {dag.py:3239} INFO - Sync 1 DAGs
[2025-10-17T13:11:46.329+0000] {logging_mixin.py:190} INFO - [2025-10-17T13:11:46.329+0000] {dag.py:4180} INFO - Setting next_dagrun for premier_dag_test to 2025-06-02 00:00:00+00:00, run_after=2025-06-02 01:00:00+00:00
[2025-10-17T13:11:46.345+0000] {processor.py:208} INFO - Processing /opt/airflow/dags/premier_dag.py took 0.076 seconds
[2025-10-17T13:12:16.603+0000] {processor.py:186} INFO - Started process (PID=1071) to work on /opt/airflow/dags/premier_dag.py
[2025-10-17T13:12:16.604+0000] {processor.py:914} INFO - Processing file /opt/airflow/dags/premier_dag.py for tasks to queue
[2025-10-17T13:12:16.606+0000] {logging_mixin.py:190} INFO - [2025-10-17T13:12:16.606+0000] {dagbag.py:588} INFO - Filling up the DagBag from /opt/airflow/dags/premier_dag.py
[2025-10-17T13:12:16.621+0000] {processor.py:925} INFO - DAG(s) 'premier_dag_test' retrieved from /opt/airflow/dags/premier_dag.py
[2025-10-17T13:12:16.642+0000] {logging_mixin.py:190} INFO - [2025-10-17T13:12:16.642+0000] {dag.py:3239} INFO - Sync 1 DAGs
[2025-10-17T13:12:16.662+0000] {logging_mixin.py:190} INFO - [2025-10-17T13:12:16.661+0000] {dag.py:4180} INFO - Setting next_dagrun for premier_dag_test to 2025-06-02 00:00:00+00:00, run_after=2025-06-02 01:00:00+00:00
[2025-10-17T13:12:16.681+0000] {processor.py:208} INFO - Processing /opt/airflow/dags/premier_dag.py took 0.083 seconds
[2025-10-17T13:12:46.963+0000] {processor.py:186} INFO - Started process (PID=1088) to work on /opt/airflow/dags/premier_dag.py
[2025-10-17T13:12:46.964+0000] {processor.py:914} INFO - Processing file /opt/airflow/dags/premier_dag.py for tasks to queue
[2025-10-17T13:12:46.967+0000] {logging_mixin.py:190} INFO - [2025-10-17T13:12:46.967+0000] {dagbag.py:588} INFO - Filling up the DagBag from /opt/airflow/dags/premier_dag.py
[2025-10-17T13:12:46.982+0000] {processor.py:925} INFO - DAG(s) 'premier_dag_test' retrieved from /opt/airflow/dags/premier_dag.py
[2025-10-17T13:12:47.005+0000] {logging_mixin.py:190} INFO - [2025-10-17T13:12:47.005+0000] {dag.py:3239} INFO - Sync 1 DAGs
[2025-10-17T13:12:47.027+0000] {logging_mixin.py:190} INFO - [2025-10-17T13:12:47.027+0000] {dag.py:4180} INFO - Setting next_dagrun for premier_dag_test to 2025-06-02 00:00:00+00:00, run_after=2025-06-02 01:00:00+00:00
[2025-10-17T13:12:47.046+0000] {processor.py:208} INFO - Processing /opt/airflow/dags/premier_dag.py took 0.089 seconds
[2025-10-17T13:13:17.304+0000] {processor.py:186} INFO - Started process (PID=1105) to work on /opt/airflow/dags/premier_dag.py
[2025-10-17T13:13:17.305+0000] {processor.py:914} INFO - Processing file /opt/airflow/dags/premier_dag.py for tasks to queue
[2025-10-17T13:13:17.306+0000] {logging_mixin.py:190} INFO - [2025-10-17T13:13:17.306+0000] {dagbag.py:588} INFO - Filling up the DagBag from /opt/airflow/dags/premier_dag.py
[2025-10-17T13:13:17.321+0000] {processor.py:925} INFO - DAG(s) 'premier_dag_test' retrieved from /opt/airflow/dags/premier_dag.py
[2025-10-17T13:13:17.341+0000] {logging_mixin.py:190} INFO - [2025-10-17T13:13:17.341+0000] {dag.py:3239} INFO - Sync 1 DAGs
[2025-10-17T13:13:17.360+0000] {logging_mixin.py:190} INFO - [2025-10-17T13:13:17.360+0000] {dag.py:4180} INFO - Setting next_dagrun for premier_dag_test to 2025-06-02 00:00:00+00:00, run_after=2025-06-02 01:00:00+00:00
[2025-10-17T13:13:17.376+0000] {processor.py:208} INFO - Processing /opt/airflow/dags/premier_dag.py took 0.077 seconds
[2025-10-17T13:13:47.634+0000] {processor.py:186} INFO - Started process (PID=1122) to work on /opt/airflow/dags/premier_dag.py
[2025-10-17T13:13:47.635+0000] {processor.py:914} INFO - Processing file /opt/airflow/dags/premier_dag.py for tasks to queue
[2025-10-17T13:13:47.637+0000] {logging_mixin.py:190} INFO - [2025-10-17T13:13:47.637+0000] {dagbag.py:588} INFO - Filling up the DagBag from /opt/airflow/dags/premier_dag.py
[2025-10-17T13:13:47.655+0000] {processor.py:925} INFO - DAG(s) 'premier_dag_test' retrieved from /opt/airflow/dags/premier_dag.py
[2025-10-17T13:13:47.678+0000] {logging_mixin.py:190} INFO - [2025-10-17T13:13:47.678+0000] {dag.py:3239} INFO - Sync 1 DAGs
[2025-10-17T13:13:47.700+0000] {logging_mixin.py:190} INFO - [2025-10-17T13:13:47.700+0000] {dag.py:4180} INFO - Setting next_dagrun for premier_dag_test to 2025-06-02 00:00:00+00:00, run_after=2025-06-02 01:00:00+00:00
[2025-10-17T13:13:47.716+0000] {processor.py:208} INFO - Processing /opt/airflow/dags/premier_dag.py took 0.087 seconds
[2025-10-17T13:14:17.943+0000] {processor.py:186} INFO - Started process (PID=1139) to work on /opt/airflow/dags/premier_dag.py
[2025-10-17T13:14:17.944+0000] {processor.py:914} INFO - Processing file /opt/airflow/dags/premier_dag.py for tasks to queue
[2025-10-17T13:14:17.946+0000] {logging_mixin.py:190} INFO - [2025-10-17T13:14:17.946+0000] {dagbag.py:588} INFO - Filling up the DagBag from /opt/airflow/dags/premier_dag.py
[2025-10-17T13:14:17.962+0000] {processor.py:925} INFO - DAG(s) 'premier_dag_test' retrieved from /opt/airflow/dags/premier_dag.py
[2025-10-17T13:14:17.984+0000] {logging_mixin.py:190} INFO - [2025-10-17T13:14:17.984+0000] {dag.py:3239} INFO - Sync 1 DAGs
[2025-10-17T13:14:18.004+0000] {logging_mixin.py:190} INFO - [2025-10-17T13:14:18.004+0000] {dag.py:4180} INFO - Setting next_dagrun for premier_dag_test to 2025-06-02 00:00:00+00:00, run_after=2025-06-02 01:00:00+00:00
[2025-10-17T13:14:18.023+0000] {processor.py:208} INFO - Processing /opt/airflow/dags/premier_dag.py took 0.085 seconds
[2025-10-17T13:14:48.248+0000] {processor.py:186} INFO - Started process (PID=1156) to work on /opt/airflow/dags/premier_dag.py
[2025-10-17T13:14:48.248+0000] {processor.py:914} INFO - Processing file /opt/airflow/dags/premier_dag.py for tasks to queue
[2025-10-17T13:14:48.250+0000] {logging_mixin.py:190} INFO - [2025-10-17T13:14:48.250+0000] {dagbag.py:588} INFO - Filling up the DagBag from /opt/airflow/dags/premier_dag.py
[2025-10-17T13:14:48.265+0000] {processor.py:925} INFO - DAG(s) 'premier_dag_test' retrieved from /opt/airflow/dags/premier_dag.py
[2025-10-17T13:14:48.285+0000] {logging_mixin.py:190} INFO - [2025-10-17T13:14:48.285+0000] {dag.py:3239} INFO - Sync 1 DAGs
[2025-10-17T13:14:48.304+0000] {logging_mixin.py:190} INFO - [2025-10-17T13:14:48.304+0000] {dag.py:4180} INFO - Setting next_dagrun for premier_dag_test to 2025-06-02 00:00:00+00:00, run_after=2025-06-02 01:00:00+00:00
[2025-10-17T13:14:48.320+0000] {processor.py:208} INFO - Processing /opt/airflow/dags/premier_dag.py took 0.077 seconds
[2025-10-17T13:15:18.579+0000] {processor.py:186} INFO - Started process (PID=1173) to work on /opt/airflow/dags/premier_dag.py
[2025-10-17T13:15:18.580+0000] {processor.py:914} INFO - Processing file /opt/airflow/dags/premier_dag.py for tasks to queue
[2025-10-17T13:15:18.582+0000] {logging_mixin.py:190} INFO - [2025-10-17T13:15:18.582+0000] {dagbag.py:588} INFO - Filling up the DagBag from /opt/airflow/dags/premier_dag.py
[2025-10-17T13:15:18.599+0000] {processor.py:925} INFO - DAG(s) 'premier_dag_test' retrieved from /opt/airflow/dags/premier_dag.py
[2025-10-17T13:15:18.618+0000] {logging_mixin.py:190} INFO - [2025-10-17T13:15:18.618+0000] {dag.py:3239} INFO - Sync 1 DAGs
[2025-10-17T13:15:18.638+0000] {logging_mixin.py:190} INFO - [2025-10-17T13:15:18.638+0000] {dag.py:4180} INFO - Setting next_dagrun for premier_dag_test to 2025-06-02 00:00:00+00:00, run_after=2025-06-02 01:00:00+00:00
[2025-10-17T13:15:18.657+0000] {processor.py:208} INFO - Processing /opt/airflow/dags/premier_dag.py took 0.082 seconds
[2025-10-17T13:15:49.014+0000] {processor.py:186} INFO - Started process (PID=1190) to work on /opt/airflow/dags/premier_dag.py
[2025-10-17T13:15:49.015+0000] {processor.py:914} INFO - Processing file /opt/airflow/dags/premier_dag.py for tasks to queue
[2025-10-17T13:15:49.017+0000] {logging_mixin.py:190} INFO - [2025-10-17T13:15:49.017+0000] {dagbag.py:588} INFO - Filling up the DagBag from /opt/airflow/dags/premier_dag.py
[2025-10-17T13:15:49.031+0000] {processor.py:925} INFO - DAG(s) 'premier_dag_test' retrieved from /opt/airflow/dags/premier_dag.py
[2025-10-17T13:15:49.051+0000] {logging_mixin.py:190} INFO - [2025-10-17T13:15:49.050+0000] {dag.py:3239} INFO - Sync 1 DAGs
[2025-10-17T13:15:49.069+0000] {logging_mixin.py:190} INFO - [2025-10-17T13:15:49.069+0000] {dag.py:4180} INFO - Setting next_dagrun for premier_dag_test to 2025-06-02 00:00:00+00:00, run_after=2025-06-02 01:00:00+00:00
[2025-10-17T13:15:49.089+0000] {processor.py:208} INFO - Processing /opt/airflow/dags/premier_dag.py took 0.079 seconds
[2025-10-17T13:16:19.452+0000] {processor.py:186} INFO - Started process (PID=1207) to work on /opt/airflow/dags/premier_dag.py
[2025-10-17T13:16:19.453+0000] {processor.py:914} INFO - Processing file /opt/airflow/dags/premier_dag.py for tasks to queue
[2025-10-17T13:16:19.455+0000] {logging_mixin.py:190} INFO - [2025-10-17T13:16:19.454+0000] {dagbag.py:588} INFO - Filling up the DagBag from /opt/airflow/dags/premier_dag.py
[2025-10-17T13:16:19.468+0000] {processor.py:925} INFO - DAG(s) 'premier_dag_test' retrieved from /opt/airflow/dags/premier_dag.py
[2025-10-17T13:16:19.488+0000] {logging_mixin.py:190} INFO - [2025-10-17T13:16:19.488+0000] {dag.py:3239} INFO - Sync 1 DAGs
[2025-10-17T13:16:19.507+0000] {logging_mixin.py:190} INFO - [2025-10-17T13:16:19.507+0000] {dag.py:4180} INFO - Setting next_dagrun for premier_dag_test to 2025-06-02 00:00:00+00:00, run_after=2025-06-02 01:00:00+00:00
[2025-10-17T13:16:19.530+0000] {processor.py:208} INFO - Processing /opt/airflow/dags/premier_dag.py took 0.083 seconds
[2025-10-17T13:16:49.877+0000] {processor.py:186} INFO - Started process (PID=1225) to work on /opt/airflow/dags/premier_dag.py
[2025-10-17T13:16:49.877+0000] {processor.py:914} INFO - Processing file /opt/airflow/dags/premier_dag.py for tasks to queue
[2025-10-17T13:16:49.880+0000] {logging_mixin.py:190} INFO - [2025-10-17T13:16:49.879+0000] {dagbag.py:588} INFO - Filling up the DagBag from /opt/airflow/dags/premier_dag.py
[2025-10-17T13:16:49.894+0000] {processor.py:925} INFO - DAG(s) 'premier_dag_test' retrieved from /opt/airflow/dags/premier_dag.py
[2025-10-17T13:16:49.914+0000] {logging_mixin.py:190} INFO - [2025-10-17T13:16:49.914+0000] {dag.py:3239} INFO - Sync 1 DAGs
[2025-10-17T13:16:49.934+0000] {logging_mixin.py:190} INFO - [2025-10-17T13:16:49.934+0000] {dag.py:4180} INFO - Setting next_dagrun for premier_dag_test to 2025-06-02 00:00:00+00:00, run_after=2025-06-02 01:00:00+00:00
[2025-10-17T13:16:49.951+0000] {processor.py:208} INFO - Processing /opt/airflow/dags/premier_dag.py took 0.079 seconds
[2025-10-17T13:17:20.332+0000] {processor.py:186} INFO - Started process (PID=1242) to work on /opt/airflow/dags/premier_dag.py
[2025-10-17T13:17:20.333+0000] {processor.py:914} INFO - Processing file /opt/airflow/dags/premier_dag.py for tasks to queue
[2025-10-17T13:17:20.334+0000] {logging_mixin.py:190} INFO - [2025-10-17T13:17:20.334+0000] {dagbag.py:588} INFO - Filling up the DagBag from /opt/airflow/dags/premier_dag.py
[2025-10-17T13:17:20.348+0000] {processor.py:925} INFO - DAG(s) 'premier_dag_test' retrieved from /opt/airflow/dags/premier_dag.py
[2025-10-17T13:17:20.369+0000] {logging_mixin.py:190} INFO - [2025-10-17T13:17:20.369+0000] {dag.py:3239} INFO - Sync 1 DAGs
[2025-10-17T13:17:20.388+0000] {logging_mixin.py:190} INFO - [2025-10-17T13:17:20.387+0000] {dag.py:4180} INFO - Setting next_dagrun for premier_dag_test to 2025-06-02 00:00:00+00:00, run_after=2025-06-02 01:00:00+00:00
[2025-10-17T13:17:20.410+0000] {processor.py:208} INFO - Processing /opt/airflow/dags/premier_dag.py took 0.083 seconds
[2025-10-17T13:17:50.742+0000] {processor.py:186} INFO - Started process (PID=1259) to work on /opt/airflow/dags/premier_dag.py
[2025-10-17T13:17:50.743+0000] {processor.py:914} INFO - Processing file /opt/airflow/dags/premier_dag.py for tasks to queue
[2025-10-17T13:17:50.745+0000] {logging_mixin.py:190} INFO - [2025-10-17T13:17:50.744+0000] {dagbag.py:588} INFO - Filling up the DagBag from /opt/airflow/dags/premier_dag.py
[2025-10-17T13:17:50.761+0000] {processor.py:925} INFO - DAG(s) 'premier_dag_test' retrieved from /opt/airflow/dags/premier_dag.py
[2025-10-17T13:17:50.784+0000] {logging_mixin.py:190} INFO - [2025-10-17T13:17:50.783+0000] {dag.py:3239} INFO - Sync 1 DAGs
[2025-10-17T13:17:50.804+0000] {logging_mixin.py:190} INFO - [2025-10-17T13:17:50.804+0000] {dag.py:4180} INFO - Setting next_dagrun for premier_dag_test to 2025-06-02 00:00:00+00:00, run_after=2025-06-02 01:00:00+00:00
[2025-10-17T13:17:50.821+0000] {processor.py:208} INFO - Processing /opt/airflow/dags/premier_dag.py took 0.084 seconds
[2025-10-17T13:18:21.190+0000] {processor.py:186} INFO - Started process (PID=1276) to work on /opt/airflow/dags/premier_dag.py
[2025-10-17T13:18:21.190+0000] {processor.py:914} INFO - Processing file /opt/airflow/dags/premier_dag.py for tasks to queue
[2025-10-17T13:18:21.192+0000] {logging_mixin.py:190} INFO - [2025-10-17T13:18:21.192+0000] {dagbag.py:588} INFO - Filling up the DagBag from /opt/airflow/dags/premier_dag.py
[2025-10-17T13:18:21.206+0000] {processor.py:925} INFO - DAG(s) 'premier_dag_test' retrieved from /opt/airflow/dags/premier_dag.py
[2025-10-17T13:18:21.226+0000] {logging_mixin.py:190} INFO - [2025-10-17T13:18:21.226+0000] {dag.py:3239} INFO - Sync 1 DAGs
[2025-10-17T13:18:21.245+0000] {logging_mixin.py:190} INFO - [2025-10-17T13:18:21.245+0000] {dag.py:4180} INFO - Setting next_dagrun for premier_dag_test to 2025-06-02 00:00:00+00:00, run_after=2025-06-02 01:00:00+00:00
[2025-10-17T13:18:21.264+0000] {processor.py:208} INFO - Processing /opt/airflow/dags/premier_dag.py took 0.079 seconds
[2025-10-17T13:18:51.595+0000] {processor.py:186} INFO - Started process (PID=1293) to work on /opt/airflow/dags/premier_dag.py
[2025-10-17T13:18:51.595+0000] {processor.py:914} INFO - Processing file /opt/airflow/dags/premier_dag.py for tasks to queue
[2025-10-17T13:18:51.597+0000] {logging_mixin.py:190} INFO - [2025-10-17T13:18:51.597+0000] {dagbag.py:588} INFO - Filling up the DagBag from /opt/airflow/dags/premier_dag.py
[2025-10-17T13:18:51.612+0000] {processor.py:925} INFO - DAG(s) 'premier_dag_test' retrieved from /opt/airflow/dags/premier_dag.py
[2025-10-17T13:18:51.634+0000] {logging_mixin.py:190} INFO - [2025-10-17T13:18:51.634+0000] {dag.py:3239} INFO - Sync 1 DAGs
[2025-10-17T13:18:51.655+0000] {logging_mixin.py:190} INFO - [2025-10-17T13:18:51.655+0000] {dag.py:4180} INFO - Setting next_dagrun for premier_dag_test to 2025-06-02 00:00:00+00:00, run_after=2025-06-02 01:00:00+00:00
[2025-10-17T13:18:51.672+0000] {processor.py:208} INFO - Processing /opt/airflow/dags/premier_dag.py took 0.082 seconds
[2025-10-17T13:19:22.037+0000] {processor.py:186} INFO - Started process (PID=1310) to work on /opt/airflow/dags/premier_dag.py
[2025-10-17T13:19:22.038+0000] {processor.py:914} INFO - Processing file /opt/airflow/dags/premier_dag.py for tasks to queue
[2025-10-17T13:19:22.040+0000] {logging_mixin.py:190} INFO - [2025-10-17T13:19:22.040+0000] {dagbag.py:588} INFO - Filling up the DagBag from /opt/airflow/dags/premier_dag.py
[2025-10-17T13:19:22.054+0000] {processor.py:925} INFO - DAG(s) 'premier_dag_test' retrieved from /opt/airflow/dags/premier_dag.py
[2025-10-17T13:19:22.074+0000] {logging_mixin.py:190} INFO - [2025-10-17T13:19:22.074+0000] {dag.py:3239} INFO - Sync 1 DAGs
[2025-10-17T13:19:22.094+0000] {logging_mixin.py:190} INFO - [2025-10-17T13:19:22.094+0000] {dag.py:4180} INFO - Setting next_dagrun for premier_dag_test to 2025-06-02 00:00:00+00:00, run_after=2025-06-02 01:00:00+00:00
[2025-10-17T13:19:22.109+0000] {processor.py:208} INFO - Processing /opt/airflow/dags/premier_dag.py took 0.077 seconds
[2025-10-17T13:19:52.411+0000] {processor.py:186} INFO - Started process (PID=1327) to work on /opt/airflow/dags/premier_dag.py
[2025-10-17T13:19:52.413+0000] {processor.py:914} INFO - Processing file /opt/airflow/dags/premier_dag.py for tasks to queue
[2025-10-17T13:19:52.415+0000] {logging_mixin.py:190} INFO - [2025-10-17T13:19:52.414+0000] {dagbag.py:588} INFO - Filling up the DagBag from /opt/airflow/dags/premier_dag.py
[2025-10-17T13:19:52.430+0000] {processor.py:925} INFO - DAG(s) 'premier_dag_test' retrieved from /opt/airflow/dags/premier_dag.py
[2025-10-17T13:19:52.453+0000] {logging_mixin.py:190} INFO - [2025-10-17T13:19:52.453+0000] {dag.py:3239} INFO - Sync 1 DAGs
[2025-10-17T13:19:52.472+0000] {logging_mixin.py:190} INFO - [2025-10-17T13:19:52.471+0000] {dag.py:4180} INFO - Setting next_dagrun for premier_dag_test to 2025-06-02 00:00:00+00:00, run_after=2025-06-02 01:00:00+00:00
[2025-10-17T13:19:52.489+0000] {processor.py:208} INFO - Processing /opt/airflow/dags/premier_dag.py took 0.082 seconds
[2025-10-17T13:20:22.863+0000] {processor.py:186} INFO - Started process (PID=1345) to work on /opt/airflow/dags/premier_dag.py
[2025-10-17T13:20:22.864+0000] {processor.py:914} INFO - Processing file /opt/airflow/dags/premier_dag.py for tasks to queue
[2025-10-17T13:20:22.866+0000] {logging_mixin.py:190} INFO - [2025-10-17T13:20:22.866+0000] {dagbag.py:588} INFO - Filling up the DagBag from /opt/airflow/dags/premier_dag.py
[2025-10-17T13:20:22.880+0000] {processor.py:925} INFO - DAG(s) 'premier_dag_test' retrieved from /opt/airflow/dags/premier_dag.py
[2025-10-17T13:20:22.900+0000] {logging_mixin.py:190} INFO - [2025-10-17T13:20:22.900+0000] {dag.py:3239} INFO - Sync 1 DAGs
[2025-10-17T13:20:22.918+0000] {logging_mixin.py:190} INFO - [2025-10-17T13:20:22.918+0000] {dag.py:4180} INFO - Setting next_dagrun for premier_dag_test to 2025-06-02 00:00:00+00:00, run_after=2025-06-02 01:00:00+00:00
[2025-10-17T13:20:22.935+0000] {processor.py:208} INFO - Processing /opt/airflow/dags/premier_dag.py took 0.077 seconds
[2025-10-17T13:20:53.298+0000] {processor.py:186} INFO - Started process (PID=1362) to work on /opt/airflow/dags/premier_dag.py
[2025-10-17T13:20:53.299+0000] {processor.py:914} INFO - Processing file /opt/airflow/dags/premier_dag.py for tasks to queue
[2025-10-17T13:20:53.302+0000] {logging_mixin.py:190} INFO - [2025-10-17T13:20:53.301+0000] {dagbag.py:588} INFO - Filling up the DagBag from /opt/airflow/dags/premier_dag.py
[2025-10-17T13:20:53.317+0000] {processor.py:925} INFO - DAG(s) 'premier_dag_test' retrieved from /opt/airflow/dags/premier_dag.py
[2025-10-17T13:20:53.338+0000] {logging_mixin.py:190} INFO - [2025-10-17T13:20:53.338+0000] {dag.py:3239} INFO - Sync 1 DAGs
[2025-10-17T13:20:53.356+0000] {logging_mixin.py:190} INFO - [2025-10-17T13:20:53.356+0000] {dag.py:4180} INFO - Setting next_dagrun for premier_dag_test to 2025-06-02 00:00:00+00:00, run_after=2025-06-02 01:00:00+00:00
[2025-10-17T13:20:53.374+0000] {processor.py:208} INFO - Processing /opt/airflow/dags/premier_dag.py took 0.081 seconds
[2025-10-17T13:21:23.689+0000] {processor.py:186} INFO - Started process (PID=1379) to work on /opt/airflow/dags/premier_dag.py
[2025-10-17T13:21:23.690+0000] {processor.py:914} INFO - Processing file /opt/airflow/dags/premier_dag.py for tasks to queue
[2025-10-17T13:21:23.692+0000] {logging_mixin.py:190} INFO - [2025-10-17T13:21:23.692+0000] {dagbag.py:588} INFO - Filling up the DagBag from /opt/airflow/dags/premier_dag.py
[2025-10-17T13:21:23.706+0000] {processor.py:925} INFO - DAG(s) 'premier_dag_test' retrieved from /opt/airflow/dags/premier_dag.py
[2025-10-17T13:21:23.725+0000] {logging_mixin.py:190} INFO - [2025-10-17T13:21:23.725+0000] {dag.py:3239} INFO - Sync 1 DAGs
[2025-10-17T13:21:23.744+0000] {logging_mixin.py:190} INFO - [2025-10-17T13:21:23.744+0000] {dag.py:4180} INFO - Setting next_dagrun for premier_dag_test to 2025-06-02 00:00:00+00:00, run_after=2025-06-02 01:00:00+00:00
[2025-10-17T13:21:23.761+0000] {processor.py:208} INFO - Processing /opt/airflow/dags/premier_dag.py took 0.077 seconds
[2025-10-17T13:21:54.114+0000] {processor.py:186} INFO - Started process (PID=1396) to work on /opt/airflow/dags/premier_dag.py
[2025-10-17T13:21:54.115+0000] {processor.py:914} INFO - Processing file /opt/airflow/dags/premier_dag.py for tasks to queue
[2025-10-17T13:21:54.117+0000] {logging_mixin.py:190} INFO - [2025-10-17T13:21:54.117+0000] {dagbag.py:588} INFO - Filling up the DagBag from /opt/airflow/dags/premier_dag.py
[2025-10-17T13:21:54.131+0000] {processor.py:925} INFO - DAG(s) 'premier_dag_test' retrieved from /opt/airflow/dags/premier_dag.py
[2025-10-17T13:21:54.152+0000] {logging_mixin.py:190} INFO - [2025-10-17T13:21:54.152+0000] {dag.py:3239} INFO - Sync 1 DAGs
[2025-10-17T13:21:54.171+0000] {logging_mixin.py:190} INFO - [2025-10-17T13:21:54.171+0000] {dag.py:4180} INFO - Setting next_dagrun for premier_dag_test to 2025-06-02 00:00:00+00:00, run_after=2025-06-02 01:00:00+00:00
[2025-10-17T13:21:54.187+0000] {processor.py:208} INFO - Processing /opt/airflow/dags/premier_dag.py took 0.078 seconds
[2025-10-17T13:22:24.513+0000] {processor.py:186} INFO - Started process (PID=1413) to work on /opt/airflow/dags/premier_dag.py
[2025-10-17T13:22:24.514+0000] {processor.py:914} INFO - Processing file /opt/airflow/dags/premier_dag.py for tasks to queue
[2025-10-17T13:22:24.516+0000] {logging_mixin.py:190} INFO - [2025-10-17T13:22:24.516+0000] {dagbag.py:588} INFO - Filling up the DagBag from /opt/airflow/dags/premier_dag.py
[2025-10-17T13:22:24.531+0000] {processor.py:925} INFO - DAG(s) 'premier_dag_test' retrieved from /opt/airflow/dags/premier_dag.py
[2025-10-17T13:22:24.553+0000] {logging_mixin.py:190} INFO - [2025-10-17T13:22:24.553+0000] {dag.py:3239} INFO - Sync 1 DAGs
[2025-10-17T13:22:24.572+0000] {logging_mixin.py:190} INFO - [2025-10-17T13:22:24.571+0000] {dag.py:4180} INFO - Setting next_dagrun for premier_dag_test to 2025-06-02 00:00:00+00:00, run_after=2025-06-02 01:00:00+00:00
[2025-10-17T13:22:24.592+0000] {processor.py:208} INFO - Processing /opt/airflow/dags/premier_dag.py took 0.084 seconds
[2025-10-17T13:22:54.964+0000] {processor.py:186} INFO - Started process (PID=1430) to work on /opt/airflow/dags/premier_dag.py
[2025-10-17T13:22:54.964+0000] {processor.py:914} INFO - Processing file /opt/airflow/dags/premier_dag.py for tasks to queue
[2025-10-17T13:22:54.967+0000] {logging_mixin.py:190} INFO - [2025-10-17T13:22:54.967+0000] {dagbag.py:588} INFO - Filling up the DagBag from /opt/airflow/dags/premier_dag.py
[2025-10-17T13:22:54.981+0000] {processor.py:925} INFO - DAG(s) 'premier_dag_test' retrieved from /opt/airflow/dags/premier_dag.py
[2025-10-17T13:22:55.001+0000] {logging_mixin.py:190} INFO - [2025-10-17T13:22:55.001+0000] {dag.py:3239} INFO - Sync 1 DAGs
[2025-10-17T13:22:55.019+0000] {logging_mixin.py:190} INFO - [2025-10-17T13:22:55.019+0000] {dag.py:4180} INFO - Setting next_dagrun for premier_dag_test to 2025-06-02 00:00:00+00:00, run_after=2025-06-02 01:00:00+00:00
[2025-10-17T13:22:55.035+0000] {processor.py:208} INFO - Processing /opt/airflow/dags/premier_dag.py took 0.076 seconds
[2025-10-17T13:23:25.386+0000] {processor.py:186} INFO - Started process (PID=1447) to work on /opt/airflow/dags/premier_dag.py
[2025-10-17T13:23:25.387+0000] {processor.py:914} INFO - Processing file /opt/airflow/dags/premier_dag.py for tasks to queue
[2025-10-17T13:23:25.389+0000] {logging_mixin.py:190} INFO - [2025-10-17T13:23:25.389+0000] {dagbag.py:588} INFO - Filling up the DagBag from /opt/airflow/dags/premier_dag.py
[2025-10-17T13:23:25.402+0000] {processor.py:925} INFO - DAG(s) 'premier_dag_test' retrieved from /opt/airflow/dags/premier_dag.py
[2025-10-17T13:23:25.423+0000] {logging_mixin.py:190} INFO - [2025-10-17T13:23:25.422+0000] {dag.py:3239} INFO - Sync 1 DAGs
[2025-10-17T13:23:25.441+0000] {logging_mixin.py:190} INFO - [2025-10-17T13:23:25.441+0000] {dag.py:4180} INFO - Setting next_dagrun for premier_dag_test to 2025-06-02 00:00:00+00:00, run_after=2025-06-02 01:00:00+00:00
[2025-10-17T13:23:25.462+0000] {processor.py:208} INFO - Processing /opt/airflow/dags/premier_dag.py took 0.081 seconds
[2025-10-17T13:23:55.846+0000] {processor.py:186} INFO - Started process (PID=1464) to work on /opt/airflow/dags/premier_dag.py
[2025-10-17T13:23:55.847+0000] {processor.py:914} INFO - Processing file /opt/airflow/dags/premier_dag.py for tasks to queue
[2025-10-17T13:23:55.850+0000] {logging_mixin.py:190} INFO - [2025-10-17T13:23:55.849+0000] {dagbag.py:588} INFO - Filling up the DagBag from /opt/airflow/dags/premier_dag.py
[2025-10-17T13:23:55.864+0000] {processor.py:925} INFO - DAG(s) 'premier_dag_test' retrieved from /opt/airflow/dags/premier_dag.py
[2025-10-17T13:23:55.883+0000] {logging_mixin.py:190} INFO - [2025-10-17T13:23:55.883+0000] {dag.py:3239} INFO - Sync 1 DAGs
[2025-10-17T13:23:55.902+0000] {logging_mixin.py:190} INFO - [2025-10-17T13:23:55.902+0000] {dag.py:4180} INFO - Setting next_dagrun for premier_dag_test to 2025-06-02 00:00:00+00:00, run_after=2025-06-02 01:00:00+00:00
[2025-10-17T13:23:55.925+0000] {processor.py:208} INFO - Processing /opt/airflow/dags/premier_dag.py took 0.083 seconds
[2025-10-17T13:24:26.272+0000] {processor.py:186} INFO - Started process (PID=1481) to work on /opt/airflow/dags/premier_dag.py
[2025-10-17T13:24:26.272+0000] {processor.py:914} INFO - Processing file /opt/airflow/dags/premier_dag.py for tasks to queue
[2025-10-17T13:24:26.275+0000] {logging_mixin.py:190} INFO - [2025-10-17T13:24:26.274+0000] {dagbag.py:588} INFO - Filling up the DagBag from /opt/airflow/dags/premier_dag.py
[2025-10-17T13:24:26.288+0000] {processor.py:925} INFO - DAG(s) 'premier_dag_test' retrieved from /opt/airflow/dags/premier_dag.py
[2025-10-17T13:24:26.308+0000] {logging_mixin.py:190} INFO - [2025-10-17T13:24:26.307+0000] {dag.py:3239} INFO - Sync 1 DAGs
[2025-10-17T13:24:26.326+0000] {logging_mixin.py:190} INFO - [2025-10-17T13:24:26.326+0000] {dag.py:4180} INFO - Setting next_dagrun for premier_dag_test to 2025-06-02 00:00:00+00:00, run_after=2025-06-02 01:00:00+00:00
[2025-10-17T13:24:26.346+0000] {processor.py:208} INFO - Processing /opt/airflow/dags/premier_dag.py took 0.080 seconds
[2025-10-17T13:24:56.633+0000] {processor.py:186} INFO - Started process (PID=1499) to work on /opt/airflow/dags/premier_dag.py
[2025-10-17T13:24:56.634+0000] {processor.py:914} INFO - Processing file /opt/airflow/dags/premier_dag.py for tasks to queue
[2025-10-17T13:24:56.636+0000] {logging_mixin.py:190} INFO - [2025-10-17T13:24:56.636+0000] {dagbag.py:588} INFO - Filling up the DagBag from /opt/airflow/dags/premier_dag.py
[2025-10-17T13:24:56.650+0000] {processor.py:925} INFO - DAG(s) 'premier_dag_test' retrieved from /opt/airflow/dags/premier_dag.py
[2025-10-17T13:24:56.670+0000] {logging_mixin.py:190} INFO - [2025-10-17T13:24:56.670+0000] {dag.py:3239} INFO - Sync 1 DAGs
[2025-10-17T13:24:56.689+0000] {logging_mixin.py:190} INFO - [2025-10-17T13:24:56.688+0000] {dag.py:4180} INFO - Setting next_dagrun for premier_dag_test to 2025-06-02 00:00:00+00:00, run_after=2025-06-02 01:00:00+00:00
[2025-10-17T13:24:56.709+0000] {processor.py:208} INFO - Processing /opt/airflow/dags/premier_dag.py took 0.081 seconds
[2025-10-17T13:25:27.060+0000] {processor.py:186} INFO - Started process (PID=1516) to work on /opt/airflow/dags/premier_dag.py
[2025-10-17T13:25:27.061+0000] {processor.py:914} INFO - Processing file /opt/airflow/dags/premier_dag.py for tasks to queue
[2025-10-17T13:25:27.063+0000] {logging_mixin.py:190} INFO - [2025-10-17T13:25:27.063+0000] {dagbag.py:588} INFO - Filling up the DagBag from /opt/airflow/dags/premier_dag.py
[2025-10-17T13:25:27.077+0000] {processor.py:925} INFO - DAG(s) 'premier_dag_test' retrieved from /opt/airflow/dags/premier_dag.py
[2025-10-17T13:25:27.097+0000] {logging_mixin.py:190} INFO - [2025-10-17T13:25:27.097+0000] {dag.py:3239} INFO - Sync 1 DAGs
[2025-10-17T13:25:27.116+0000] {logging_mixin.py:190} INFO - [2025-10-17T13:25:27.116+0000] {dag.py:4180} INFO - Setting next_dagrun for premier_dag_test to 2025-06-02 00:00:00+00:00, run_after=2025-06-02 01:00:00+00:00
[2025-10-17T13:25:27.132+0000] {processor.py:208} INFO - Processing /opt/airflow/dags/premier_dag.py took 0.077 seconds
[2025-10-17T13:25:57.505+0000] {processor.py:186} INFO - Started process (PID=1533) to work on /opt/airflow/dags/premier_dag.py
[2025-10-17T13:25:57.506+0000] {processor.py:914} INFO - Processing file /opt/airflow/dags/premier_dag.py for tasks to queue
[2025-10-17T13:25:57.508+0000] {logging_mixin.py:190} INFO - [2025-10-17T13:25:57.508+0000] {dagbag.py:588} INFO - Filling up the DagBag from /opt/airflow/dags/premier_dag.py
[2025-10-17T13:25:57.525+0000] {processor.py:925} INFO - DAG(s) 'premier_dag_test' retrieved from /opt/airflow/dags/premier_dag.py
[2025-10-17T13:25:57.547+0000] {logging_mixin.py:190} INFO - [2025-10-17T13:25:57.547+0000] {dag.py:3239} INFO - Sync 1 DAGs
[2025-10-17T13:25:57.568+0000] {logging_mixin.py:190} INFO - [2025-10-17T13:25:57.568+0000] {dag.py:4180} INFO - Setting next_dagrun for premier_dag_test to 2025-06-02 00:00:00+00:00, run_after=2025-06-02 01:00:00+00:00
[2025-10-17T13:25:57.587+0000] {processor.py:208} INFO - Processing /opt/airflow/dags/premier_dag.py took 0.091 seconds
[2025-10-17T13:26:27.960+0000] {processor.py:186} INFO - Started process (PID=1550) to work on /opt/airflow/dags/premier_dag.py
[2025-10-17T13:26:27.960+0000] {processor.py:914} INFO - Processing file /opt/airflow/dags/premier_dag.py for tasks to queue
[2025-10-17T13:26:27.963+0000] {logging_mixin.py:190} INFO - [2025-10-17T13:26:27.962+0000] {dagbag.py:588} INFO - Filling up the DagBag from /opt/airflow/dags/premier_dag.py
[2025-10-17T13:26:27.978+0000] {processor.py:925} INFO - DAG(s) 'premier_dag_test' retrieved from /opt/airflow/dags/premier_dag.py
[2025-10-17T13:26:27.997+0000] {logging_mixin.py:190} INFO - [2025-10-17T13:26:27.997+0000] {dag.py:3239} INFO - Sync 1 DAGs
[2025-10-17T13:26:28.016+0000] {logging_mixin.py:190} INFO - [2025-10-17T13:26:28.016+0000] {dag.py:4180} INFO - Setting next_dagrun for premier_dag_test to 2025-06-02 00:00:00+00:00, run_after=2025-06-02 01:00:00+00:00
[2025-10-17T13:26:28.037+0000] {processor.py:208} INFO - Processing /opt/airflow/dags/premier_dag.py took 0.082 seconds
[2025-10-17T13:26:58.381+0000] {processor.py:186} INFO - Started process (PID=1567) to work on /opt/airflow/dags/premier_dag.py
[2025-10-17T13:26:58.382+0000] {processor.py:914} INFO - Processing file /opt/airflow/dags/premier_dag.py for tasks to queue
[2025-10-17T13:26:58.384+0000] {logging_mixin.py:190} INFO - [2025-10-17T13:26:58.384+0000] {dagbag.py:588} INFO - Filling up the DagBag from /opt/airflow/dags/premier_dag.py
[2025-10-17T13:26:58.399+0000] {processor.py:925} INFO - DAG(s) 'premier_dag_test' retrieved from /opt/airflow/dags/premier_dag.py
[2025-10-17T13:26:58.419+0000] {logging_mixin.py:190} INFO - [2025-10-17T13:26:58.419+0000] {dag.py:3239} INFO - Sync 1 DAGs
[2025-10-17T13:26:58.438+0000] {logging_mixin.py:190} INFO - [2025-10-17T13:26:58.438+0000] {dag.py:4180} INFO - Setting next_dagrun for premier_dag_test to 2025-06-02 00:00:00+00:00, run_after=2025-06-02 01:00:00+00:00
[2025-10-17T13:26:58.454+0000] {processor.py:208} INFO - Processing /opt/airflow/dags/premier_dag.py took 0.077 seconds
[2025-10-17T13:27:28.760+0000] {processor.py:186} INFO - Started process (PID=1584) to work on /opt/airflow/dags/premier_dag.py
[2025-10-17T13:27:28.760+0000] {processor.py:914} INFO - Processing file /opt/airflow/dags/premier_dag.py for tasks to queue
[2025-10-17T13:27:28.762+0000] {logging_mixin.py:190} INFO - [2025-10-17T13:27:28.762+0000] {dagbag.py:588} INFO - Filling up the DagBag from /opt/airflow/dags/premier_dag.py
[2025-10-17T13:27:28.777+0000] {processor.py:925} INFO - DAG(s) 'premier_dag_test' retrieved from /opt/airflow/dags/premier_dag.py
[2025-10-17T13:27:28.797+0000] {logging_mixin.py:190} INFO - [2025-10-17T13:27:28.797+0000] {dag.py:3239} INFO - Sync 1 DAGs
[2025-10-17T13:27:28.820+0000] {logging_mixin.py:190} INFO - [2025-10-17T13:27:28.820+0000] {dag.py:4180} INFO - Setting next_dagrun for premier_dag_test to 2025-06-02 00:00:00+00:00, run_after=2025-06-02 01:00:00+00:00
[2025-10-17T13:27:28.841+0000] {processor.py:208} INFO - Processing /opt/airflow/dags/premier_dag.py took 0.086 seconds
[2025-10-17T13:27:59.175+0000] {processor.py:186} INFO - Started process (PID=1607) to work on /opt/airflow/dags/premier_dag.py
[2025-10-17T13:27:59.175+0000] {processor.py:914} INFO - Processing file /opt/airflow/dags/premier_dag.py for tasks to queue
[2025-10-17T13:27:59.177+0000] {logging_mixin.py:190} INFO - [2025-10-17T13:27:59.177+0000] {dagbag.py:588} INFO - Filling up the DagBag from /opt/airflow/dags/premier_dag.py
[2025-10-17T13:27:59.191+0000] {processor.py:925} INFO - DAG(s) 'premier_dag_test' retrieved from /opt/airflow/dags/premier_dag.py
[2025-10-17T13:27:59.210+0000] {logging_mixin.py:190} INFO - [2025-10-17T13:27:59.210+0000] {dag.py:3239} INFO - Sync 1 DAGs
[2025-10-17T13:27:59.229+0000] {logging_mixin.py:190} INFO - [2025-10-17T13:27:59.229+0000] {dag.py:4180} INFO - Setting next_dagrun for premier_dag_test to 2025-06-02 00:00:00+00:00, run_after=2025-06-02 01:00:00+00:00
[2025-10-17T13:27:59.246+0000] {processor.py:208} INFO - Processing /opt/airflow/dags/premier_dag.py took 0.076 seconds
[2025-10-17T13:28:29.592+0000] {processor.py:186} INFO - Started process (PID=1625) to work on /opt/airflow/dags/premier_dag.py
[2025-10-17T13:28:29.593+0000] {processor.py:914} INFO - Processing file /opt/airflow/dags/premier_dag.py for tasks to queue
[2025-10-17T13:28:29.595+0000] {logging_mixin.py:190} INFO - [2025-10-17T13:28:29.595+0000] {dagbag.py:588} INFO - Filling up the DagBag from /opt/airflow/dags/premier_dag.py
[2025-10-17T13:28:29.615+0000] {processor.py:925} INFO - DAG(s) 'premier_dag_test' retrieved from /opt/airflow/dags/premier_dag.py
[2025-10-17T13:28:29.636+0000] {logging_mixin.py:190} INFO - [2025-10-17T13:28:29.636+0000] {dag.py:3239} INFO - Sync 1 DAGs
[2025-10-17T13:28:29.655+0000] {logging_mixin.py:190} INFO - [2025-10-17T13:28:29.655+0000] {dag.py:4180} INFO - Setting next_dagrun for premier_dag_test to 2025-06-02 00:00:00+00:00, run_after=2025-06-02 01:00:00+00:00
[2025-10-17T13:28:29.670+0000] {processor.py:208} INFO - Processing /opt/airflow/dags/premier_dag.py took 0.083 seconds
[2025-10-17T13:29:00.051+0000] {processor.py:186} INFO - Started process (PID=1642) to work on /opt/airflow/dags/premier_dag.py
[2025-10-17T13:29:00.052+0000] {processor.py:914} INFO - Processing file /opt/airflow/dags/premier_dag.py for tasks to queue
[2025-10-17T13:29:00.054+0000] {logging_mixin.py:190} INFO - [2025-10-17T13:29:00.054+0000] {dagbag.py:588} INFO - Filling up the DagBag from /opt/airflow/dags/premier_dag.py
[2025-10-17T13:29:00.068+0000] {processor.py:925} INFO - DAG(s) 'premier_dag_test' retrieved from /opt/airflow/dags/premier_dag.py
[2025-10-17T13:29:00.089+0000] {logging_mixin.py:190} INFO - [2025-10-17T13:29:00.088+0000] {dag.py:3239} INFO - Sync 1 DAGs
[2025-10-17T13:29:00.107+0000] {logging_mixin.py:190} INFO - [2025-10-17T13:29:00.106+0000] {dag.py:4180} INFO - Setting next_dagrun for premier_dag_test to 2025-06-02 00:00:00+00:00, run_after=2025-06-02 01:00:00+00:00
[2025-10-17T13:29:00.124+0000] {processor.py:208} INFO - Processing /opt/airflow/dags/premier_dag.py took 0.078 seconds
[2025-10-17T13:29:30.426+0000] {processor.py:186} INFO - Started process (PID=1659) to work on /opt/airflow/dags/premier_dag.py
[2025-10-17T13:29:30.427+0000] {processor.py:914} INFO - Processing file /opt/airflow/dags/premier_dag.py for tasks to queue
[2025-10-17T13:29:30.429+0000] {logging_mixin.py:190} INFO - [2025-10-17T13:29:30.429+0000] {dagbag.py:588} INFO - Filling up the DagBag from /opt/airflow/dags/premier_dag.py
[2025-10-17T13:29:30.446+0000] {processor.py:925} INFO - DAG(s) 'premier_dag_test' retrieved from /opt/airflow/dags/premier_dag.py
[2025-10-17T13:29:30.467+0000] {logging_mixin.py:190} INFO - [2025-10-17T13:29:30.467+0000] {dag.py:3239} INFO - Sync 1 DAGs
[2025-10-17T13:29:30.486+0000] {logging_mixin.py:190} INFO - [2025-10-17T13:29:30.486+0000] {dag.py:4180} INFO - Setting next_dagrun for premier_dag_test to 2025-06-02 00:00:00+00:00, run_after=2025-06-02 01:00:00+00:00
[2025-10-17T13:29:30.502+0000] {processor.py:208} INFO - Processing /opt/airflow/dags/premier_dag.py took 0.081 seconds
[2025-10-17T13:30:00.812+0000] {processor.py:186} INFO - Started process (PID=1677) to work on /opt/airflow/dags/premier_dag.py
[2025-10-17T13:30:00.813+0000] {processor.py:914} INFO - Processing file /opt/airflow/dags/premier_dag.py for tasks to queue
[2025-10-17T13:30:00.815+0000] {logging_mixin.py:190} INFO - [2025-10-17T13:30:00.815+0000] {dagbag.py:588} INFO - Filling up the DagBag from /opt/airflow/dags/premier_dag.py
[2025-10-17T13:30:00.828+0000] {processor.py:925} INFO - DAG(s) 'premier_dag_test' retrieved from /opt/airflow/dags/premier_dag.py
[2025-10-17T13:30:00.850+0000] {logging_mixin.py:190} INFO - [2025-10-17T13:30:00.849+0000] {dag.py:3239} INFO - Sync 1 DAGs
[2025-10-17T13:30:00.868+0000] {logging_mixin.py:190} INFO - [2025-10-17T13:30:00.868+0000] {dag.py:4180} INFO - Setting next_dagrun for premier_dag_test to 2025-06-02 00:00:00+00:00, run_after=2025-06-02 01:00:00+00:00
[2025-10-17T13:30:00.888+0000] {processor.py:208} INFO - Processing /opt/airflow/dags/premier_dag.py took 0.081 seconds
[2025-10-17T13:30:31.210+0000] {processor.py:186} INFO - Started process (PID=1694) to work on /opt/airflow/dags/premier_dag.py
[2025-10-17T13:30:31.211+0000] {processor.py:914} INFO - Processing file /opt/airflow/dags/premier_dag.py for tasks to queue
[2025-10-17T13:30:31.212+0000] {logging_mixin.py:190} INFO - [2025-10-17T13:30:31.212+0000] {dagbag.py:588} INFO - Filling up the DagBag from /opt/airflow/dags/premier_dag.py
[2025-10-17T13:30:31.226+0000] {processor.py:925} INFO - DAG(s) 'premier_dag_test' retrieved from /opt/airflow/dags/premier_dag.py
[2025-10-17T13:30:31.246+0000] {logging_mixin.py:190} INFO - [2025-10-17T13:30:31.245+0000] {dag.py:3239} INFO - Sync 1 DAGs
[2025-10-17T13:30:31.265+0000] {logging_mixin.py:190} INFO - [2025-10-17T13:30:31.265+0000] {dag.py:4180} INFO - Setting next_dagrun for premier_dag_test to 2025-06-02 00:00:00+00:00, run_after=2025-06-02 01:00:00+00:00
[2025-10-17T13:30:31.282+0000] {processor.py:208} INFO - Processing /opt/airflow/dags/premier_dag.py took 0.077 seconds
[2025-10-17T13:31:01.604+0000] {processor.py:186} INFO - Started process (PID=1711) to work on /opt/airflow/dags/premier_dag.py
[2025-10-17T13:31:01.605+0000] {processor.py:914} INFO - Processing file /opt/airflow/dags/premier_dag.py for tasks to queue
[2025-10-17T13:31:01.607+0000] {logging_mixin.py:190} INFO - [2025-10-17T13:31:01.607+0000] {dagbag.py:588} INFO - Filling up the DagBag from /opt/airflow/dags/premier_dag.py
[2025-10-17T13:31:01.621+0000] {processor.py:925} INFO - DAG(s) 'premier_dag_test' retrieved from /opt/airflow/dags/premier_dag.py
[2025-10-17T13:31:01.642+0000] {logging_mixin.py:190} INFO - [2025-10-17T13:31:01.642+0000] {dag.py:3239} INFO - Sync 1 DAGs
[2025-10-17T13:31:01.660+0000] {logging_mixin.py:190} INFO - [2025-10-17T13:31:01.660+0000] {dag.py:4180} INFO - Setting next_dagrun for premier_dag_test to 2025-06-02 00:00:00+00:00, run_after=2025-06-02 01:00:00+00:00
[2025-10-17T13:31:01.678+0000] {processor.py:208} INFO - Processing /opt/airflow/dags/premier_dag.py took 0.078 seconds
[2025-10-17T13:31:32.007+0000] {processor.py:186} INFO - Started process (PID=1728) to work on /opt/airflow/dags/premier_dag.py
[2025-10-17T13:31:32.008+0000] {processor.py:914} INFO - Processing file /opt/airflow/dags/premier_dag.py for tasks to queue
[2025-10-17T13:31:32.010+0000] {logging_mixin.py:190} INFO - [2025-10-17T13:31:32.010+0000] {dagbag.py:588} INFO - Filling up the DagBag from /opt/airflow/dags/premier_dag.py
[2025-10-17T13:31:32.023+0000] {processor.py:925} INFO - DAG(s) 'premier_dag_test' retrieved from /opt/airflow/dags/premier_dag.py
[2025-10-17T13:31:32.043+0000] {logging_mixin.py:190} INFO - [2025-10-17T13:31:32.043+0000] {dag.py:3239} INFO - Sync 1 DAGs
[2025-10-17T13:31:32.062+0000] {logging_mixin.py:190} INFO - [2025-10-17T13:31:32.061+0000] {dag.py:4180} INFO - Setting next_dagrun for premier_dag_test to 2025-06-02 00:00:00+00:00, run_after=2025-06-02 01:00:00+00:00
[2025-10-17T13:31:32.084+0000] {processor.py:208} INFO - Processing /opt/airflow/dags/premier_dag.py took 0.082 seconds
[2025-10-17T13:32:02.483+0000] {processor.py:186} INFO - Started process (PID=1745) to work on /opt/airflow/dags/premier_dag.py
[2025-10-17T13:32:02.484+0000] {processor.py:914} INFO - Processing file /opt/airflow/dags/premier_dag.py for tasks to queue
[2025-10-17T13:32:02.486+0000] {logging_mixin.py:190} INFO - [2025-10-17T13:32:02.486+0000] {dagbag.py:588} INFO - Filling up the DagBag from /opt/airflow/dags/premier_dag.py
[2025-10-17T13:32:02.502+0000] {processor.py:925} INFO - DAG(s) 'premier_dag_test' retrieved from /opt/airflow/dags/premier_dag.py
[2025-10-17T13:32:02.524+0000] {logging_mixin.py:190} INFO - [2025-10-17T13:32:02.524+0000] {dag.py:3239} INFO - Sync 1 DAGs
[2025-10-17T13:32:02.544+0000] {logging_mixin.py:190} INFO - [2025-10-17T13:32:02.544+0000] {dag.py:4180} INFO - Setting next_dagrun for premier_dag_test to 2025-06-02 00:00:00+00:00, run_after=2025-06-02 01:00:00+00:00
[2025-10-17T13:32:02.564+0000] {processor.py:208} INFO - Processing /opt/airflow/dags/premier_dag.py took 0.086 seconds
[2025-10-17T13:32:32.818+0000] {processor.py:186} INFO - Started process (PID=1759) to work on /opt/airflow/dags/premier_dag.py
[2025-10-17T13:32:32.819+0000] {processor.py:914} INFO - Processing file /opt/airflow/dags/premier_dag.py for tasks to queue
[2025-10-17T13:32:32.821+0000] {logging_mixin.py:190} INFO - [2025-10-17T13:32:32.821+0000] {dagbag.py:588} INFO - Filling up the DagBag from /opt/airflow/dags/premier_dag.py
[2025-10-17T13:32:32.835+0000] {processor.py:925} INFO - DAG(s) 'premier_dag_test' retrieved from /opt/airflow/dags/premier_dag.py
[2025-10-17T13:32:32.857+0000] {logging_mixin.py:190} INFO - [2025-10-17T13:32:32.857+0000] {dag.py:3239} INFO - Sync 1 DAGs
[2025-10-17T13:32:32.876+0000] {logging_mixin.py:190} INFO - [2025-10-17T13:32:32.875+0000] {dag.py:4180} INFO - Setting next_dagrun for premier_dag_test to 2025-06-02 00:00:00+00:00, run_after=2025-06-02 01:00:00+00:00
[2025-10-17T13:32:32.896+0000] {processor.py:208} INFO - Processing /opt/airflow/dags/premier_dag.py took 0.083 seconds
[2025-10-17T13:33:03.226+0000] {processor.py:186} INFO - Started process (PID=1773) to work on /opt/airflow/dags/premier_dag.py
[2025-10-17T13:33:03.227+0000] {processor.py:914} INFO - Processing file /opt/airflow/dags/premier_dag.py for tasks to queue
[2025-10-17T13:33:03.229+0000] {logging_mixin.py:190} INFO - [2025-10-17T13:33:03.229+0000] {dagbag.py:588} INFO - Filling up the DagBag from /opt/airflow/dags/premier_dag.py
[2025-10-17T13:33:03.243+0000] {processor.py:925} INFO - DAG(s) 'premier_dag_test' retrieved from /opt/airflow/dags/premier_dag.py
[2025-10-17T13:33:03.265+0000] {logging_mixin.py:190} INFO - [2025-10-17T13:33:03.264+0000] {dag.py:3239} INFO - Sync 1 DAGs
[2025-10-17T13:33:03.284+0000] {logging_mixin.py:190} INFO - [2025-10-17T13:33:03.284+0000] {dag.py:4180} INFO - Setting next_dagrun for premier_dag_test to 2025-06-02 00:00:00+00:00, run_after=2025-06-02 01:00:00+00:00
[2025-10-17T13:33:03.303+0000] {processor.py:208} INFO - Processing /opt/airflow/dags/premier_dag.py took 0.082 seconds
[2025-10-17T13:33:33.641+0000] {processor.py:186} INFO - Started process (PID=1790) to work on /opt/airflow/dags/premier_dag.py
[2025-10-17T13:33:33.641+0000] {processor.py:914} INFO - Processing file /opt/airflow/dags/premier_dag.py for tasks to queue
[2025-10-17T13:33:33.643+0000] {logging_mixin.py:190} INFO - [2025-10-17T13:33:33.643+0000] {dagbag.py:588} INFO - Filling up the DagBag from /opt/airflow/dags/premier_dag.py
[2025-10-17T13:33:33.657+0000] {processor.py:925} INFO - DAG(s) 'premier_dag_test' retrieved from /opt/airflow/dags/premier_dag.py
[2025-10-17T13:33:33.677+0000] {logging_mixin.py:190} INFO - [2025-10-17T13:33:33.677+0000] {dag.py:3239} INFO - Sync 1 DAGs
[2025-10-17T13:33:33.696+0000] {logging_mixin.py:190} INFO - [2025-10-17T13:33:33.696+0000] {dag.py:4180} INFO - Setting next_dagrun for premier_dag_test to 2025-06-02 00:00:00+00:00, run_after=2025-06-02 01:00:00+00:00
[2025-10-17T13:33:33.713+0000] {processor.py:208} INFO - Processing /opt/airflow/dags/premier_dag.py took 0.077 seconds
[2025-10-17T13:34:04.036+0000] {processor.py:186} INFO - Started process (PID=1808) to work on /opt/airflow/dags/premier_dag.py
[2025-10-17T13:34:04.036+0000] {processor.py:914} INFO - Processing file /opt/airflow/dags/premier_dag.py for tasks to queue
[2025-10-17T13:34:04.038+0000] {logging_mixin.py:190} INFO - [2025-10-17T13:34:04.038+0000] {dagbag.py:588} INFO - Filling up the DagBag from /opt/airflow/dags/premier_dag.py
[2025-10-17T13:34:04.052+0000] {processor.py:925} INFO - DAG(s) 'premier_dag_test' retrieved from /opt/airflow/dags/premier_dag.py
[2025-10-17T13:34:04.073+0000] {logging_mixin.py:190} INFO - [2025-10-17T13:34:04.073+0000] {dag.py:3239} INFO - Sync 1 DAGs
[2025-10-17T13:34:04.092+0000] {logging_mixin.py:190} INFO - [2025-10-17T13:34:04.092+0000] {dag.py:4180} INFO - Setting next_dagrun for premier_dag_test to 2025-06-02 00:00:00+00:00, run_after=2025-06-02 01:00:00+00:00
[2025-10-17T13:34:04.113+0000] {processor.py:208} INFO - Processing /opt/airflow/dags/premier_dag.py took 0.083 seconds
[2025-10-17T13:34:34.443+0000] {processor.py:186} INFO - Started process (PID=1825) to work on /opt/airflow/dags/premier_dag.py
[2025-10-17T13:34:34.444+0000] {processor.py:914} INFO - Processing file /opt/airflow/dags/premier_dag.py for tasks to queue
[2025-10-17T13:34:34.446+0000] {logging_mixin.py:190} INFO - [2025-10-17T13:34:34.446+0000] {dagbag.py:588} INFO - Filling up the DagBag from /opt/airflow/dags/premier_dag.py
[2025-10-17T13:34:34.460+0000] {processor.py:925} INFO - DAG(s) 'premier_dag_test' retrieved from /opt/airflow/dags/premier_dag.py
[2025-10-17T13:34:34.481+0000] {logging_mixin.py:190} INFO - [2025-10-17T13:34:34.481+0000] {dag.py:3239} INFO - Sync 1 DAGs
[2025-10-17T13:34:34.499+0000] {logging_mixin.py:190} INFO - [2025-10-17T13:34:34.499+0000] {dag.py:4180} INFO - Setting next_dagrun for premier_dag_test to 2025-06-02 00:00:00+00:00, run_after=2025-06-02 01:00:00+00:00
[2025-10-17T13:34:34.516+0000] {processor.py:208} INFO - Processing /opt/airflow/dags/premier_dag.py took 0.078 seconds
[2025-10-17T13:35:04.850+0000] {processor.py:186} INFO - Started process (PID=1842) to work on /opt/airflow/dags/premier_dag.py
[2025-10-17T13:35:04.851+0000] {processor.py:914} INFO - Processing file /opt/airflow/dags/premier_dag.py for tasks to queue
[2025-10-17T13:35:04.854+0000] {logging_mixin.py:190} INFO - [2025-10-17T13:35:04.853+0000] {dagbag.py:588} INFO - Filling up the DagBag from /opt/airflow/dags/premier_dag.py
[2025-10-17T13:35:04.867+0000] {processor.py:925} INFO - DAG(s) 'premier_dag_test' retrieved from /opt/airflow/dags/premier_dag.py
[2025-10-17T13:35:04.887+0000] {logging_mixin.py:190} INFO - [2025-10-17T13:35:04.887+0000] {dag.py:3239} INFO - Sync 1 DAGs
[2025-10-17T13:35:04.905+0000] {logging_mixin.py:190} INFO - [2025-10-17T13:35:04.905+0000] {dag.py:4180} INFO - Setting next_dagrun for premier_dag_test to 2025-06-02 00:00:00+00:00, run_after=2025-06-02 01:00:00+00:00
[2025-10-17T13:35:04.927+0000] {processor.py:208} INFO - Processing /opt/airflow/dags/premier_dag.py took 0.082 seconds
[2025-10-17T13:35:35.255+0000] {processor.py:186} INFO - Started process (PID=1859) to work on /opt/airflow/dags/premier_dag.py
[2025-10-17T13:35:35.255+0000] {processor.py:914} INFO - Processing file /opt/airflow/dags/premier_dag.py for tasks to queue
[2025-10-17T13:35:35.258+0000] {logging_mixin.py:190} INFO - [2025-10-17T13:35:35.258+0000] {dagbag.py:588} INFO - Filling up the DagBag from /opt/airflow/dags/premier_dag.py
[2025-10-17T13:35:35.273+0000] {processor.py:925} INFO - DAG(s) 'premier_dag_test' retrieved from /opt/airflow/dags/premier_dag.py
[2025-10-17T13:35:35.293+0000] {logging_mixin.py:190} INFO - [2025-10-17T13:35:35.293+0000] {dag.py:3239} INFO - Sync 1 DAGs
[2025-10-17T13:35:35.312+0000] {logging_mixin.py:190} INFO - [2025-10-17T13:35:35.312+0000] {dag.py:4180} INFO - Setting next_dagrun for premier_dag_test to 2025-06-02 00:00:00+00:00, run_after=2025-06-02 01:00:00+00:00
[2025-10-17T13:35:35.328+0000] {processor.py:208} INFO - Processing /opt/airflow/dags/premier_dag.py took 0.078 seconds
[2025-10-17T13:36:05.679+0000] {processor.py:186} INFO - Started process (PID=1876) to work on /opt/airflow/dags/premier_dag.py
[2025-10-17T13:36:05.680+0000] {processor.py:914} INFO - Processing file /opt/airflow/dags/premier_dag.py for tasks to queue
[2025-10-17T13:36:05.682+0000] {logging_mixin.py:190} INFO - [2025-10-17T13:36:05.682+0000] {dagbag.py:588} INFO - Filling up the DagBag from /opt/airflow/dags/premier_dag.py
[2025-10-17T13:36:05.695+0000] {processor.py:925} INFO - DAG(s) 'premier_dag_test' retrieved from /opt/airflow/dags/premier_dag.py
[2025-10-17T13:36:05.716+0000] {logging_mixin.py:190} INFO - [2025-10-17T13:36:05.715+0000] {dag.py:3239} INFO - Sync 1 DAGs
[2025-10-17T13:36:05.734+0000] {logging_mixin.py:190} INFO - [2025-10-17T13:36:05.734+0000] {dag.py:4180} INFO - Setting next_dagrun for premier_dag_test to 2025-06-02 00:00:00+00:00, run_after=2025-06-02 01:00:00+00:00
[2025-10-17T13:36:05.754+0000] {processor.py:208} INFO - Processing /opt/airflow/dags/premier_dag.py took 0.080 seconds
[2025-10-17T13:36:36.096+0000] {processor.py:186} INFO - Started process (PID=1894) to work on /opt/airflow/dags/premier_dag.py
[2025-10-17T13:36:36.097+0000] {processor.py:914} INFO - Processing file /opt/airflow/dags/premier_dag.py for tasks to queue
[2025-10-17T13:36:36.100+0000] {logging_mixin.py:190} INFO - [2025-10-17T13:36:36.100+0000] {dagbag.py:588} INFO - Filling up the DagBag from /opt/airflow/dags/premier_dag.py
[2025-10-17T13:36:36.116+0000] {processor.py:925} INFO - DAG(s) 'premier_dag_test' retrieved from /opt/airflow/dags/premier_dag.py
[2025-10-17T13:36:36.140+0000] {logging_mixin.py:190} INFO - [2025-10-17T13:36:36.140+0000] {dag.py:3239} INFO - Sync 1 DAGs
[2025-10-17T13:36:36.160+0000] {logging_mixin.py:190} INFO - [2025-10-17T13:36:36.160+0000] {dag.py:4180} INFO - Setting next_dagrun for premier_dag_test to 2025-06-02 00:00:00+00:00, run_after=2025-06-02 01:00:00+00:00
[2025-10-17T13:36:36.184+0000] {processor.py:208} INFO - Processing /opt/airflow/dags/premier_dag.py took 0.093 seconds
[2025-10-17T13:37:06.480+0000] {processor.py:186} INFO - Started process (PID=1911) to work on /opt/airflow/dags/premier_dag.py
[2025-10-17T13:37:06.481+0000] {processor.py:914} INFO - Processing file /opt/airflow/dags/premier_dag.py for tasks to queue
[2025-10-17T13:37:06.483+0000] {logging_mixin.py:190} INFO - [2025-10-17T13:37:06.483+0000] {dagbag.py:588} INFO - Filling up the DagBag from /opt/airflow/dags/premier_dag.py
[2025-10-17T13:37:06.499+0000] {processor.py:925} INFO - DAG(s) 'premier_dag_test' retrieved from /opt/airflow/dags/premier_dag.py
[2025-10-17T13:37:06.520+0000] {logging_mixin.py:190} INFO - [2025-10-17T13:37:06.520+0000] {dag.py:3239} INFO - Sync 1 DAGs
[2025-10-17T13:37:06.540+0000] {logging_mixin.py:190} INFO - [2025-10-17T13:37:06.539+0000] {dag.py:4180} INFO - Setting next_dagrun for premier_dag_test to 2025-06-02 00:00:00+00:00, run_after=2025-06-02 01:00:00+00:00
[2025-10-17T13:37:06.557+0000] {processor.py:208} INFO - Processing /opt/airflow/dags/premier_dag.py took 0.082 seconds
[2025-10-17T13:37:36.905+0000] {processor.py:186} INFO - Started process (PID=1928) to work on /opt/airflow/dags/premier_dag.py
[2025-10-17T13:37:36.906+0000] {processor.py:914} INFO - Processing file /opt/airflow/dags/premier_dag.py for tasks to queue
[2025-10-17T13:37:36.909+0000] {logging_mixin.py:190} INFO - [2025-10-17T13:37:36.908+0000] {dagbag.py:588} INFO - Filling up the DagBag from /opt/airflow/dags/premier_dag.py
[2025-10-17T13:37:36.923+0000] {processor.py:925} INFO - DAG(s) 'premier_dag_test' retrieved from /opt/airflow/dags/premier_dag.py
[2025-10-17T13:37:36.944+0000] {logging_mixin.py:190} INFO - [2025-10-17T13:37:36.944+0000] {dag.py:3239} INFO - Sync 1 DAGs
[2025-10-17T13:37:36.962+0000] {logging_mixin.py:190} INFO - [2025-10-17T13:37:36.962+0000] {dag.py:4180} INFO - Setting next_dagrun for premier_dag_test to 2025-06-02 00:00:00+00:00, run_after=2025-06-02 01:00:00+00:00
[2025-10-17T13:37:36.983+0000] {processor.py:208} INFO - Processing /opt/airflow/dags/premier_dag.py took 0.082 seconds
[2025-10-17T13:38:07.321+0000] {processor.py:186} INFO - Started process (PID=1946) to work on /opt/airflow/dags/premier_dag.py
[2025-10-17T13:38:07.322+0000] {processor.py:914} INFO - Processing file /opt/airflow/dags/premier_dag.py for tasks to queue
[2025-10-17T13:38:07.325+0000] {logging_mixin.py:190} INFO - [2025-10-17T13:38:07.324+0000] {dagbag.py:588} INFO - Filling up the DagBag from /opt/airflow/dags/premier_dag.py
[2025-10-17T13:38:07.339+0000] {processor.py:925} INFO - DAG(s) 'premier_dag_test' retrieved from /opt/airflow/dags/premier_dag.py
[2025-10-17T13:38:07.360+0000] {logging_mixin.py:190} INFO - [2025-10-17T13:38:07.360+0000] {dag.py:3239} INFO - Sync 1 DAGs
[2025-10-17T13:38:07.378+0000] {logging_mixin.py:190} INFO - [2025-10-17T13:38:07.378+0000] {dag.py:4180} INFO - Setting next_dagrun for premier_dag_test to 2025-06-02 00:00:00+00:00, run_after=2025-06-02 01:00:00+00:00
[2025-10-17T13:38:07.396+0000] {processor.py:208} INFO - Processing /opt/airflow/dags/premier_dag.py took 0.080 seconds
[2025-10-17T13:38:37.734+0000] {processor.py:186} INFO - Started process (PID=1964) to work on /opt/airflow/dags/premier_dag.py
[2025-10-17T13:38:37.735+0000] {processor.py:914} INFO - Processing file /opt/airflow/dags/premier_dag.py for tasks to queue
[2025-10-17T13:38:37.737+0000] {logging_mixin.py:190} INFO - [2025-10-17T13:38:37.737+0000] {dagbag.py:588} INFO - Filling up the DagBag from /opt/airflow/dags/premier_dag.py
[2025-10-17T13:38:37.754+0000] {processor.py:925} INFO - DAG(s) 'premier_dag_test' retrieved from /opt/airflow/dags/premier_dag.py
[2025-10-17T13:38:37.783+0000] {logging_mixin.py:190} INFO - [2025-10-17T13:38:37.782+0000] {dag.py:3239} INFO - Sync 1 DAGs
[2025-10-17T13:38:37.801+0000] {logging_mixin.py:190} INFO - [2025-10-17T13:38:37.801+0000] {dag.py:4180} INFO - Setting next_dagrun for premier_dag_test to 2025-06-02 00:00:00+00:00, run_after=2025-06-02 01:00:00+00:00
[2025-10-17T13:38:37.821+0000] {processor.py:208} INFO - Processing /opt/airflow/dags/premier_dag.py took 0.092 seconds
[2025-10-17T13:39:08.156+0000] {processor.py:186} INFO - Started process (PID=1981) to work on /opt/airflow/dags/premier_dag.py
[2025-10-17T13:39:08.157+0000] {processor.py:914} INFO - Processing file /opt/airflow/dags/premier_dag.py for tasks to queue
[2025-10-17T13:39:08.159+0000] {logging_mixin.py:190} INFO - [2025-10-17T13:39:08.159+0000] {dagbag.py:588} INFO - Filling up the DagBag from /opt/airflow/dags/premier_dag.py
[2025-10-17T13:39:08.175+0000] {processor.py:925} INFO - DAG(s) 'premier_dag_test' retrieved from /opt/airflow/dags/premier_dag.py
[2025-10-17T13:39:08.211+0000] {logging_mixin.py:190} INFO - [2025-10-17T13:39:08.211+0000] {dag.py:3239} INFO - Sync 1 DAGs
[2025-10-17T13:39:08.235+0000] {logging_mixin.py:190} INFO - [2025-10-17T13:39:08.235+0000] {dag.py:4180} INFO - Setting next_dagrun for premier_dag_test to 2025-06-02 00:00:00+00:00, run_after=2025-06-02 01:00:00+00:00
[2025-10-17T13:39:08.253+0000] {processor.py:208} INFO - Processing /opt/airflow/dags/premier_dag.py took 0.101 seconds
[2025-10-17T13:39:38.569+0000] {processor.py:186} INFO - Started process (PID=1998) to work on /opt/airflow/dags/premier_dag.py
[2025-10-17T13:39:38.570+0000] {processor.py:914} INFO - Processing file /opt/airflow/dags/premier_dag.py for tasks to queue
[2025-10-17T13:39:38.572+0000] {logging_mixin.py:190} INFO - [2025-10-17T13:39:38.572+0000] {dagbag.py:588} INFO - Filling up the DagBag from /opt/airflow/dags/premier_dag.py
[2025-10-17T13:39:38.587+0000] {processor.py:925} INFO - DAG(s) 'premier_dag_test' retrieved from /opt/airflow/dags/premier_dag.py
[2025-10-17T13:39:38.616+0000] {logging_mixin.py:190} INFO - [2025-10-17T13:39:38.616+0000] {dag.py:3239} INFO - Sync 1 DAGs
[2025-10-17T13:39:38.637+0000] {logging_mixin.py:190} INFO - [2025-10-17T13:39:38.637+0000] {dag.py:4180} INFO - Setting next_dagrun for premier_dag_test to 2025-06-02 00:00:00+00:00, run_after=2025-06-02 01:00:00+00:00
[2025-10-17T13:39:38.655+0000] {processor.py:208} INFO - Processing /opt/airflow/dags/premier_dag.py took 0.091 seconds
[2025-10-17T13:40:08.994+0000] {processor.py:186} INFO - Started process (PID=2015) to work on /opt/airflow/dags/premier_dag.py
[2025-10-17T13:40:08.995+0000] {processor.py:914} INFO - Processing file /opt/airflow/dags/premier_dag.py for tasks to queue
[2025-10-17T13:40:08.997+0000] {logging_mixin.py:190} INFO - [2025-10-17T13:40:08.997+0000] {dagbag.py:588} INFO - Filling up the DagBag from /opt/airflow/dags/premier_dag.py
[2025-10-17T13:40:09.016+0000] {processor.py:925} INFO - DAG(s) 'premier_dag_test' retrieved from /opt/airflow/dags/premier_dag.py
[2025-10-17T13:40:09.050+0000] {logging_mixin.py:190} INFO - [2025-10-17T13:40:09.050+0000] {dag.py:3239} INFO - Sync 1 DAGs
[2025-10-17T13:40:09.071+0000] {logging_mixin.py:190} INFO - [2025-10-17T13:40:09.071+0000] {dag.py:4180} INFO - Setting next_dagrun for premier_dag_test to 2025-06-02 00:00:00+00:00, run_after=2025-06-02 01:00:00+00:00
[2025-10-17T13:40:09.086+0000] {processor.py:208} INFO - Processing /opt/airflow/dags/premier_dag.py took 0.097 seconds
[2025-10-17T13:40:39.376+0000] {processor.py:186} INFO - Started process (PID=2032) to work on /opt/airflow/dags/premier_dag.py
[2025-10-17T13:40:39.377+0000] {processor.py:914} INFO - Processing file /opt/airflow/dags/premier_dag.py for tasks to queue
[2025-10-17T13:40:39.379+0000] {logging_mixin.py:190} INFO - [2025-10-17T13:40:39.379+0000] {dagbag.py:588} INFO - Filling up the DagBag from /opt/airflow/dags/premier_dag.py
[2025-10-17T13:40:39.394+0000] {processor.py:925} INFO - DAG(s) 'premier_dag_test' retrieved from /opt/airflow/dags/premier_dag.py
[2025-10-17T13:40:39.424+0000] {logging_mixin.py:190} INFO - [2025-10-17T13:40:39.424+0000] {dag.py:3239} INFO - Sync 1 DAGs
[2025-10-17T13:40:39.445+0000] {logging_mixin.py:190} INFO - [2025-10-17T13:40:39.445+0000] {dag.py:4180} INFO - Setting next_dagrun for premier_dag_test to 2025-06-02 00:00:00+00:00, run_after=2025-06-02 01:00:00+00:00
[2025-10-17T13:40:39.462+0000] {processor.py:208} INFO - Processing /opt/airflow/dags/premier_dag.py took 0.091 seconds
[2025-10-17T13:41:09.715+0000] {processor.py:186} INFO - Started process (PID=2050) to work on /opt/airflow/dags/premier_dag.py
[2025-10-17T13:41:09.715+0000] {processor.py:914} INFO - Processing file /opt/airflow/dags/premier_dag.py for tasks to queue
[2025-10-17T13:41:09.717+0000] {logging_mixin.py:190} INFO - [2025-10-17T13:41:09.717+0000] {dagbag.py:588} INFO - Filling up the DagBag from /opt/airflow/dags/premier_dag.py
[2025-10-17T13:41:09.733+0000] {processor.py:925} INFO - DAG(s) 'premier_dag_test' retrieved from /opt/airflow/dags/premier_dag.py
[2025-10-17T13:41:09.760+0000] {logging_mixin.py:190} INFO - [2025-10-17T13:41:09.760+0000] {dag.py:3239} INFO - Sync 1 DAGs
[2025-10-17T13:41:09.780+0000] {logging_mixin.py:190} INFO - [2025-10-17T13:41:09.780+0000] {dag.py:4180} INFO - Setting next_dagrun for premier_dag_test to 2025-06-02 00:00:00+00:00, run_after=2025-06-02 01:00:00+00:00
[2025-10-17T13:41:09.801+0000] {processor.py:208} INFO - Processing /opt/airflow/dags/premier_dag.py took 0.092 seconds
[2025-10-17T13:41:40.102+0000] {processor.py:186} INFO - Started process (PID=2067) to work on /opt/airflow/dags/premier_dag.py
[2025-10-17T13:41:40.103+0000] {processor.py:914} INFO - Processing file /opt/airflow/dags/premier_dag.py for tasks to queue
[2025-10-17T13:41:40.105+0000] {logging_mixin.py:190} INFO - [2025-10-17T13:41:40.104+0000] {dagbag.py:588} INFO - Filling up the DagBag from /opt/airflow/dags/premier_dag.py
[2025-10-17T13:41:40.120+0000] {processor.py:925} INFO - DAG(s) 'premier_dag_test' retrieved from /opt/airflow/dags/premier_dag.py
[2025-10-17T13:41:40.147+0000] {logging_mixin.py:190} INFO - [2025-10-17T13:41:40.147+0000] {dag.py:3239} INFO - Sync 1 DAGs
[2025-10-17T13:41:40.166+0000] {logging_mixin.py:190} INFO - [2025-10-17T13:41:40.166+0000] {dag.py:4180} INFO - Setting next_dagrun for premier_dag_test to 2025-06-02 00:00:00+00:00, run_after=2025-06-02 01:00:00+00:00
[2025-10-17T13:41:40.185+0000] {processor.py:208} INFO - Processing /opt/airflow/dags/premier_dag.py took 0.088 seconds
[2025-10-17T13:42:10.458+0000] {processor.py:186} INFO - Started process (PID=2084) to work on /opt/airflow/dags/premier_dag.py
[2025-10-17T13:42:10.459+0000] {processor.py:914} INFO - Processing file /opt/airflow/dags/premier_dag.py for tasks to queue
[2025-10-17T13:42:10.461+0000] {logging_mixin.py:190} INFO - [2025-10-17T13:42:10.461+0000] {dagbag.py:588} INFO - Filling up the DagBag from /opt/airflow/dags/premier_dag.py
[2025-10-17T13:42:10.476+0000] {processor.py:925} INFO - DAG(s) 'premier_dag_test' retrieved from /opt/airflow/dags/premier_dag.py
[2025-10-17T13:42:10.505+0000] {logging_mixin.py:190} INFO - [2025-10-17T13:42:10.505+0000] {dag.py:3239} INFO - Sync 1 DAGs
[2025-10-17T13:42:10.529+0000] {logging_mixin.py:190} INFO - [2025-10-17T13:42:10.529+0000] {dag.py:4180} INFO - Setting next_dagrun for premier_dag_test to 2025-06-02 00:00:00+00:00, run_after=2025-06-02 01:00:00+00:00
[2025-10-17T13:42:10.545+0000] {processor.py:208} INFO - Processing /opt/airflow/dags/premier_dag.py took 0.092 seconds
[2025-10-17T13:42:40.783+0000] {processor.py:186} INFO - Started process (PID=2101) to work on /opt/airflow/dags/premier_dag.py
[2025-10-17T13:42:40.784+0000] {processor.py:914} INFO - Processing file /opt/airflow/dags/premier_dag.py for tasks to queue
[2025-10-17T13:42:40.785+0000] {logging_mixin.py:190} INFO - [2025-10-17T13:42:40.785+0000] {dagbag.py:588} INFO - Filling up the DagBag from /opt/airflow/dags/premier_dag.py
[2025-10-17T13:42:40.800+0000] {processor.py:925} INFO - DAG(s) 'premier_dag_test' retrieved from /opt/airflow/dags/premier_dag.py
[2025-10-17T13:42:40.830+0000] {logging_mixin.py:190} INFO - [2025-10-17T13:42:40.829+0000] {dag.py:3239} INFO - Sync 1 DAGs
[2025-10-17T13:42:40.850+0000] {logging_mixin.py:190} INFO - [2025-10-17T13:42:40.850+0000] {dag.py:4180} INFO - Setting next_dagrun for premier_dag_test to 2025-06-02 00:00:00+00:00, run_after=2025-06-02 01:00:00+00:00
[2025-10-17T13:42:40.872+0000] {processor.py:208} INFO - Processing /opt/airflow/dags/premier_dag.py took 0.094 seconds
[2025-10-17T13:43:11.144+0000] {processor.py:186} INFO - Started process (PID=2118) to work on /opt/airflow/dags/premier_dag.py
[2025-10-17T13:43:11.145+0000] {processor.py:914} INFO - Processing file /opt/airflow/dags/premier_dag.py for tasks to queue
[2025-10-17T13:43:11.147+0000] {logging_mixin.py:190} INFO - [2025-10-17T13:43:11.147+0000] {dagbag.py:588} INFO - Filling up the DagBag from /opt/airflow/dags/premier_dag.py
[2025-10-17T13:43:11.164+0000] {processor.py:925} INFO - DAG(s) 'premier_dag_test' retrieved from /opt/airflow/dags/premier_dag.py
[2025-10-17T13:43:11.196+0000] {logging_mixin.py:190} INFO - [2025-10-17T13:43:11.195+0000] {dag.py:3239} INFO - Sync 1 DAGs
[2025-10-17T13:43:11.216+0000] {logging_mixin.py:190} INFO - [2025-10-17T13:43:11.216+0000] {dag.py:4180} INFO - Setting next_dagrun for premier_dag_test to 2025-06-02 00:00:00+00:00, run_after=2025-06-02 01:00:00+00:00
[2025-10-17T13:43:11.233+0000] {processor.py:208} INFO - Processing /opt/airflow/dags/premier_dag.py took 0.095 seconds
[2025-10-17T13:43:41.498+0000] {processor.py:186} INFO - Started process (PID=2135) to work on /opt/airflow/dags/premier_dag.py
[2025-10-17T13:43:41.499+0000] {processor.py:914} INFO - Processing file /opt/airflow/dags/premier_dag.py for tasks to queue
[2025-10-17T13:43:41.501+0000] {logging_mixin.py:190} INFO - [2025-10-17T13:43:41.501+0000] {dagbag.py:588} INFO - Filling up the DagBag from /opt/airflow/dags/premier_dag.py
[2025-10-17T13:43:41.524+0000] {processor.py:925} INFO - DAG(s) 'premier_dag_test' retrieved from /opt/airflow/dags/premier_dag.py
[2025-10-17T13:43:41.546+0000] {logging_mixin.py:190} INFO - [2025-10-17T13:43:41.545+0000] {dag.py:3239} INFO - Sync 1 DAGs
[2025-10-17T13:43:41.565+0000] {logging_mixin.py:190} INFO - [2025-10-17T13:43:41.565+0000] {dag.py:4180} INFO - Setting next_dagrun for premier_dag_test to 2025-06-02 00:00:00+00:00, run_after=2025-06-02 01:00:00+00:00
[2025-10-17T13:43:41.585+0000] {processor.py:208} INFO - Processing /opt/airflow/dags/premier_dag.py took 0.092 seconds
[2025-10-17T13:44:11.871+0000] {processor.py:186} INFO - Started process (PID=2152) to work on /opt/airflow/dags/premier_dag.py
[2025-10-17T13:44:11.872+0000] {processor.py:914} INFO - Processing file /opt/airflow/dags/premier_dag.py for tasks to queue
[2025-10-17T13:44:11.874+0000] {logging_mixin.py:190} INFO - [2025-10-17T13:44:11.873+0000] {dagbag.py:588} INFO - Filling up the DagBag from /opt/airflow/dags/premier_dag.py
[2025-10-17T13:44:11.896+0000] {processor.py:925} INFO - DAG(s) 'premier_dag_test' retrieved from /opt/airflow/dags/premier_dag.py
[2025-10-17T13:44:11.918+0000] {logging_mixin.py:190} INFO - [2025-10-17T13:44:11.917+0000] {dag.py:3239} INFO - Sync 1 DAGs
[2025-10-17T13:44:11.936+0000] {logging_mixin.py:190} INFO - [2025-10-17T13:44:11.936+0000] {dag.py:4180} INFO - Setting next_dagrun for premier_dag_test to 2025-06-02 00:00:00+00:00, run_after=2025-06-02 01:00:00+00:00
[2025-10-17T13:44:11.958+0000] {processor.py:208} INFO - Processing /opt/airflow/dags/premier_dag.py took 0.092 seconds
[2025-10-17T13:44:42.231+0000] {processor.py:186} INFO - Started process (PID=2169) to work on /opt/airflow/dags/premier_dag.py
[2025-10-17T13:44:42.232+0000] {processor.py:914} INFO - Processing file /opt/airflow/dags/premier_dag.py for tasks to queue
[2025-10-17T13:44:42.234+0000] {logging_mixin.py:190} INFO - [2025-10-17T13:44:42.234+0000] {dagbag.py:588} INFO - Filling up the DagBag from /opt/airflow/dags/premier_dag.py
[2025-10-17T13:44:42.256+0000] {processor.py:925} INFO - DAG(s) 'premier_dag_test' retrieved from /opt/airflow/dags/premier_dag.py
[2025-10-17T13:44:42.278+0000] {logging_mixin.py:190} INFO - [2025-10-17T13:44:42.277+0000] {dag.py:3239} INFO - Sync 1 DAGs
[2025-10-17T13:44:42.296+0000] {logging_mixin.py:190} INFO - [2025-10-17T13:44:42.296+0000] {dag.py:4180} INFO - Setting next_dagrun for premier_dag_test to 2025-06-02 00:00:00+00:00, run_after=2025-06-02 01:00:00+00:00
[2025-10-17T13:44:42.317+0000] {processor.py:208} INFO - Processing /opt/airflow/dags/premier_dag.py took 0.091 seconds
[2025-10-17T13:45:12.621+0000] {processor.py:186} INFO - Started process (PID=2186) to work on /opt/airflow/dags/premier_dag.py
[2025-10-17T13:45:12.621+0000] {processor.py:914} INFO - Processing file /opt/airflow/dags/premier_dag.py for tasks to queue
[2025-10-17T13:45:12.623+0000] {logging_mixin.py:190} INFO - [2025-10-17T13:45:12.623+0000] {dagbag.py:588} INFO - Filling up the DagBag from /opt/airflow/dags/premier_dag.py
[2025-10-17T13:45:12.645+0000] {processor.py:925} INFO - DAG(s) 'premier_dag_test' retrieved from /opt/airflow/dags/premier_dag.py
[2025-10-17T13:45:12.665+0000] {logging_mixin.py:190} INFO - [2025-10-17T13:45:12.665+0000] {dag.py:3239} INFO - Sync 1 DAGs
[2025-10-17T13:45:12.684+0000] {logging_mixin.py:190} INFO - [2025-10-17T13:45:12.684+0000] {dag.py:4180} INFO - Setting next_dagrun for premier_dag_test to 2025-06-02 00:00:00+00:00, run_after=2025-06-02 01:00:00+00:00
[2025-10-17T13:45:12.701+0000] {processor.py:208} INFO - Processing /opt/airflow/dags/premier_dag.py took 0.085 seconds
[2025-10-17T13:45:42.976+0000] {processor.py:186} INFO - Started process (PID=2204) to work on /opt/airflow/dags/premier_dag.py
[2025-10-17T13:45:42.977+0000] {processor.py:914} INFO - Processing file /opt/airflow/dags/premier_dag.py for tasks to queue
[2025-10-17T13:45:42.979+0000] {logging_mixin.py:190} INFO - [2025-10-17T13:45:42.979+0000] {dagbag.py:588} INFO - Filling up the DagBag from /opt/airflow/dags/premier_dag.py
[2025-10-17T13:45:43.001+0000] {processor.py:925} INFO - DAG(s) 'premier_dag_test' retrieved from /opt/airflow/dags/premier_dag.py
[2025-10-17T13:45:43.023+0000] {logging_mixin.py:190} INFO - [2025-10-17T13:45:43.023+0000] {dag.py:3239} INFO - Sync 1 DAGs
[2025-10-17T13:45:43.043+0000] {logging_mixin.py:190} INFO - [2025-10-17T13:45:43.043+0000] {dag.py:4180} INFO - Setting next_dagrun for premier_dag_test to 2025-06-02 00:00:00+00:00, run_after=2025-06-02 01:00:00+00:00
[2025-10-17T13:45:43.062+0000] {processor.py:208} INFO - Processing /opt/airflow/dags/premier_dag.py took 0.090 seconds
[2025-10-17T13:46:13.330+0000] {processor.py:186} INFO - Started process (PID=2221) to work on /opt/airflow/dags/premier_dag.py
[2025-10-17T13:46:13.330+0000] {processor.py:914} INFO - Processing file /opt/airflow/dags/premier_dag.py for tasks to queue
[2025-10-17T13:46:13.332+0000] {logging_mixin.py:190} INFO - [2025-10-17T13:46:13.332+0000] {dagbag.py:588} INFO - Filling up the DagBag from /opt/airflow/dags/premier_dag.py
[2025-10-17T13:46:13.354+0000] {processor.py:925} INFO - DAG(s) 'premier_dag_test' retrieved from /opt/airflow/dags/premier_dag.py
[2025-10-17T13:46:13.375+0000] {logging_mixin.py:190} INFO - [2025-10-17T13:46:13.374+0000] {dag.py:3239} INFO - Sync 1 DAGs
[2025-10-17T13:46:13.394+0000] {logging_mixin.py:190} INFO - [2025-10-17T13:46:13.393+0000] {dag.py:4180} INFO - Setting next_dagrun for premier_dag_test to 2025-06-02 00:00:00+00:00, run_after=2025-06-02 01:00:00+00:00
[2025-10-17T13:46:13.413+0000] {processor.py:208} INFO - Processing /opt/airflow/dags/premier_dag.py took 0.089 seconds
[2025-10-17T13:46:43.692+0000] {processor.py:186} INFO - Started process (PID=2238) to work on /opt/airflow/dags/premier_dag.py
[2025-10-17T13:46:43.693+0000] {processor.py:914} INFO - Processing file /opt/airflow/dags/premier_dag.py for tasks to queue
[2025-10-17T13:46:43.695+0000] {logging_mixin.py:190} INFO - [2025-10-17T13:46:43.695+0000] {dagbag.py:588} INFO - Filling up the DagBag from /opt/airflow/dags/premier_dag.py
[2025-10-17T13:46:43.717+0000] {processor.py:925} INFO - DAG(s) 'premier_dag_test' retrieved from /opt/airflow/dags/premier_dag.py
[2025-10-17T13:46:43.737+0000] {logging_mixin.py:190} INFO - [2025-10-17T13:46:43.736+0000] {dag.py:3239} INFO - Sync 1 DAGs
[2025-10-17T13:46:43.756+0000] {logging_mixin.py:190} INFO - [2025-10-17T13:46:43.756+0000] {dag.py:4180} INFO - Setting next_dagrun for premier_dag_test to 2025-06-02 00:00:00+00:00, run_after=2025-06-02 01:00:00+00:00
[2025-10-17T13:46:43.775+0000] {processor.py:208} INFO - Processing /opt/airflow/dags/premier_dag.py took 0.088 seconds
[2025-10-17T13:47:14.061+0000] {processor.py:186} INFO - Started process (PID=2255) to work on /opt/airflow/dags/premier_dag.py
[2025-10-17T13:47:14.062+0000] {processor.py:914} INFO - Processing file /opt/airflow/dags/premier_dag.py for tasks to queue
[2025-10-17T13:47:14.064+0000] {logging_mixin.py:190} INFO - [2025-10-17T13:47:14.064+0000] {dagbag.py:588} INFO - Filling up the DagBag from /opt/airflow/dags/premier_dag.py
[2025-10-17T13:47:14.085+0000] {processor.py:925} INFO - DAG(s) 'premier_dag_test' retrieved from /opt/airflow/dags/premier_dag.py
[2025-10-17T13:47:14.107+0000] {logging_mixin.py:190} INFO - [2025-10-17T13:47:14.107+0000] {dag.py:3239} INFO - Sync 1 DAGs
[2025-10-17T13:47:14.126+0000] {logging_mixin.py:190} INFO - [2025-10-17T13:47:14.126+0000] {dag.py:4180} INFO - Setting next_dagrun for premier_dag_test to 2025-06-02 00:00:00+00:00, run_after=2025-06-02 01:00:00+00:00
[2025-10-17T13:47:14.142+0000] {processor.py:208} INFO - Processing /opt/airflow/dags/premier_dag.py took 0.086 seconds
[2025-10-17T13:47:44.438+0000] {processor.py:186} INFO - Started process (PID=2273) to work on /opt/airflow/dags/premier_dag.py
[2025-10-17T13:47:44.439+0000] {processor.py:914} INFO - Processing file /opt/airflow/dags/premier_dag.py for tasks to queue
[2025-10-17T13:47:44.441+0000] {logging_mixin.py:190} INFO - [2025-10-17T13:47:44.441+0000] {dagbag.py:588} INFO - Filling up the DagBag from /opt/airflow/dags/premier_dag.py
[2025-10-17T13:47:44.458+0000] {processor.py:925} INFO - DAG(s) 'premier_dag_test' retrieved from /opt/airflow/dags/premier_dag.py
[2025-10-17T13:47:44.480+0000] {logging_mixin.py:190} INFO - [2025-10-17T13:47:44.479+0000] {dag.py:3239} INFO - Sync 1 DAGs
[2025-10-17T13:47:44.501+0000] {logging_mixin.py:190} INFO - [2025-10-17T13:47:44.501+0000] {dag.py:4180} INFO - Setting next_dagrun for premier_dag_test to 2025-06-02 00:00:00+00:00, run_after=2025-06-02 01:00:00+00:00
[2025-10-17T13:47:44.518+0000] {processor.py:208} INFO - Processing /opt/airflow/dags/premier_dag.py took 0.088 seconds
[2025-10-17T13:48:14.812+0000] {processor.py:186} INFO - Started process (PID=2290) to work on /opt/airflow/dags/premier_dag.py
[2025-10-17T13:48:14.813+0000] {processor.py:914} INFO - Processing file /opt/airflow/dags/premier_dag.py for tasks to queue
[2025-10-17T13:48:14.815+0000] {logging_mixin.py:190} INFO - [2025-10-17T13:48:14.815+0000] {dagbag.py:588} INFO - Filling up the DagBag from /opt/airflow/dags/premier_dag.py
[2025-10-17T13:48:14.829+0000] {processor.py:925} INFO - DAG(s) 'premier_dag_test' retrieved from /opt/airflow/dags/premier_dag.py
[2025-10-17T13:48:14.850+0000] {logging_mixin.py:190} INFO - [2025-10-17T13:48:14.849+0000] {dag.py:3239} INFO - Sync 1 DAGs
[2025-10-17T13:48:14.869+0000] {logging_mixin.py:190} INFO - [2025-10-17T13:48:14.868+0000] {dag.py:4180} INFO - Setting next_dagrun for premier_dag_test to 2025-06-02 00:00:00+00:00, run_after=2025-06-02 01:00:00+00:00
[2025-10-17T13:48:14.883+0000] {processor.py:208} INFO - Processing /opt/airflow/dags/premier_dag.py took 0.076 seconds
[2025-10-17T13:48:45.145+0000] {processor.py:186} INFO - Started process (PID=2308) to work on /opt/airflow/dags/premier_dag.py
[2025-10-17T13:48:45.146+0000] {processor.py:914} INFO - Processing file /opt/airflow/dags/premier_dag.py for tasks to queue
[2025-10-17T13:48:45.148+0000] {logging_mixin.py:190} INFO - [2025-10-17T13:48:45.148+0000] {dagbag.py:588} INFO - Filling up the DagBag from /opt/airflow/dags/premier_dag.py
[2025-10-17T13:48:45.164+0000] {processor.py:925} INFO - DAG(s) 'premier_dag_test' retrieved from /opt/airflow/dags/premier_dag.py
[2025-10-17T13:48:45.185+0000] {logging_mixin.py:190} INFO - [2025-10-17T13:48:45.185+0000] {dag.py:3239} INFO - Sync 1 DAGs
[2025-10-17T13:48:45.204+0000] {logging_mixin.py:190} INFO - [2025-10-17T13:48:45.204+0000] {dag.py:4180} INFO - Setting next_dagrun for premier_dag_test to 2025-06-02 00:00:00+00:00, run_after=2025-06-02 01:00:00+00:00
[2025-10-17T13:48:45.223+0000] {processor.py:208} INFO - Processing /opt/airflow/dags/premier_dag.py took 0.083 seconds
[2025-10-17T13:49:15.518+0000] {processor.py:186} INFO - Started process (PID=2325) to work on /opt/airflow/dags/premier_dag.py
[2025-10-17T13:49:15.518+0000] {processor.py:914} INFO - Processing file /opt/airflow/dags/premier_dag.py for tasks to queue
[2025-10-17T13:49:15.521+0000] {logging_mixin.py:190} INFO - [2025-10-17T13:49:15.520+0000] {dagbag.py:588} INFO - Filling up the DagBag from /opt/airflow/dags/premier_dag.py
[2025-10-17T13:49:15.535+0000] {processor.py:925} INFO - DAG(s) 'premier_dag_test' retrieved from /opt/airflow/dags/premier_dag.py
[2025-10-17T13:49:15.556+0000] {logging_mixin.py:190} INFO - [2025-10-17T13:49:15.555+0000] {dag.py:3239} INFO - Sync 1 DAGs
[2025-10-17T13:49:15.575+0000] {logging_mixin.py:190} INFO - [2025-10-17T13:49:15.575+0000] {dag.py:4180} INFO - Setting next_dagrun for premier_dag_test to 2025-06-02 00:00:00+00:00, run_after=2025-06-02 01:00:00+00:00
[2025-10-17T13:49:15.590+0000] {processor.py:208} INFO - Processing /opt/airflow/dags/premier_dag.py took 0.077 seconds
[2025-10-17T13:49:45.883+0000] {processor.py:186} INFO - Started process (PID=2342) to work on /opt/airflow/dags/premier_dag.py
[2025-10-17T13:49:45.884+0000] {processor.py:914} INFO - Processing file /opt/airflow/dags/premier_dag.py for tasks to queue
[2025-10-17T13:49:45.886+0000] {logging_mixin.py:190} INFO - [2025-10-17T13:49:45.886+0000] {dagbag.py:588} INFO - Filling up the DagBag from /opt/airflow/dags/premier_dag.py
[2025-10-17T13:49:45.902+0000] {processor.py:925} INFO - DAG(s) 'premier_dag_test' retrieved from /opt/airflow/dags/premier_dag.py
[2025-10-17T13:49:45.923+0000] {logging_mixin.py:190} INFO - [2025-10-17T13:49:45.922+0000] {dag.py:3239} INFO - Sync 1 DAGs
[2025-10-17T13:49:45.941+0000] {logging_mixin.py:190} INFO - [2025-10-17T13:49:45.941+0000] {dag.py:4180} INFO - Setting next_dagrun for premier_dag_test to 2025-06-02 00:00:00+00:00, run_after=2025-06-02 01:00:00+00:00
[2025-10-17T13:49:45.961+0000] {processor.py:208} INFO - Processing /opt/airflow/dags/premier_dag.py took 0.083 seconds
[2025-10-17T13:50:16.261+0000] {processor.py:186} INFO - Started process (PID=2359) to work on /opt/airflow/dags/premier_dag.py
[2025-10-17T13:50:16.261+0000] {processor.py:914} INFO - Processing file /opt/airflow/dags/premier_dag.py for tasks to queue
[2025-10-17T13:50:16.264+0000] {logging_mixin.py:190} INFO - [2025-10-17T13:50:16.263+0000] {dagbag.py:588} INFO - Filling up the DagBag from /opt/airflow/dags/premier_dag.py
[2025-10-17T13:50:16.277+0000] {processor.py:925} INFO - DAG(s) 'premier_dag_test' retrieved from /opt/airflow/dags/premier_dag.py
[2025-10-17T13:50:16.297+0000] {logging_mixin.py:190} INFO - [2025-10-17T13:50:16.297+0000] {dag.py:3239} INFO - Sync 1 DAGs
[2025-10-17T13:50:16.316+0000] {logging_mixin.py:190} INFO - [2025-10-17T13:50:16.316+0000] {dag.py:4180} INFO - Setting next_dagrun for premier_dag_test to 2025-06-02 00:00:00+00:00, run_after=2025-06-02 01:00:00+00:00
[2025-10-17T13:50:16.336+0000] {processor.py:208} INFO - Processing /opt/airflow/dags/premier_dag.py took 0.081 seconds
[2025-10-17T13:50:46.613+0000] {processor.py:186} INFO - Started process (PID=2376) to work on /opt/airflow/dags/premier_dag.py
[2025-10-17T13:50:46.614+0000] {processor.py:914} INFO - Processing file /opt/airflow/dags/premier_dag.py for tasks to queue
[2025-10-17T13:50:46.616+0000] {logging_mixin.py:190} INFO - [2025-10-17T13:50:46.616+0000] {dagbag.py:588} INFO - Filling up the DagBag from /opt/airflow/dags/premier_dag.py
[2025-10-17T13:50:46.631+0000] {processor.py:925} INFO - DAG(s) 'premier_dag_test' retrieved from /opt/airflow/dags/premier_dag.py
[2025-10-17T13:50:46.651+0000] {logging_mixin.py:190} INFO - [2025-10-17T13:50:46.651+0000] {dag.py:3239} INFO - Sync 1 DAGs
[2025-10-17T13:50:46.669+0000] {logging_mixin.py:190} INFO - [2025-10-17T13:50:46.669+0000] {dag.py:4180} INFO - Setting next_dagrun for premier_dag_test to 2025-06-02 00:00:00+00:00, run_after=2025-06-02 01:00:00+00:00
[2025-10-17T13:50:46.688+0000] {processor.py:208} INFO - Processing /opt/airflow/dags/premier_dag.py took 0.080 seconds
[2025-10-17T13:51:16.941+0000] {processor.py:186} INFO - Started process (PID=2393) to work on /opt/airflow/dags/premier_dag.py
[2025-10-17T13:51:16.941+0000] {processor.py:914} INFO - Processing file /opt/airflow/dags/premier_dag.py for tasks to queue
[2025-10-17T13:51:16.943+0000] {logging_mixin.py:190} INFO - [2025-10-17T13:51:16.943+0000] {dagbag.py:588} INFO - Filling up the DagBag from /opt/airflow/dags/premier_dag.py
[2025-10-17T13:51:16.958+0000] {processor.py:925} INFO - DAG(s) 'premier_dag_test' retrieved from /opt/airflow/dags/premier_dag.py
[2025-10-17T13:51:16.979+0000] {logging_mixin.py:190} INFO - [2025-10-17T13:51:16.978+0000] {dag.py:3239} INFO - Sync 1 DAGs
[2025-10-17T13:51:16.998+0000] {logging_mixin.py:190} INFO - [2025-10-17T13:51:16.997+0000] {dag.py:4180} INFO - Setting next_dagrun for premier_dag_test to 2025-06-02 00:00:00+00:00, run_after=2025-06-02 01:00:00+00:00
[2025-10-17T13:51:17.015+0000] {processor.py:208} INFO - Processing /opt/airflow/dags/premier_dag.py took 0.079 seconds
[2025-10-17T13:51:47.272+0000] {processor.py:186} INFO - Started process (PID=2410) to work on /opt/airflow/dags/premier_dag.py
[2025-10-17T13:51:47.273+0000] {processor.py:914} INFO - Processing file /opt/airflow/dags/premier_dag.py for tasks to queue
[2025-10-17T13:51:47.275+0000] {logging_mixin.py:190} INFO - [2025-10-17T13:51:47.275+0000] {dagbag.py:588} INFO - Filling up the DagBag from /opt/airflow/dags/premier_dag.py
[2025-10-17T13:51:47.289+0000] {processor.py:925} INFO - DAG(s) 'premier_dag_test' retrieved from /opt/airflow/dags/premier_dag.py
[2025-10-17T13:51:47.310+0000] {logging_mixin.py:190} INFO - [2025-10-17T13:51:47.310+0000] {dag.py:3239} INFO - Sync 1 DAGs
[2025-10-17T13:51:47.329+0000] {logging_mixin.py:190} INFO - [2025-10-17T13:51:47.328+0000] {dag.py:4180} INFO - Setting next_dagrun for premier_dag_test to 2025-06-02 00:00:00+00:00, run_after=2025-06-02 01:00:00+00:00
[2025-10-17T13:51:47.348+0000] {processor.py:208} INFO - Processing /opt/airflow/dags/premier_dag.py took 0.081 seconds
[2025-10-17T13:52:17.639+0000] {processor.py:186} INFO - Started process (PID=2427) to work on /opt/airflow/dags/premier_dag.py
[2025-10-17T13:52:17.640+0000] {processor.py:914} INFO - Processing file /opt/airflow/dags/premier_dag.py for tasks to queue
[2025-10-17T13:52:17.642+0000] {logging_mixin.py:190} INFO - [2025-10-17T13:52:17.642+0000] {dagbag.py:588} INFO - Filling up the DagBag from /opt/airflow/dags/premier_dag.py
[2025-10-17T13:52:17.656+0000] {processor.py:925} INFO - DAG(s) 'premier_dag_test' retrieved from /opt/airflow/dags/premier_dag.py
[2025-10-17T13:52:17.677+0000] {logging_mixin.py:190} INFO - [2025-10-17T13:52:17.677+0000] {dag.py:3239} INFO - Sync 1 DAGs
[2025-10-17T13:52:17.696+0000] {logging_mixin.py:190} INFO - [2025-10-17T13:52:17.696+0000] {dag.py:4180} INFO - Setting next_dagrun for premier_dag_test to 2025-06-02 00:00:00+00:00, run_after=2025-06-02 01:00:00+00:00
[2025-10-17T13:52:17.830+0000] {processor.py:208} INFO - Processing /opt/airflow/dags/premier_dag.py took 0.196 seconds
[2025-10-17T13:52:48.141+0000] {processor.py:186} INFO - Started process (PID=2444) to work on /opt/airflow/dags/premier_dag.py
[2025-10-17T13:52:48.142+0000] {processor.py:914} INFO - Processing file /opt/airflow/dags/premier_dag.py for tasks to queue
[2025-10-17T13:52:48.144+0000] {logging_mixin.py:190} INFO - [2025-10-17T13:52:48.144+0000] {dagbag.py:588} INFO - Filling up the DagBag from /opt/airflow/dags/premier_dag.py
[2025-10-17T13:52:48.158+0000] {processor.py:925} INFO - DAG(s) 'premier_dag_test' retrieved from /opt/airflow/dags/premier_dag.py
[2025-10-17T13:52:48.181+0000] {logging_mixin.py:190} INFO - [2025-10-17T13:52:48.180+0000] {dag.py:3239} INFO - Sync 1 DAGs
[2025-10-17T13:52:48.201+0000] {logging_mixin.py:190} INFO - [2025-10-17T13:52:48.201+0000] {dag.py:4180} INFO - Setting next_dagrun for premier_dag_test to 2025-06-02 00:00:00+00:00, run_after=2025-06-02 01:00:00+00:00
[2025-10-17T13:52:48.223+0000] {processor.py:208} INFO - Processing /opt/airflow/dags/premier_dag.py took 0.088 seconds
[2025-10-17T13:53:18.490+0000] {processor.py:186} INFO - Started process (PID=2461) to work on /opt/airflow/dags/premier_dag.py
[2025-10-17T13:53:18.491+0000] {processor.py:914} INFO - Processing file /opt/airflow/dags/premier_dag.py for tasks to queue
[2025-10-17T13:53:18.492+0000] {logging_mixin.py:190} INFO - [2025-10-17T13:53:18.492+0000] {dagbag.py:588} INFO - Filling up the DagBag from /opt/airflow/dags/premier_dag.py
[2025-10-17T13:53:18.506+0000] {processor.py:925} INFO - DAG(s) 'premier_dag_test' retrieved from /opt/airflow/dags/premier_dag.py
[2025-10-17T13:53:18.527+0000] {logging_mixin.py:190} INFO - [2025-10-17T13:53:18.526+0000] {dag.py:3239} INFO - Sync 1 DAGs
[2025-10-17T13:53:18.546+0000] {logging_mixin.py:190} INFO - [2025-10-17T13:53:18.545+0000] {dag.py:4180} INFO - Setting next_dagrun for premier_dag_test to 2025-06-02 00:00:00+00:00, run_after=2025-06-02 01:00:00+00:00
[2025-10-17T13:53:18.567+0000] {processor.py:208} INFO - Processing /opt/airflow/dags/premier_dag.py took 0.082 seconds
[2025-10-17T13:53:48.832+0000] {processor.py:186} INFO - Started process (PID=2478) to work on /opt/airflow/dags/premier_dag.py
[2025-10-17T13:53:48.833+0000] {processor.py:914} INFO - Processing file /opt/airflow/dags/premier_dag.py for tasks to queue
[2025-10-17T13:53:48.835+0000] {logging_mixin.py:190} INFO - [2025-10-17T13:53:48.834+0000] {dagbag.py:588} INFO - Filling up the DagBag from /opt/airflow/dags/premier_dag.py
[2025-10-17T13:53:48.849+0000] {processor.py:925} INFO - DAG(s) 'premier_dag_test' retrieved from /opt/airflow/dags/premier_dag.py
[2025-10-17T13:53:48.869+0000] {logging_mixin.py:190} INFO - [2025-10-17T13:53:48.869+0000] {dag.py:3239} INFO - Sync 1 DAGs
[2025-10-17T13:53:48.889+0000] {logging_mixin.py:190} INFO - [2025-10-17T13:53:48.889+0000] {dag.py:4180} INFO - Setting next_dagrun for premier_dag_test to 2025-06-02 00:00:00+00:00, run_after=2025-06-02 01:00:00+00:00
[2025-10-17T13:53:48.910+0000] {processor.py:208} INFO - Processing /opt/airflow/dags/premier_dag.py took 0.083 seconds
[2025-10-17T13:54:19.169+0000] {processor.py:186} INFO - Started process (PID=2495) to work on /opt/airflow/dags/premier_dag.py
[2025-10-17T13:54:19.170+0000] {processor.py:914} INFO - Processing file /opt/airflow/dags/premier_dag.py for tasks to queue
[2025-10-17T13:54:19.172+0000] {logging_mixin.py:190} INFO - [2025-10-17T13:54:19.171+0000] {dagbag.py:588} INFO - Filling up the DagBag from /opt/airflow/dags/premier_dag.py
[2025-10-17T13:54:19.187+0000] {processor.py:925} INFO - DAG(s) 'premier_dag_test' retrieved from /opt/airflow/dags/premier_dag.py
[2025-10-17T13:54:19.210+0000] {logging_mixin.py:190} INFO - [2025-10-17T13:54:19.210+0000] {dag.py:3239} INFO - Sync 1 DAGs
[2025-10-17T13:54:19.236+0000] {logging_mixin.py:190} INFO - [2025-10-17T13:54:19.236+0000] {dag.py:4180} INFO - Setting next_dagrun for premier_dag_test to 2025-06-02 00:00:00+00:00, run_after=2025-06-02 01:00:00+00:00
[2025-10-17T13:54:19.254+0000] {processor.py:208} INFO - Processing /opt/airflow/dags/premier_dag.py took 0.092 seconds
[2025-10-17T13:54:49.525+0000] {processor.py:186} INFO - Started process (PID=2512) to work on /opt/airflow/dags/premier_dag.py
[2025-10-17T13:54:49.526+0000] {processor.py:914} INFO - Processing file /opt/airflow/dags/premier_dag.py for tasks to queue
[2025-10-17T13:54:49.528+0000] {logging_mixin.py:190} INFO - [2025-10-17T13:54:49.528+0000] {dagbag.py:588} INFO - Filling up the DagBag from /opt/airflow/dags/premier_dag.py
[2025-10-17T13:54:49.542+0000] {processor.py:925} INFO - DAG(s) 'premier_dag_test' retrieved from /opt/airflow/dags/premier_dag.py
[2025-10-17T13:54:49.562+0000] {logging_mixin.py:190} INFO - [2025-10-17T13:54:49.562+0000] {dag.py:3239} INFO - Sync 1 DAGs
[2025-10-17T13:54:49.581+0000] {logging_mixin.py:190} INFO - [2025-10-17T13:54:49.581+0000] {dag.py:4180} INFO - Setting next_dagrun for premier_dag_test to 2025-06-02 00:00:00+00:00, run_after=2025-06-02 01:00:00+00:00
[2025-10-17T13:54:49.596+0000] {processor.py:208} INFO - Processing /opt/airflow/dags/premier_dag.py took 0.076 seconds
[2025-10-17T13:55:19.920+0000] {processor.py:186} INFO - Started process (PID=2529) to work on /opt/airflow/dags/premier_dag.py
[2025-10-17T13:55:19.921+0000] {processor.py:914} INFO - Processing file /opt/airflow/dags/premier_dag.py for tasks to queue
[2025-10-17T13:55:19.923+0000] {logging_mixin.py:190} INFO - [2025-10-17T13:55:19.922+0000] {dagbag.py:588} INFO - Filling up the DagBag from /opt/airflow/dags/premier_dag.py
[2025-10-17T13:55:19.936+0000] {processor.py:925} INFO - DAG(s) 'premier_dag_test' retrieved from /opt/airflow/dags/premier_dag.py
[2025-10-17T13:55:19.956+0000] {logging_mixin.py:190} INFO - [2025-10-17T13:55:19.956+0000] {dag.py:3239} INFO - Sync 1 DAGs
[2025-10-17T13:55:19.975+0000] {logging_mixin.py:190} INFO - [2025-10-17T13:55:19.975+0000] {dag.py:4180} INFO - Setting next_dagrun for premier_dag_test to 2025-06-02 00:00:00+00:00, run_after=2025-06-02 01:00:00+00:00
[2025-10-17T13:55:20.105+0000] {processor.py:208} INFO - Processing /opt/airflow/dags/premier_dag.py took 0.190 seconds
[2025-10-17T13:55:50.449+0000] {processor.py:186} INFO - Started process (PID=2546) to work on /opt/airflow/dags/premier_dag.py
[2025-10-17T13:55:50.450+0000] {processor.py:914} INFO - Processing file /opt/airflow/dags/premier_dag.py for tasks to queue
[2025-10-17T13:55:50.452+0000] {logging_mixin.py:190} INFO - [2025-10-17T13:55:50.452+0000] {dagbag.py:588} INFO - Filling up the DagBag from /opt/airflow/dags/premier_dag.py
[2025-10-17T13:55:50.467+0000] {processor.py:925} INFO - DAG(s) 'premier_dag_test' retrieved from /opt/airflow/dags/premier_dag.py
[2025-10-17T13:55:50.487+0000] {logging_mixin.py:190} INFO - [2025-10-17T13:55:50.487+0000] {dag.py:3239} INFO - Sync 1 DAGs
[2025-10-17T13:55:50.506+0000] {logging_mixin.py:190} INFO - [2025-10-17T13:55:50.505+0000] {dag.py:4180} INFO - Setting next_dagrun for premier_dag_test to 2025-06-02 00:00:00+00:00, run_after=2025-06-02 01:00:00+00:00
[2025-10-17T13:55:50.521+0000] {processor.py:208} INFO - Processing /opt/airflow/dags/premier_dag.py took 0.077 seconds
[2025-10-17T13:56:20.764+0000] {processor.py:186} INFO - Started process (PID=2560) to work on /opt/airflow/dags/premier_dag.py
[2025-10-17T13:56:20.765+0000] {processor.py:914} INFO - Processing file /opt/airflow/dags/premier_dag.py for tasks to queue
[2025-10-17T13:56:20.767+0000] {logging_mixin.py:190} INFO - [2025-10-17T13:56:20.766+0000] {dagbag.py:588} INFO - Filling up the DagBag from /opt/airflow/dags/premier_dag.py
[2025-10-17T13:56:20.782+0000] {processor.py:925} INFO - DAG(s) 'premier_dag_test' retrieved from /opt/airflow/dags/premier_dag.py
[2025-10-17T13:56:20.806+0000] {logging_mixin.py:190} INFO - [2025-10-17T13:56:20.806+0000] {dag.py:3239} INFO - Sync 1 DAGs
[2025-10-17T13:56:20.826+0000] {logging_mixin.py:190} INFO - [2025-10-17T13:56:20.825+0000] {dag.py:4180} INFO - Setting next_dagrun for premier_dag_test to 2025-06-02 00:00:00+00:00, run_after=2025-06-02 01:00:00+00:00
[2025-10-17T13:56:20.847+0000] {processor.py:208} INFO - Processing /opt/airflow/dags/premier_dag.py took 0.088 seconds
[2025-10-17T13:56:51.224+0000] {processor.py:186} INFO - Started process (PID=2574) to work on /opt/airflow/dags/premier_dag.py
[2025-10-17T13:56:51.225+0000] {processor.py:914} INFO - Processing file /opt/airflow/dags/premier_dag.py for tasks to queue
[2025-10-17T13:56:51.227+0000] {logging_mixin.py:190} INFO - [2025-10-17T13:56:51.227+0000] {dagbag.py:588} INFO - Filling up the DagBag from /opt/airflow/dags/premier_dag.py
[2025-10-17T13:56:51.241+0000] {processor.py:925} INFO - DAG(s) 'premier_dag_test' retrieved from /opt/airflow/dags/premier_dag.py
[2025-10-17T13:56:51.261+0000] {logging_mixin.py:190} INFO - [2025-10-17T13:56:51.261+0000] {dag.py:3239} INFO - Sync 1 DAGs
[2025-10-17T13:56:51.279+0000] {logging_mixin.py:190} INFO - [2025-10-17T13:56:51.279+0000] {dag.py:4180} INFO - Setting next_dagrun for premier_dag_test to 2025-06-02 00:00:00+00:00, run_after=2025-06-02 01:00:00+00:00
[2025-10-17T13:56:51.301+0000] {processor.py:208} INFO - Processing /opt/airflow/dags/premier_dag.py took 0.082 seconds
[2025-10-17T13:57:21.637+0000] {processor.py:186} INFO - Started process (PID=2591) to work on /opt/airflow/dags/premier_dag.py
[2025-10-17T13:57:21.638+0000] {processor.py:914} INFO - Processing file /opt/airflow/dags/premier_dag.py for tasks to queue
[2025-10-17T13:57:21.640+0000] {logging_mixin.py:190} INFO - [2025-10-17T13:57:21.640+0000] {dagbag.py:588} INFO - Filling up the DagBag from /opt/airflow/dags/premier_dag.py
[2025-10-17T13:57:21.655+0000] {processor.py:925} INFO - DAG(s) 'premier_dag_test' retrieved from /opt/airflow/dags/premier_dag.py
[2025-10-17T13:57:21.675+0000] {logging_mixin.py:190} INFO - [2025-10-17T13:57:21.675+0000] {dag.py:3239} INFO - Sync 1 DAGs
[2025-10-17T13:57:21.693+0000] {logging_mixin.py:190} INFO - [2025-10-17T13:57:21.693+0000] {dag.py:4180} INFO - Setting next_dagrun for premier_dag_test to 2025-06-02 00:00:00+00:00, run_after=2025-06-02 01:00:00+00:00
[2025-10-17T13:57:21.708+0000] {processor.py:208} INFO - Processing /opt/airflow/dags/premier_dag.py took 0.077 seconds
[2025-10-17T13:57:52.056+0000] {processor.py:186} INFO - Started process (PID=2608) to work on /opt/airflow/dags/premier_dag.py
[2025-10-17T13:57:52.057+0000] {processor.py:914} INFO - Processing file /opt/airflow/dags/premier_dag.py for tasks to queue
[2025-10-17T13:57:52.059+0000] {logging_mixin.py:190} INFO - [2025-10-17T13:57:52.059+0000] {dagbag.py:588} INFO - Filling up the DagBag from /opt/airflow/dags/premier_dag.py
[2025-10-17T13:57:52.075+0000] {processor.py:925} INFO - DAG(s) 'premier_dag_test' retrieved from /opt/airflow/dags/premier_dag.py
[2025-10-17T13:57:52.096+0000] {logging_mixin.py:190} INFO - [2025-10-17T13:57:52.096+0000] {dag.py:3239} INFO - Sync 1 DAGs
[2025-10-17T13:57:52.114+0000] {logging_mixin.py:190} INFO - [2025-10-17T13:57:52.114+0000] {dag.py:4180} INFO - Setting next_dagrun for premier_dag_test to 2025-06-02 00:00:00+00:00, run_after=2025-06-02 01:00:00+00:00
[2025-10-17T13:57:52.129+0000] {processor.py:208} INFO - Processing /opt/airflow/dags/premier_dag.py took 0.079 seconds
[2025-10-17T13:58:22.510+0000] {processor.py:186} INFO - Started process (PID=2626) to work on /opt/airflow/dags/premier_dag.py
[2025-10-17T13:58:22.511+0000] {processor.py:914} INFO - Processing file /opt/airflow/dags/premier_dag.py for tasks to queue
[2025-10-17T13:58:22.513+0000] {logging_mixin.py:190} INFO - [2025-10-17T13:58:22.513+0000] {dagbag.py:588} INFO - Filling up the DagBag from /opt/airflow/dags/premier_dag.py
[2025-10-17T13:58:22.527+0000] {processor.py:925} INFO - DAG(s) 'premier_dag_test' retrieved from /opt/airflow/dags/premier_dag.py
[2025-10-17T13:58:22.548+0000] {logging_mixin.py:190} INFO - [2025-10-17T13:58:22.548+0000] {dag.py:3239} INFO - Sync 1 DAGs
[2025-10-17T13:58:22.566+0000] {logging_mixin.py:190} INFO - [2025-10-17T13:58:22.566+0000] {dag.py:4180} INFO - Setting next_dagrun for premier_dag_test to 2025-06-02 00:00:00+00:00, run_after=2025-06-02 01:00:00+00:00
[2025-10-17T13:58:22.698+0000] {processor.py:208} INFO - Processing /opt/airflow/dags/premier_dag.py took 0.193 seconds
[2025-10-17T13:58:53.093+0000] {processor.py:186} INFO - Started process (PID=2643) to work on /opt/airflow/dags/premier_dag.py
[2025-10-17T13:58:53.094+0000] {processor.py:914} INFO - Processing file /opt/airflow/dags/premier_dag.py for tasks to queue
[2025-10-17T13:58:53.096+0000] {logging_mixin.py:190} INFO - [2025-10-17T13:58:53.096+0000] {dagbag.py:588} INFO - Filling up the DagBag from /opt/airflow/dags/premier_dag.py
[2025-10-17T13:58:53.111+0000] {processor.py:925} INFO - DAG(s) 'premier_dag_test' retrieved from /opt/airflow/dags/premier_dag.py
[2025-10-17T13:58:53.131+0000] {logging_mixin.py:190} INFO - [2025-10-17T13:58:53.131+0000] {dag.py:3239} INFO - Sync 1 DAGs
[2025-10-17T13:58:53.150+0000] {logging_mixin.py:190} INFO - [2025-10-17T13:58:53.150+0000] {dag.py:4180} INFO - Setting next_dagrun for premier_dag_test to 2025-06-02 00:00:00+00:00, run_after=2025-06-02 01:00:00+00:00
[2025-10-17T13:58:53.171+0000] {processor.py:208} INFO - Processing /opt/airflow/dags/premier_dag.py took 0.083 seconds
[2025-10-17T13:59:23.542+0000] {processor.py:186} INFO - Started process (PID=2660) to work on /opt/airflow/dags/premier_dag.py
[2025-10-17T13:59:23.543+0000] {processor.py:914} INFO - Processing file /opt/airflow/dags/premier_dag.py for tasks to queue
[2025-10-17T13:59:23.545+0000] {logging_mixin.py:190} INFO - [2025-10-17T13:59:23.545+0000] {dagbag.py:588} INFO - Filling up the DagBag from /opt/airflow/dags/premier_dag.py
[2025-10-17T13:59:23.559+0000] {processor.py:925} INFO - DAG(s) 'premier_dag_test' retrieved from /opt/airflow/dags/premier_dag.py
[2025-10-17T13:59:23.579+0000] {logging_mixin.py:190} INFO - [2025-10-17T13:59:23.579+0000] {dag.py:3239} INFO - Sync 1 DAGs
[2025-10-17T13:59:23.598+0000] {logging_mixin.py:190} INFO - [2025-10-17T13:59:23.598+0000] {dag.py:4180} INFO - Setting next_dagrun for premier_dag_test to 2025-06-02 00:00:00+00:00, run_after=2025-06-02 01:00:00+00:00
[2025-10-17T13:59:23.614+0000] {processor.py:208} INFO - Processing /opt/airflow/dags/premier_dag.py took 0.077 seconds
[2025-10-17T13:59:53.967+0000] {processor.py:186} INFO - Started process (PID=2677) to work on /opt/airflow/dags/premier_dag.py
[2025-10-17T13:59:53.968+0000] {processor.py:914} INFO - Processing file /opt/airflow/dags/premier_dag.py for tasks to queue
[2025-10-17T13:59:53.970+0000] {logging_mixin.py:190} INFO - [2025-10-17T13:59:53.970+0000] {dagbag.py:588} INFO - Filling up the DagBag from /opt/airflow/dags/premier_dag.py
[2025-10-17T13:59:53.983+0000] {processor.py:925} INFO - DAG(s) 'premier_dag_test' retrieved from /opt/airflow/dags/premier_dag.py
[2025-10-17T13:59:54.003+0000] {logging_mixin.py:190} INFO - [2025-10-17T13:59:54.003+0000] {dag.py:3239} INFO - Sync 1 DAGs
[2025-10-17T13:59:54.021+0000] {logging_mixin.py:190} INFO - [2025-10-17T13:59:54.021+0000] {dag.py:4180} INFO - Setting next_dagrun for premier_dag_test to 2025-06-02 00:00:00+00:00, run_after=2025-06-02 01:00:00+00:00
[2025-10-17T13:59:54.041+0000] {processor.py:208} INFO - Processing /opt/airflow/dags/premier_dag.py took 0.080 seconds
[2025-10-17T14:00:24.346+0000] {processor.py:186} INFO - Started process (PID=2724) to work on /opt/airflow/dags/premier_dag.py
[2025-10-17T14:00:24.347+0000] {processor.py:914} INFO - Processing file /opt/airflow/dags/premier_dag.py for tasks to queue
[2025-10-17T14:00:24.349+0000] {logging_mixin.py:190} INFO - [2025-10-17T14:00:24.349+0000] {dagbag.py:588} INFO - Filling up the DagBag from /opt/airflow/dags/premier_dag.py
[2025-10-17T14:00:24.363+0000] {processor.py:925} INFO - DAG(s) 'premier_dag_test' retrieved from /opt/airflow/dags/premier_dag.py
[2025-10-17T14:00:24.385+0000] {logging_mixin.py:190} INFO - [2025-10-17T14:00:24.385+0000] {dag.py:3239} INFO - Sync 1 DAGs
[2025-10-17T14:00:24.404+0000] {logging_mixin.py:190} INFO - [2025-10-17T14:00:24.404+0000] {dag.py:4180} INFO - Setting next_dagrun for premier_dag_test to 2025-06-02 00:00:00+00:00, run_after=2025-06-02 01:00:00+00:00
[2025-10-17T14:00:24.421+0000] {processor.py:208} INFO - Processing /opt/airflow/dags/premier_dag.py took 0.080 seconds
[2025-10-17T14:00:54.717+0000] {processor.py:186} INFO - Started process (PID=2741) to work on /opt/airflow/dags/premier_dag.py
[2025-10-17T14:00:54.718+0000] {processor.py:914} INFO - Processing file /opt/airflow/dags/premier_dag.py for tasks to queue
[2025-10-17T14:00:54.720+0000] {logging_mixin.py:190} INFO - [2025-10-17T14:00:54.720+0000] {dagbag.py:588} INFO - Filling up the DagBag from /opt/airflow/dags/premier_dag.py
[2025-10-17T14:00:54.737+0000] {processor.py:925} INFO - DAG(s) 'premier_dag_test' retrieved from /opt/airflow/dags/premier_dag.py
[2025-10-17T14:00:54.759+0000] {logging_mixin.py:190} INFO - [2025-10-17T14:00:54.759+0000] {dag.py:3239} INFO - Sync 1 DAGs
[2025-10-17T14:00:54.778+0000] {logging_mixin.py:190} INFO - [2025-10-17T14:00:54.778+0000] {dag.py:4180} INFO - Setting next_dagrun for premier_dag_test to 2025-06-02 00:00:00+00:00, run_after=2025-06-02 01:00:00+00:00
[2025-10-17T14:00:54.794+0000] {processor.py:208} INFO - Processing /opt/airflow/dags/premier_dag.py took 0.083 seconds
[2025-10-17T14:01:25.150+0000] {processor.py:186} INFO - Started process (PID=2758) to work on /opt/airflow/dags/premier_dag.py
[2025-10-17T14:01:25.151+0000] {processor.py:914} INFO - Processing file /opt/airflow/dags/premier_dag.py for tasks to queue
[2025-10-17T14:01:25.154+0000] {logging_mixin.py:190} INFO - [2025-10-17T14:01:25.153+0000] {dagbag.py:588} INFO - Filling up the DagBag from /opt/airflow/dags/premier_dag.py
[2025-10-17T14:01:25.168+0000] {processor.py:925} INFO - DAG(s) 'premier_dag_test' retrieved from /opt/airflow/dags/premier_dag.py
[2025-10-17T14:01:25.188+0000] {logging_mixin.py:190} INFO - [2025-10-17T14:01:25.188+0000] {dag.py:3239} INFO - Sync 1 DAGs
[2025-10-17T14:01:25.206+0000] {logging_mixin.py:190} INFO - [2025-10-17T14:01:25.206+0000] {dag.py:4180} INFO - Setting next_dagrun for premier_dag_test to 2025-06-02 00:00:00+00:00, run_after=2025-06-02 01:00:00+00:00
[2025-10-17T14:01:25.337+0000] {processor.py:208} INFO - Processing /opt/airflow/dags/premier_dag.py took 0.192 seconds
[2025-10-17T14:01:55.666+0000] {processor.py:186} INFO - Started process (PID=2775) to work on /opt/airflow/dags/premier_dag.py
[2025-10-17T14:01:55.667+0000] {processor.py:914} INFO - Processing file /opt/airflow/dags/premier_dag.py for tasks to queue
[2025-10-17T14:01:55.670+0000] {logging_mixin.py:190} INFO - [2025-10-17T14:01:55.669+0000] {dagbag.py:588} INFO - Filling up the DagBag from /opt/airflow/dags/premier_dag.py
[2025-10-17T14:01:55.685+0000] {processor.py:925} INFO - DAG(s) 'premier_dag_test' retrieved from /opt/airflow/dags/premier_dag.py
[2025-10-17T14:01:55.706+0000] {logging_mixin.py:190} INFO - [2025-10-17T14:01:55.706+0000] {dag.py:3239} INFO - Sync 1 DAGs
[2025-10-17T14:01:55.725+0000] {logging_mixin.py:190} INFO - [2025-10-17T14:01:55.725+0000] {dag.py:4180} INFO - Setting next_dagrun for premier_dag_test to 2025-06-02 00:00:00+00:00, run_after=2025-06-02 01:00:00+00:00
[2025-10-17T14:01:55.742+0000] {processor.py:208} INFO - Processing /opt/airflow/dags/premier_dag.py took 0.081 seconds
[2025-10-17T14:02:26.108+0000] {processor.py:186} INFO - Started process (PID=2792) to work on /opt/airflow/dags/premier_dag.py
[2025-10-17T14:02:26.109+0000] {processor.py:914} INFO - Processing file /opt/airflow/dags/premier_dag.py for tasks to queue
[2025-10-17T14:02:26.112+0000] {logging_mixin.py:190} INFO - [2025-10-17T14:02:26.111+0000] {dagbag.py:588} INFO - Filling up the DagBag from /opt/airflow/dags/premier_dag.py
[2025-10-17T14:02:26.126+0000] {processor.py:925} INFO - DAG(s) 'premier_dag_test' retrieved from /opt/airflow/dags/premier_dag.py
[2025-10-17T14:02:26.146+0000] {logging_mixin.py:190} INFO - [2025-10-17T14:02:26.146+0000] {dag.py:3239} INFO - Sync 1 DAGs
[2025-10-17T14:02:26.165+0000] {logging_mixin.py:190} INFO - [2025-10-17T14:02:26.165+0000] {dag.py:4180} INFO - Setting next_dagrun for premier_dag_test to 2025-06-02 00:00:00+00:00, run_after=2025-06-02 01:00:00+00:00
[2025-10-17T14:02:26.181+0000] {processor.py:208} INFO - Processing /opt/airflow/dags/premier_dag.py took 0.078 seconds
[2025-10-17T14:02:56.548+0000] {processor.py:186} INFO - Started process (PID=2809) to work on /opt/airflow/dags/premier_dag.py
[2025-10-17T14:02:56.549+0000] {processor.py:914} INFO - Processing file /opt/airflow/dags/premier_dag.py for tasks to queue
[2025-10-17T14:02:56.552+0000] {logging_mixin.py:190} INFO - [2025-10-17T14:02:56.552+0000] {dagbag.py:588} INFO - Filling up the DagBag from /opt/airflow/dags/premier_dag.py
[2025-10-17T14:02:56.570+0000] {processor.py:925} INFO - DAG(s) 'premier_dag_test' retrieved from /opt/airflow/dags/premier_dag.py
[2025-10-17T14:02:56.595+0000] {logging_mixin.py:190} INFO - [2025-10-17T14:02:56.594+0000] {dag.py:3239} INFO - Sync 1 DAGs
[2025-10-17T14:02:56.618+0000] {logging_mixin.py:190} INFO - [2025-10-17T14:02:56.618+0000] {dag.py:4180} INFO - Setting next_dagrun for premier_dag_test to 2025-06-02 00:00:00+00:00, run_after=2025-06-02 01:00:00+00:00
[2025-10-17T14:02:56.638+0000] {processor.py:208} INFO - Processing /opt/airflow/dags/premier_dag.py took 0.096 seconds
[2025-10-17T14:03:26.917+0000] {processor.py:186} INFO - Started process (PID=2826) to work on /opt/airflow/dags/premier_dag.py
[2025-10-17T14:03:26.918+0000] {processor.py:914} INFO - Processing file /opt/airflow/dags/premier_dag.py for tasks to queue
[2025-10-17T14:03:26.921+0000] {logging_mixin.py:190} INFO - [2025-10-17T14:03:26.920+0000] {dagbag.py:588} INFO - Filling up the DagBag from /opt/airflow/dags/premier_dag.py
[2025-10-17T14:03:26.935+0000] {processor.py:925} INFO - DAG(s) 'premier_dag_test' retrieved from /opt/airflow/dags/premier_dag.py
[2025-10-17T14:03:26.956+0000] {logging_mixin.py:190} INFO - [2025-10-17T14:03:26.956+0000] {dag.py:3239} INFO - Sync 1 DAGs
[2025-10-17T14:03:26.977+0000] {logging_mixin.py:190} INFO - [2025-10-17T14:03:26.977+0000] {dag.py:4180} INFO - Setting next_dagrun for premier_dag_test to 2025-06-02 00:00:00+00:00, run_after=2025-06-02 01:00:00+00:00
[2025-10-17T14:03:26.996+0000] {processor.py:208} INFO - Processing /opt/airflow/dags/premier_dag.py took 0.085 seconds
[2025-10-17T14:03:57.256+0000] {processor.py:186} INFO - Started process (PID=2843) to work on /opt/airflow/dags/premier_dag.py
[2025-10-17T14:03:57.257+0000] {processor.py:914} INFO - Processing file /opt/airflow/dags/premier_dag.py for tasks to queue
[2025-10-17T14:03:57.259+0000] {logging_mixin.py:190} INFO - [2025-10-17T14:03:57.259+0000] {dagbag.py:588} INFO - Filling up the DagBag from /opt/airflow/dags/premier_dag.py
[2025-10-17T14:03:57.273+0000] {processor.py:925} INFO - DAG(s) 'premier_dag_test' retrieved from /opt/airflow/dags/premier_dag.py
[2025-10-17T14:03:57.294+0000] {logging_mixin.py:190} INFO - [2025-10-17T14:03:57.294+0000] {dag.py:3239} INFO - Sync 1 DAGs
[2025-10-17T14:03:57.313+0000] {logging_mixin.py:190} INFO - [2025-10-17T14:03:57.313+0000] {dag.py:4180} INFO - Setting next_dagrun for premier_dag_test to 2025-06-02 00:00:00+00:00, run_after=2025-06-02 01:00:00+00:00
[2025-10-17T14:03:57.336+0000] {processor.py:208} INFO - Processing /opt/airflow/dags/premier_dag.py took 0.085 seconds
[2025-10-17T14:04:27.614+0000] {processor.py:186} INFO - Started process (PID=2860) to work on /opt/airflow/dags/premier_dag.py
[2025-10-17T14:04:27.615+0000] {processor.py:914} INFO - Processing file /opt/airflow/dags/premier_dag.py for tasks to queue
[2025-10-17T14:04:27.617+0000] {logging_mixin.py:190} INFO - [2025-10-17T14:04:27.616+0000] {dagbag.py:588} INFO - Filling up the DagBag from /opt/airflow/dags/premier_dag.py
[2025-10-17T14:04:27.631+0000] {processor.py:925} INFO - DAG(s) 'premier_dag_test' retrieved from /opt/airflow/dags/premier_dag.py
[2025-10-17T14:04:27.651+0000] {logging_mixin.py:190} INFO - [2025-10-17T14:04:27.651+0000] {dag.py:3239} INFO - Sync 1 DAGs
[2025-10-17T14:04:27.670+0000] {logging_mixin.py:190} INFO - [2025-10-17T14:04:27.670+0000] {dag.py:4180} INFO - Setting next_dagrun for premier_dag_test to 2025-06-02 00:00:00+00:00, run_after=2025-06-02 01:00:00+00:00
[2025-10-17T14:04:27.688+0000] {processor.py:208} INFO - Processing /opt/airflow/dags/premier_dag.py took 0.079 seconds
[2025-10-17T14:04:57.940+0000] {processor.py:186} INFO - Started process (PID=2877) to work on /opt/airflow/dags/premier_dag.py
[2025-10-17T14:04:57.940+0000] {processor.py:914} INFO - Processing file /opt/airflow/dags/premier_dag.py for tasks to queue
[2025-10-17T14:04:57.943+0000] {logging_mixin.py:190} INFO - [2025-10-17T14:04:57.942+0000] {dagbag.py:588} INFO - Filling up the DagBag from /opt/airflow/dags/premier_dag.py
[2025-10-17T14:04:57.960+0000] {processor.py:925} INFO - DAG(s) 'premier_dag_test' retrieved from /opt/airflow/dags/premier_dag.py
[2025-10-17T14:04:57.982+0000] {logging_mixin.py:190} INFO - [2025-10-17T14:04:57.982+0000] {dag.py:3239} INFO - Sync 1 DAGs
[2025-10-17T14:04:58.003+0000] {logging_mixin.py:190} INFO - [2025-10-17T14:04:58.002+0000] {dag.py:4180} INFO - Setting next_dagrun for premier_dag_test to 2025-06-02 00:00:00+00:00, run_after=2025-06-02 01:00:00+00:00
[2025-10-17T14:04:58.017+0000] {processor.py:208} INFO - Processing /opt/airflow/dags/premier_dag.py took 0.084 seconds
[2025-10-17T14:05:28.262+0000] {processor.py:186} INFO - Started process (PID=2894) to work on /opt/airflow/dags/premier_dag.py
[2025-10-17T14:05:28.263+0000] {processor.py:914} INFO - Processing file /opt/airflow/dags/premier_dag.py for tasks to queue
[2025-10-17T14:05:28.265+0000] {logging_mixin.py:190} INFO - [2025-10-17T14:05:28.265+0000] {dagbag.py:588} INFO - Filling up the DagBag from /opt/airflow/dags/premier_dag.py
[2025-10-17T14:05:28.280+0000] {processor.py:925} INFO - DAG(s) 'premier_dag_test' retrieved from /opt/airflow/dags/premier_dag.py
[2025-10-17T14:05:28.300+0000] {logging_mixin.py:190} INFO - [2025-10-17T14:05:28.300+0000] {dag.py:3239} INFO - Sync 1 DAGs
[2025-10-17T14:05:28.323+0000] {logging_mixin.py:190} INFO - [2025-10-17T14:05:28.323+0000] {dag.py:4180} INFO - Setting next_dagrun for premier_dag_test to 2025-06-02 00:00:00+00:00, run_after=2025-06-02 01:00:00+00:00
[2025-10-17T14:05:28.339+0000] {processor.py:208} INFO - Processing /opt/airflow/dags/premier_dag.py took 0.082 seconds
[2025-10-17T14:05:58.572+0000] {processor.py:186} INFO - Started process (PID=2911) to work on /opt/airflow/dags/premier_dag.py
[2025-10-17T14:05:58.572+0000] {processor.py:914} INFO - Processing file /opt/airflow/dags/premier_dag.py for tasks to queue
[2025-10-17T14:05:58.574+0000] {logging_mixin.py:190} INFO - [2025-10-17T14:05:58.574+0000] {dagbag.py:588} INFO - Filling up the DagBag from /opt/airflow/dags/premier_dag.py
[2025-10-17T14:05:58.591+0000] {processor.py:925} INFO - DAG(s) 'premier_dag_test' retrieved from /opt/airflow/dags/premier_dag.py
[2025-10-17T14:05:58.613+0000] {logging_mixin.py:190} INFO - [2025-10-17T14:05:58.612+0000] {dag.py:3239} INFO - Sync 1 DAGs
[2025-10-17T14:05:58.632+0000] {logging_mixin.py:190} INFO - [2025-10-17T14:05:58.631+0000] {dag.py:4180} INFO - Setting next_dagrun for premier_dag_test to 2025-06-02 00:00:00+00:00, run_after=2025-06-02 01:00:00+00:00
[2025-10-17T14:05:58.650+0000] {processor.py:208} INFO - Processing /opt/airflow/dags/premier_dag.py took 0.084 seconds
[2025-10-17T14:06:28.894+0000] {processor.py:186} INFO - Started process (PID=2928) to work on /opt/airflow/dags/premier_dag.py
[2025-10-17T14:06:28.895+0000] {processor.py:914} INFO - Processing file /opt/airflow/dags/premier_dag.py for tasks to queue
[2025-10-17T14:06:28.897+0000] {logging_mixin.py:190} INFO - [2025-10-17T14:06:28.897+0000] {dagbag.py:588} INFO - Filling up the DagBag from /opt/airflow/dags/premier_dag.py
[2025-10-17T14:06:28.911+0000] {processor.py:925} INFO - DAG(s) 'premier_dag_test' retrieved from /opt/airflow/dags/premier_dag.py
[2025-10-17T14:06:28.931+0000] {logging_mixin.py:190} INFO - [2025-10-17T14:06:28.931+0000] {dag.py:3239} INFO - Sync 1 DAGs
[2025-10-17T14:06:28.955+0000] {logging_mixin.py:190} INFO - [2025-10-17T14:06:28.955+0000] {dag.py:4180} INFO - Setting next_dagrun for premier_dag_test to 2025-06-02 00:00:00+00:00, run_after=2025-06-02 01:00:00+00:00
[2025-10-17T14:06:28.974+0000] {processor.py:208} INFO - Processing /opt/airflow/dags/premier_dag.py took 0.085 seconds
[2025-10-17T14:06:59.214+0000] {processor.py:186} INFO - Started process (PID=2945) to work on /opt/airflow/dags/premier_dag.py
[2025-10-17T14:06:59.215+0000] {processor.py:914} INFO - Processing file /opt/airflow/dags/premier_dag.py for tasks to queue
[2025-10-17T14:06:59.217+0000] {logging_mixin.py:190} INFO - [2025-10-17T14:06:59.217+0000] {dagbag.py:588} INFO - Filling up the DagBag from /opt/airflow/dags/premier_dag.py
[2025-10-17T14:06:59.232+0000] {processor.py:925} INFO - DAG(s) 'premier_dag_test' retrieved from /opt/airflow/dags/premier_dag.py
[2025-10-17T14:06:59.253+0000] {logging_mixin.py:190} INFO - [2025-10-17T14:06:59.252+0000] {dag.py:3239} INFO - Sync 1 DAGs
[2025-10-17T14:06:59.271+0000] {logging_mixin.py:190} INFO - [2025-10-17T14:06:59.271+0000] {dag.py:4180} INFO - Setting next_dagrun for premier_dag_test to 2025-06-02 00:00:00+00:00, run_after=2025-06-02 01:00:00+00:00
[2025-10-17T14:06:59.291+0000] {processor.py:208} INFO - Processing /opt/airflow/dags/premier_dag.py took 0.083 seconds
[2025-10-17T14:07:29.550+0000] {processor.py:186} INFO - Started process (PID=2962) to work on /opt/airflow/dags/premier_dag.py
[2025-10-17T14:07:29.551+0000] {processor.py:914} INFO - Processing file /opt/airflow/dags/premier_dag.py for tasks to queue
[2025-10-17T14:07:29.553+0000] {logging_mixin.py:190} INFO - [2025-10-17T14:07:29.553+0000] {dagbag.py:588} INFO - Filling up the DagBag from /opt/airflow/dags/premier_dag.py
[2025-10-17T14:07:29.569+0000] {processor.py:925} INFO - DAG(s) 'premier_dag_test' retrieved from /opt/airflow/dags/premier_dag.py
[2025-10-17T14:07:29.589+0000] {logging_mixin.py:190} INFO - [2025-10-17T14:07:29.589+0000] {dag.py:3239} INFO - Sync 1 DAGs
[2025-10-17T14:07:29.609+0000] {logging_mixin.py:190} INFO - [2025-10-17T14:07:29.609+0000] {dag.py:4180} INFO - Setting next_dagrun for premier_dag_test to 2025-06-02 00:00:00+00:00, run_after=2025-06-02 01:00:00+00:00
[2025-10-17T14:07:29.631+0000] {processor.py:208} INFO - Processing /opt/airflow/dags/premier_dag.py took 0.085 seconds
[2025-10-17T14:07:59.863+0000] {processor.py:186} INFO - Started process (PID=2979) to work on /opt/airflow/dags/premier_dag.py
[2025-10-17T14:07:59.864+0000] {processor.py:914} INFO - Processing file /opt/airflow/dags/premier_dag.py for tasks to queue
[2025-10-17T14:07:59.866+0000] {logging_mixin.py:190} INFO - [2025-10-17T14:07:59.866+0000] {dagbag.py:588} INFO - Filling up the DagBag from /opt/airflow/dags/premier_dag.py
[2025-10-17T14:07:59.882+0000] {processor.py:925} INFO - DAG(s) 'premier_dag_test' retrieved from /opt/airflow/dags/premier_dag.py
[2025-10-17T14:07:59.903+0000] {logging_mixin.py:190} INFO - [2025-10-17T14:07:59.903+0000] {dag.py:3239} INFO - Sync 1 DAGs
[2025-10-17T14:08:00.057+0000] {logging_mixin.py:190} INFO - [2025-10-17T14:08:00.057+0000] {dag.py:4180} INFO - Setting next_dagrun for premier_dag_test to 2025-06-02 00:00:00+00:00, run_after=2025-06-02 01:00:00+00:00
[2025-10-17T14:08:00.075+0000] {processor.py:208} INFO - Processing /opt/airflow/dags/premier_dag.py took 0.217 seconds
[2025-10-17T14:08:30.319+0000] {processor.py:186} INFO - Started process (PID=2996) to work on /opt/airflow/dags/premier_dag.py
[2025-10-17T14:08:30.320+0000] {processor.py:914} INFO - Processing file /opt/airflow/dags/premier_dag.py for tasks to queue
[2025-10-17T14:08:30.321+0000] {logging_mixin.py:190} INFO - [2025-10-17T14:08:30.321+0000] {dagbag.py:588} INFO - Filling up the DagBag from /opt/airflow/dags/premier_dag.py
[2025-10-17T14:08:30.337+0000] {processor.py:925} INFO - DAG(s) 'premier_dag_test' retrieved from /opt/airflow/dags/premier_dag.py
[2025-10-17T14:08:30.358+0000] {logging_mixin.py:190} INFO - [2025-10-17T14:08:30.357+0000] {dag.py:3239} INFO - Sync 1 DAGs
[2025-10-17T14:08:30.377+0000] {logging_mixin.py:190} INFO - [2025-10-17T14:08:30.377+0000] {dag.py:4180} INFO - Setting next_dagrun for premier_dag_test to 2025-06-02 00:00:00+00:00, run_after=2025-06-02 01:00:00+00:00
[2025-10-17T14:08:30.395+0000] {processor.py:208} INFO - Processing /opt/airflow/dags/premier_dag.py took 0.081 seconds
[2025-10-17T14:09:00.637+0000] {processor.py:186} INFO - Started process (PID=3013) to work on /opt/airflow/dags/premier_dag.py
[2025-10-17T14:09:00.638+0000] {processor.py:914} INFO - Processing file /opt/airflow/dags/premier_dag.py for tasks to queue
[2025-10-17T14:09:00.640+0000] {logging_mixin.py:190} INFO - [2025-10-17T14:09:00.640+0000] {dagbag.py:588} INFO - Filling up the DagBag from /opt/airflow/dags/premier_dag.py
[2025-10-17T14:09:00.655+0000] {processor.py:925} INFO - DAG(s) 'premier_dag_test' retrieved from /opt/airflow/dags/premier_dag.py
[2025-10-17T14:09:00.676+0000] {logging_mixin.py:190} INFO - [2025-10-17T14:09:00.676+0000] {dag.py:3239} INFO - Sync 1 DAGs
[2025-10-17T14:09:00.695+0000] {logging_mixin.py:190} INFO - [2025-10-17T14:09:00.695+0000] {dag.py:4180} INFO - Setting next_dagrun for premier_dag_test to 2025-06-02 00:00:00+00:00, run_after=2025-06-02 01:00:00+00:00
[2025-10-17T14:09:00.715+0000] {processor.py:208} INFO - Processing /opt/airflow/dags/premier_dag.py took 0.083 seconds
[2025-10-17T14:09:30.984+0000] {processor.py:186} INFO - Started process (PID=3037) to work on /opt/airflow/dags/premier_dag.py
[2025-10-17T14:09:30.984+0000] {processor.py:914} INFO - Processing file /opt/airflow/dags/premier_dag.py for tasks to queue
[2025-10-17T14:09:30.987+0000] {logging_mixin.py:190} INFO - [2025-10-17T14:09:30.987+0000] {dagbag.py:588} INFO - Filling up the DagBag from /opt/airflow/dags/premier_dag.py
[2025-10-17T14:09:31.002+0000] {processor.py:925} INFO - DAG(s) 'premier_dag_test' retrieved from /opt/airflow/dags/premier_dag.py
[2025-10-17T14:09:31.022+0000] {logging_mixin.py:190} INFO - [2025-10-17T14:09:31.022+0000] {dag.py:3239} INFO - Sync 1 DAGs
[2025-10-17T14:09:31.041+0000] {logging_mixin.py:190} INFO - [2025-10-17T14:09:31.041+0000] {dag.py:4180} INFO - Setting next_dagrun for premier_dag_test to 2025-06-02 00:00:00+00:00, run_after=2025-06-02 01:00:00+00:00
[2025-10-17T14:09:31.058+0000] {processor.py:208} INFO - Processing /opt/airflow/dags/premier_dag.py took 0.079 seconds
[2025-10-17T14:10:01.300+0000] {processor.py:186} INFO - Started process (PID=3054) to work on /opt/airflow/dags/premier_dag.py
[2025-10-17T14:10:01.301+0000] {processor.py:914} INFO - Processing file /opt/airflow/dags/premier_dag.py for tasks to queue
[2025-10-17T14:10:01.303+0000] {logging_mixin.py:190} INFO - [2025-10-17T14:10:01.303+0000] {dagbag.py:588} INFO - Filling up the DagBag from /opt/airflow/dags/premier_dag.py
[2025-10-17T14:10:01.317+0000] {processor.py:925} INFO - DAG(s) 'premier_dag_test' retrieved from /opt/airflow/dags/premier_dag.py
[2025-10-17T14:10:01.336+0000] {logging_mixin.py:190} INFO - [2025-10-17T14:10:01.336+0000] {dag.py:3239} INFO - Sync 1 DAGs
[2025-10-17T14:10:01.355+0000] {logging_mixin.py:190} INFO - [2025-10-17T14:10:01.355+0000] {dag.py:4180} INFO - Setting next_dagrun for premier_dag_test to 2025-06-02 00:00:00+00:00, run_after=2025-06-02 01:00:00+00:00
[2025-10-17T14:10:01.374+0000] {processor.py:208} INFO - Processing /opt/airflow/dags/premier_dag.py took 0.080 seconds
[2025-10-17T14:10:31.618+0000] {processor.py:186} INFO - Started process (PID=3071) to work on /opt/airflow/dags/premier_dag.py
[2025-10-17T14:10:31.619+0000] {processor.py:914} INFO - Processing file /opt/airflow/dags/premier_dag.py for tasks to queue
[2025-10-17T14:10:31.621+0000] {logging_mixin.py:190} INFO - [2025-10-17T14:10:31.621+0000] {dagbag.py:588} INFO - Filling up the DagBag from /opt/airflow/dags/premier_dag.py
[2025-10-17T14:10:31.637+0000] {processor.py:925} INFO - DAG(s) 'premier_dag_test' retrieved from /opt/airflow/dags/premier_dag.py
[2025-10-17T14:10:31.658+0000] {logging_mixin.py:190} INFO - [2025-10-17T14:10:31.658+0000] {dag.py:3239} INFO - Sync 1 DAGs
[2025-10-17T14:10:31.678+0000] {logging_mixin.py:190} INFO - [2025-10-17T14:10:31.677+0000] {dag.py:4180} INFO - Setting next_dagrun for premier_dag_test to 2025-06-02 00:00:00+00:00, run_after=2025-06-02 01:00:00+00:00
[2025-10-17T14:10:31.696+0000] {processor.py:208} INFO - Processing /opt/airflow/dags/premier_dag.py took 0.084 seconds
[2025-10-17T14:11:01.958+0000] {processor.py:186} INFO - Started process (PID=3088) to work on /opt/airflow/dags/premier_dag.py
[2025-10-17T14:11:01.959+0000] {processor.py:914} INFO - Processing file /opt/airflow/dags/premier_dag.py for tasks to queue
[2025-10-17T14:11:01.962+0000] {logging_mixin.py:190} INFO - [2025-10-17T14:11:01.961+0000] {dagbag.py:588} INFO - Filling up the DagBag from /opt/airflow/dags/premier_dag.py
[2025-10-17T14:11:01.977+0000] {processor.py:925} INFO - DAG(s) 'premier_dag_test' retrieved from /opt/airflow/dags/premier_dag.py
[2025-10-17T14:11:02.002+0000] {logging_mixin.py:190} INFO - [2025-10-17T14:11:02.001+0000] {dag.py:3239} INFO - Sync 1 DAGs
[2025-10-17T14:11:02.022+0000] {logging_mixin.py:190} INFO - [2025-10-17T14:11:02.022+0000] {dag.py:4180} INFO - Setting next_dagrun for premier_dag_test to 2025-06-02 00:00:00+00:00, run_after=2025-06-02 01:00:00+00:00
[2025-10-17T14:11:02.164+0000] {processor.py:208} INFO - Processing /opt/airflow/dags/premier_dag.py took 0.211 seconds
[2025-10-17T14:11:32.442+0000] {processor.py:186} INFO - Started process (PID=3105) to work on /opt/airflow/dags/premier_dag.py
[2025-10-17T14:11:32.443+0000] {processor.py:914} INFO - Processing file /opt/airflow/dags/premier_dag.py for tasks to queue
[2025-10-17T14:11:32.445+0000] {logging_mixin.py:190} INFO - [2025-10-17T14:11:32.445+0000] {dagbag.py:588} INFO - Filling up the DagBag from /opt/airflow/dags/premier_dag.py
[2025-10-17T14:11:32.461+0000] {processor.py:925} INFO - DAG(s) 'premier_dag_test' retrieved from /opt/airflow/dags/premier_dag.py
[2025-10-17T14:11:32.482+0000] {logging_mixin.py:190} INFO - [2025-10-17T14:11:32.482+0000] {dag.py:3239} INFO - Sync 1 DAGs
[2025-10-17T14:11:32.503+0000] {logging_mixin.py:190} INFO - [2025-10-17T14:11:32.502+0000] {dag.py:4180} INFO - Setting next_dagrun for premier_dag_test to 2025-06-02 00:00:00+00:00, run_after=2025-06-02 01:00:00+00:00
[2025-10-17T14:11:32.521+0000] {processor.py:208} INFO - Processing /opt/airflow/dags/premier_dag.py took 0.085 seconds
[2025-10-17T14:12:02.734+0000] {processor.py:186} INFO - Started process (PID=3122) to work on /opt/airflow/dags/premier_dag.py
[2025-10-17T14:12:02.734+0000] {processor.py:914} INFO - Processing file /opt/airflow/dags/premier_dag.py for tasks to queue
[2025-10-17T14:12:02.737+0000] {logging_mixin.py:190} INFO - [2025-10-17T14:12:02.736+0000] {dagbag.py:588} INFO - Filling up the DagBag from /opt/airflow/dags/premier_dag.py
[2025-10-17T14:12:02.751+0000] {processor.py:925} INFO - DAG(s) 'premier_dag_test' retrieved from /opt/airflow/dags/premier_dag.py
[2025-10-17T14:12:02.771+0000] {logging_mixin.py:190} INFO - [2025-10-17T14:12:02.771+0000] {dag.py:3239} INFO - Sync 1 DAGs
[2025-10-17T14:12:02.791+0000] {logging_mixin.py:190} INFO - [2025-10-17T14:12:02.791+0000] {dag.py:4180} INFO - Setting next_dagrun for premier_dag_test to 2025-06-02 00:00:00+00:00, run_after=2025-06-02 01:00:00+00:00
[2025-10-17T14:12:02.808+0000] {processor.py:208} INFO - Processing /opt/airflow/dags/premier_dag.py took 0.080 seconds
[2025-10-17T14:12:33.079+0000] {processor.py:186} INFO - Started process (PID=3139) to work on /opt/airflow/dags/premier_dag.py
[2025-10-17T14:12:33.079+0000] {processor.py:914} INFO - Processing file /opt/airflow/dags/premier_dag.py for tasks to queue
[2025-10-17T14:12:33.082+0000] {logging_mixin.py:190} INFO - [2025-10-17T14:12:33.081+0000] {dagbag.py:588} INFO - Filling up the DagBag from /opt/airflow/dags/premier_dag.py
[2025-10-17T14:12:33.097+0000] {processor.py:925} INFO - DAG(s) 'premier_dag_test' retrieved from /opt/airflow/dags/premier_dag.py
[2025-10-17T14:12:33.118+0000] {logging_mixin.py:190} INFO - [2025-10-17T14:12:33.118+0000] {dag.py:3239} INFO - Sync 1 DAGs
[2025-10-17T14:12:33.138+0000] {logging_mixin.py:190} INFO - [2025-10-17T14:12:33.138+0000] {dag.py:4180} INFO - Setting next_dagrun for premier_dag_test to 2025-06-02 00:00:00+00:00, run_after=2025-06-02 01:00:00+00:00
[2025-10-17T14:12:33.158+0000] {processor.py:208} INFO - Processing /opt/airflow/dags/premier_dag.py took 0.084 seconds
[2025-10-17T14:13:03.409+0000] {processor.py:186} INFO - Started process (PID=3156) to work on /opt/airflow/dags/premier_dag.py
[2025-10-17T14:13:03.410+0000] {processor.py:914} INFO - Processing file /opt/airflow/dags/premier_dag.py for tasks to queue
[2025-10-17T14:13:03.413+0000] {logging_mixin.py:190} INFO - [2025-10-17T14:13:03.412+0000] {dagbag.py:588} INFO - Filling up the DagBag from /opt/airflow/dags/premier_dag.py
[2025-10-17T14:13:03.427+0000] {processor.py:925} INFO - DAG(s) 'premier_dag_test' retrieved from /opt/airflow/dags/premier_dag.py
[2025-10-17T14:13:03.448+0000] {logging_mixin.py:190} INFO - [2025-10-17T14:13:03.447+0000] {dag.py:3239} INFO - Sync 1 DAGs
[2025-10-17T14:13:03.466+0000] {logging_mixin.py:190} INFO - [2025-10-17T14:13:03.466+0000] {dag.py:4180} INFO - Setting next_dagrun for premier_dag_test to 2025-06-02 00:00:00+00:00, run_after=2025-06-02 01:00:00+00:00
[2025-10-17T14:13:03.481+0000] {processor.py:208} INFO - Processing /opt/airflow/dags/premier_dag.py took 0.077 seconds
[2025-10-17T14:13:33.703+0000] {processor.py:186} INFO - Started process (PID=3173) to work on /opt/airflow/dags/premier_dag.py
[2025-10-17T14:13:33.704+0000] {processor.py:914} INFO - Processing file /opt/airflow/dags/premier_dag.py for tasks to queue
[2025-10-17T14:13:33.706+0000] {logging_mixin.py:190} INFO - [2025-10-17T14:13:33.706+0000] {dagbag.py:588} INFO - Filling up the DagBag from /opt/airflow/dags/premier_dag.py
[2025-10-17T14:13:33.720+0000] {processor.py:925} INFO - DAG(s) 'premier_dag_test' retrieved from /opt/airflow/dags/premier_dag.py
[2025-10-17T14:13:33.740+0000] {logging_mixin.py:190} INFO - [2025-10-17T14:13:33.740+0000] {dag.py:3239} INFO - Sync 1 DAGs
[2025-10-17T14:13:33.759+0000] {logging_mixin.py:190} INFO - [2025-10-17T14:13:33.758+0000] {dag.py:4180} INFO - Setting next_dagrun for premier_dag_test to 2025-06-02 00:00:00+00:00, run_after=2025-06-02 01:00:00+00:00
[2025-10-17T14:13:33.778+0000] {processor.py:208} INFO - Processing /opt/airflow/dags/premier_dag.py took 0.080 seconds
[2025-10-17T14:14:04.026+0000] {processor.py:186} INFO - Started process (PID=3190) to work on /opt/airflow/dags/premier_dag.py
[2025-10-17T14:14:04.027+0000] {processor.py:914} INFO - Processing file /opt/airflow/dags/premier_dag.py for tasks to queue
[2025-10-17T14:14:04.029+0000] {logging_mixin.py:190} INFO - [2025-10-17T14:14:04.029+0000] {dagbag.py:588} INFO - Filling up the DagBag from /opt/airflow/dags/premier_dag.py
[2025-10-17T14:14:04.044+0000] {processor.py:925} INFO - DAG(s) 'premier_dag_test' retrieved from /opt/airflow/dags/premier_dag.py
[2025-10-17T14:14:04.065+0000] {logging_mixin.py:190} INFO - [2025-10-17T14:14:04.065+0000] {dag.py:3239} INFO - Sync 1 DAGs
[2025-10-17T14:14:04.086+0000] {logging_mixin.py:190} INFO - [2025-10-17T14:14:04.086+0000] {dag.py:4180} INFO - Setting next_dagrun for premier_dag_test to 2025-06-02 00:00:00+00:00, run_after=2025-06-02 01:00:00+00:00
[2025-10-17T14:14:04.223+0000] {processor.py:208} INFO - Processing /opt/airflow/dags/premier_dag.py took 0.202 seconds
[2025-10-17T14:14:34.511+0000] {processor.py:186} INFO - Started process (PID=3207) to work on /opt/airflow/dags/premier_dag.py
[2025-10-17T14:14:34.512+0000] {processor.py:914} INFO - Processing file /opt/airflow/dags/premier_dag.py for tasks to queue
[2025-10-17T14:14:34.514+0000] {logging_mixin.py:190} INFO - [2025-10-17T14:14:34.514+0000] {dagbag.py:588} INFO - Filling up the DagBag from /opt/airflow/dags/premier_dag.py
[2025-10-17T14:14:34.528+0000] {processor.py:925} INFO - DAG(s) 'premier_dag_test' retrieved from /opt/airflow/dags/premier_dag.py
[2025-10-17T14:14:34.549+0000] {logging_mixin.py:190} INFO - [2025-10-17T14:14:34.549+0000] {dag.py:3239} INFO - Sync 1 DAGs
[2025-10-17T14:14:34.570+0000] {logging_mixin.py:190} INFO - [2025-10-17T14:14:34.570+0000] {dag.py:4180} INFO - Setting next_dagrun for premier_dag_test to 2025-06-02 00:00:00+00:00, run_after=2025-06-02 01:00:00+00:00
[2025-10-17T14:14:34.591+0000] {processor.py:208} INFO - Processing /opt/airflow/dags/premier_dag.py took 0.085 seconds
[2025-10-17T14:15:04.831+0000] {processor.py:186} INFO - Started process (PID=3224) to work on /opt/airflow/dags/premier_dag.py
[2025-10-17T14:15:04.831+0000] {processor.py:914} INFO - Processing file /opt/airflow/dags/premier_dag.py for tasks to queue
[2025-10-17T14:15:04.833+0000] {logging_mixin.py:190} INFO - [2025-10-17T14:15:04.833+0000] {dagbag.py:588} INFO - Filling up the DagBag from /opt/airflow/dags/premier_dag.py
[2025-10-17T14:15:04.848+0000] {processor.py:925} INFO - DAG(s) 'premier_dag_test' retrieved from /opt/airflow/dags/premier_dag.py
[2025-10-17T14:15:04.869+0000] {logging_mixin.py:190} INFO - [2025-10-17T14:15:04.868+0000] {dag.py:3239} INFO - Sync 1 DAGs
[2025-10-17T14:15:04.887+0000] {logging_mixin.py:190} INFO - [2025-10-17T14:15:04.887+0000] {dag.py:4180} INFO - Setting next_dagrun for premier_dag_test to 2025-06-02 00:00:00+00:00, run_after=2025-06-02 01:00:00+00:00
[2025-10-17T14:15:04.903+0000] {processor.py:208} INFO - Processing /opt/airflow/dags/premier_dag.py took 0.077 seconds
[2025-10-17T14:15:35.139+0000] {processor.py:186} INFO - Started process (PID=3241) to work on /opt/airflow/dags/premier_dag.py
[2025-10-17T14:15:35.139+0000] {processor.py:914} INFO - Processing file /opt/airflow/dags/premier_dag.py for tasks to queue
[2025-10-17T14:15:35.141+0000] {logging_mixin.py:190} INFO - [2025-10-17T14:15:35.141+0000] {dagbag.py:588} INFO - Filling up the DagBag from /opt/airflow/dags/premier_dag.py
[2025-10-17T14:15:35.157+0000] {processor.py:925} INFO - DAG(s) 'premier_dag_test' retrieved from /opt/airflow/dags/premier_dag.py
[2025-10-17T14:15:35.178+0000] {logging_mixin.py:190} INFO - [2025-10-17T14:15:35.178+0000] {dag.py:3239} INFO - Sync 1 DAGs
[2025-10-17T14:15:35.198+0000] {logging_mixin.py:190} INFO - [2025-10-17T14:15:35.198+0000] {dag.py:4180} INFO - Setting next_dagrun for premier_dag_test to 2025-06-02 00:00:00+00:00, run_after=2025-06-02 01:00:00+00:00
[2025-10-17T14:15:35.213+0000] {processor.py:208} INFO - Processing /opt/airflow/dags/premier_dag.py took 0.081 seconds
[2025-10-17T14:16:05.444+0000] {processor.py:186} INFO - Started process (PID=3258) to work on /opt/airflow/dags/premier_dag.py
[2025-10-17T14:16:05.445+0000] {processor.py:914} INFO - Processing file /opt/airflow/dags/premier_dag.py for tasks to queue
[2025-10-17T14:16:05.447+0000] {logging_mixin.py:190} INFO - [2025-10-17T14:16:05.446+0000] {dagbag.py:588} INFO - Filling up the DagBag from /opt/airflow/dags/premier_dag.py
[2025-10-17T14:16:05.461+0000] {processor.py:925} INFO - DAG(s) 'premier_dag_test' retrieved from /opt/airflow/dags/premier_dag.py
[2025-10-17T14:16:05.481+0000] {logging_mixin.py:190} INFO - [2025-10-17T14:16:05.481+0000] {dag.py:3239} INFO - Sync 1 DAGs
[2025-10-17T14:16:05.500+0000] {logging_mixin.py:190} INFO - [2025-10-17T14:16:05.500+0000] {dag.py:4180} INFO - Setting next_dagrun for premier_dag_test to 2025-06-02 00:00:00+00:00, run_after=2025-06-02 01:00:00+00:00
[2025-10-17T14:16:05.519+0000] {processor.py:208} INFO - Processing /opt/airflow/dags/premier_dag.py took 0.081 seconds
[2025-10-17T14:16:35.706+0000] {processor.py:186} INFO - Started process (PID=3275) to work on /opt/airflow/dags/premier_dag.py
[2025-10-17T14:16:35.707+0000] {processor.py:914} INFO - Processing file /opt/airflow/dags/premier_dag.py for tasks to queue
[2025-10-17T14:16:35.709+0000] {logging_mixin.py:190} INFO - [2025-10-17T14:16:35.708+0000] {dagbag.py:588} INFO - Filling up the DagBag from /opt/airflow/dags/premier_dag.py
[2025-10-17T14:16:35.723+0000] {processor.py:925} INFO - DAG(s) 'premier_dag_test' retrieved from /opt/airflow/dags/premier_dag.py
[2025-10-17T14:16:35.743+0000] {logging_mixin.py:190} INFO - [2025-10-17T14:16:35.743+0000] {dag.py:3239} INFO - Sync 1 DAGs
[2025-10-17T14:16:35.762+0000] {logging_mixin.py:190} INFO - [2025-10-17T14:16:35.761+0000] {dag.py:4180} INFO - Setting next_dagrun for premier_dag_test to 2025-06-02 00:00:00+00:00, run_after=2025-06-02 01:00:00+00:00
[2025-10-17T14:16:35.778+0000] {processor.py:208} INFO - Processing /opt/airflow/dags/premier_dag.py took 0.077 seconds
[2025-10-17T14:17:06.000+0000] {processor.py:186} INFO - Started process (PID=3292) to work on /opt/airflow/dags/premier_dag.py
[2025-10-17T14:17:06.001+0000] {processor.py:914} INFO - Processing file /opt/airflow/dags/premier_dag.py for tasks to queue
[2025-10-17T14:17:06.003+0000] {logging_mixin.py:190} INFO - [2025-10-17T14:17:06.002+0000] {dagbag.py:588} INFO - Filling up the DagBag from /opt/airflow/dags/premier_dag.py
[2025-10-17T14:17:06.018+0000] {processor.py:925} INFO - DAG(s) 'premier_dag_test' retrieved from /opt/airflow/dags/premier_dag.py
[2025-10-17T14:17:06.039+0000] {logging_mixin.py:190} INFO - [2025-10-17T14:17:06.039+0000] {dag.py:3239} INFO - Sync 1 DAGs
[2025-10-17T14:17:06.060+0000] {logging_mixin.py:190} INFO - [2025-10-17T14:17:06.060+0000] {dag.py:4180} INFO - Setting next_dagrun for premier_dag_test to 2025-06-02 00:00:00+00:00, run_after=2025-06-02 01:00:00+00:00
[2025-10-17T14:17:06.199+0000] {processor.py:208} INFO - Processing /opt/airflow/dags/premier_dag.py took 0.204 seconds
[2025-10-17T14:17:36.429+0000] {processor.py:186} INFO - Started process (PID=3309) to work on /opt/airflow/dags/premier_dag.py
[2025-10-17T14:17:36.430+0000] {processor.py:914} INFO - Processing file /opt/airflow/dags/premier_dag.py for tasks to queue
[2025-10-17T14:17:36.432+0000] {logging_mixin.py:190} INFO - [2025-10-17T14:17:36.432+0000] {dagbag.py:588} INFO - Filling up the DagBag from /opt/airflow/dags/premier_dag.py
[2025-10-17T14:17:36.447+0000] {processor.py:925} INFO - DAG(s) 'premier_dag_test' retrieved from /opt/airflow/dags/premier_dag.py
[2025-10-17T14:17:36.466+0000] {logging_mixin.py:190} INFO - [2025-10-17T14:17:36.466+0000] {dag.py:3239} INFO - Sync 1 DAGs
[2025-10-17T14:17:36.485+0000] {logging_mixin.py:190} INFO - [2025-10-17T14:17:36.485+0000] {dag.py:4180} INFO - Setting next_dagrun for premier_dag_test to 2025-06-02 00:00:00+00:00, run_after=2025-06-02 01:00:00+00:00
[2025-10-17T14:17:36.503+0000] {processor.py:208} INFO - Processing /opt/airflow/dags/premier_dag.py took 0.079 seconds
[2025-10-17T14:18:06.678+0000] {processor.py:186} INFO - Started process (PID=3323) to work on /opt/airflow/dags/premier_dag.py
[2025-10-17T14:18:06.679+0000] {processor.py:914} INFO - Processing file /opt/airflow/dags/premier_dag.py for tasks to queue
[2025-10-17T14:18:06.681+0000] {logging_mixin.py:190} INFO - [2025-10-17T14:18:06.681+0000] {dagbag.py:588} INFO - Filling up the DagBag from /opt/airflow/dags/premier_dag.py
[2025-10-17T14:18:06.694+0000] {processor.py:925} INFO - DAG(s) 'premier_dag_test' retrieved from /opt/airflow/dags/premier_dag.py
[2025-10-17T14:18:06.715+0000] {logging_mixin.py:190} INFO - [2025-10-17T14:18:06.715+0000] {dag.py:3239} INFO - Sync 1 DAGs
[2025-10-17T14:18:06.735+0000] {logging_mixin.py:190} INFO - [2025-10-17T14:18:06.735+0000] {dag.py:4180} INFO - Setting next_dagrun for premier_dag_test to 2025-06-02 00:00:00+00:00, run_after=2025-06-02 01:00:00+00:00
[2025-10-17T14:18:06.755+0000] {processor.py:208} INFO - Processing /opt/airflow/dags/premier_dag.py took 0.082 seconds
[2025-10-17T14:18:37.112+0000] {processor.py:186} INFO - Started process (PID=3338) to work on /opt/airflow/dags/premier_dag.py
[2025-10-17T14:18:37.113+0000] {processor.py:914} INFO - Processing file /opt/airflow/dags/premier_dag.py for tasks to queue
[2025-10-17T14:18:37.114+0000] {logging_mixin.py:190} INFO - [2025-10-17T14:18:37.114+0000] {dagbag.py:588} INFO - Filling up the DagBag from /opt/airflow/dags/premier_dag.py
[2025-10-17T14:18:37.129+0000] {processor.py:925} INFO - DAG(s) 'premier_dag_test' retrieved from /opt/airflow/dags/premier_dag.py
[2025-10-17T14:18:37.150+0000] {logging_mixin.py:190} INFO - [2025-10-17T14:18:37.150+0000] {dag.py:3239} INFO - Sync 1 DAGs
[2025-10-17T14:18:37.168+0000] {logging_mixin.py:190} INFO - [2025-10-17T14:18:37.168+0000] {dag.py:4180} INFO - Setting next_dagrun for premier_dag_test to 2025-06-02 00:00:00+00:00, run_after=2025-06-02 01:00:00+00:00
[2025-10-17T14:18:37.184+0000] {processor.py:208} INFO - Processing /opt/airflow/dags/premier_dag.py took 0.078 seconds
[2025-10-17T14:19:07.509+0000] {processor.py:186} INFO - Started process (PID=3355) to work on /opt/airflow/dags/premier_dag.py
[2025-10-17T14:19:07.510+0000] {processor.py:914} INFO - Processing file /opt/airflow/dags/premier_dag.py for tasks to queue
[2025-10-17T14:19:07.512+0000] {logging_mixin.py:190} INFO - [2025-10-17T14:19:07.512+0000] {dagbag.py:588} INFO - Filling up the DagBag from /opt/airflow/dags/premier_dag.py
[2025-10-17T14:19:07.526+0000] {processor.py:925} INFO - DAG(s) 'premier_dag_test' retrieved from /opt/airflow/dags/premier_dag.py
[2025-10-17T14:19:07.546+0000] {logging_mixin.py:190} INFO - [2025-10-17T14:19:07.545+0000] {dag.py:3239} INFO - Sync 1 DAGs
[2025-10-17T14:19:07.564+0000] {logging_mixin.py:190} INFO - [2025-10-17T14:19:07.564+0000] {dag.py:4180} INFO - Setting next_dagrun for premier_dag_test to 2025-06-02 00:00:00+00:00, run_after=2025-06-02 01:00:00+00:00
[2025-10-17T14:19:07.581+0000] {processor.py:208} INFO - Processing /opt/airflow/dags/premier_dag.py took 0.077 seconds
[2025-10-17T14:19:37.920+0000] {processor.py:186} INFO - Started process (PID=3372) to work on /opt/airflow/dags/premier_dag.py
[2025-10-17T14:19:37.921+0000] {processor.py:914} INFO - Processing file /opt/airflow/dags/premier_dag.py for tasks to queue
[2025-10-17T14:19:37.924+0000] {logging_mixin.py:190} INFO - [2025-10-17T14:19:37.924+0000] {dagbag.py:588} INFO - Filling up the DagBag from /opt/airflow/dags/premier_dag.py
[2025-10-17T14:19:37.939+0000] {processor.py:925} INFO - DAG(s) 'premier_dag_test' retrieved from /opt/airflow/dags/premier_dag.py
[2025-10-17T14:19:37.959+0000] {logging_mixin.py:190} INFO - [2025-10-17T14:19:37.959+0000] {dag.py:3239} INFO - Sync 1 DAGs
[2025-10-17T14:19:37.979+0000] {logging_mixin.py:190} INFO - [2025-10-17T14:19:37.979+0000] {dag.py:4180} INFO - Setting next_dagrun for premier_dag_test to 2025-06-02 00:00:00+00:00, run_after=2025-06-02 01:00:00+00:00
[2025-10-17T14:19:38.001+0000] {processor.py:208} INFO - Processing /opt/airflow/dags/premier_dag.py took 0.086 seconds
[2025-10-17T14:20:08.370+0000] {processor.py:186} INFO - Started process (PID=3389) to work on /opt/airflow/dags/premier_dag.py
[2025-10-17T14:20:08.371+0000] {processor.py:914} INFO - Processing file /opt/airflow/dags/premier_dag.py for tasks to queue
[2025-10-17T14:20:08.374+0000] {logging_mixin.py:190} INFO - [2025-10-17T14:20:08.374+0000] {dagbag.py:588} INFO - Filling up the DagBag from /opt/airflow/dags/premier_dag.py
[2025-10-17T14:20:08.388+0000] {processor.py:925} INFO - DAG(s) 'premier_dag_test' retrieved from /opt/airflow/dags/premier_dag.py
[2025-10-17T14:20:08.408+0000] {logging_mixin.py:190} INFO - [2025-10-17T14:20:08.408+0000] {dag.py:3239} INFO - Sync 1 DAGs
[2025-10-17T14:20:08.427+0000] {logging_mixin.py:190} INFO - [2025-10-17T14:20:08.427+0000] {dag.py:4180} INFO - Setting next_dagrun for premier_dag_test to 2025-06-02 00:00:00+00:00, run_after=2025-06-02 01:00:00+00:00
[2025-10-17T14:20:08.556+0000] {processor.py:208} INFO - Processing /opt/airflow/dags/premier_dag.py took 0.190 seconds
[2025-10-17T14:20:38.931+0000] {processor.py:186} INFO - Started process (PID=3406) to work on /opt/airflow/dags/premier_dag.py
[2025-10-17T14:20:38.932+0000] {processor.py:914} INFO - Processing file /opt/airflow/dags/premier_dag.py for tasks to queue
[2025-10-17T14:20:38.935+0000] {logging_mixin.py:190} INFO - [2025-10-17T14:20:38.934+0000] {dagbag.py:588} INFO - Filling up the DagBag from /opt/airflow/dags/premier_dag.py
[2025-10-17T14:20:38.949+0000] {processor.py:925} INFO - DAG(s) 'premier_dag_test' retrieved from /opt/airflow/dags/premier_dag.py
[2025-10-17T14:20:38.970+0000] {logging_mixin.py:190} INFO - [2025-10-17T14:20:38.970+0000] {dag.py:3239} INFO - Sync 1 DAGs
[2025-10-17T14:20:39.102+0000] {logging_mixin.py:190} INFO - [2025-10-17T14:20:39.102+0000] {dag.py:4180} INFO - Setting next_dagrun for premier_dag_test to 2025-06-02 00:00:00+00:00, run_after=2025-06-02 01:00:00+00:00
[2025-10-17T14:20:39.117+0000] {processor.py:208} INFO - Processing /opt/airflow/dags/premier_dag.py took 0.191 seconds
[2025-10-17T14:21:09.439+0000] {processor.py:186} INFO - Started process (PID=3423) to work on /opt/airflow/dags/premier_dag.py
[2025-10-17T14:21:09.440+0000] {processor.py:914} INFO - Processing file /opt/airflow/dags/premier_dag.py for tasks to queue
[2025-10-17T14:21:09.442+0000] {logging_mixin.py:190} INFO - [2025-10-17T14:21:09.442+0000] {dagbag.py:588} INFO - Filling up the DagBag from /opt/airflow/dags/premier_dag.py
[2025-10-17T14:21:09.455+0000] {processor.py:925} INFO - DAG(s) 'premier_dag_test' retrieved from /opt/airflow/dags/premier_dag.py
[2025-10-17T14:21:09.477+0000] {logging_mixin.py:190} INFO - [2025-10-17T14:21:09.477+0000] {dag.py:3239} INFO - Sync 1 DAGs
[2025-10-17T14:21:09.499+0000] {logging_mixin.py:190} INFO - [2025-10-17T14:21:09.499+0000] {dag.py:4180} INFO - Setting next_dagrun for premier_dag_test to 2025-06-02 00:00:00+00:00, run_after=2025-06-02 01:00:00+00:00
[2025-10-17T14:21:09.516+0000] {processor.py:208} INFO - Processing /opt/airflow/dags/premier_dag.py took 0.082 seconds
[2025-10-17T14:21:39.850+0000] {processor.py:186} INFO - Started process (PID=3440) to work on /opt/airflow/dags/premier_dag.py
[2025-10-17T14:21:39.851+0000] {processor.py:914} INFO - Processing file /opt/airflow/dags/premier_dag.py for tasks to queue
[2025-10-17T14:21:39.853+0000] {logging_mixin.py:190} INFO - [2025-10-17T14:21:39.853+0000] {dagbag.py:588} INFO - Filling up the DagBag from /opt/airflow/dags/premier_dag.py
[2025-10-17T14:21:39.868+0000] {processor.py:925} INFO - DAG(s) 'premier_dag_test' retrieved from /opt/airflow/dags/premier_dag.py
[2025-10-17T14:21:39.888+0000] {logging_mixin.py:190} INFO - [2025-10-17T14:21:39.888+0000] {dag.py:3239} INFO - Sync 1 DAGs
[2025-10-17T14:21:39.906+0000] {logging_mixin.py:190} INFO - [2025-10-17T14:21:39.906+0000] {dag.py:4180} INFO - Setting next_dagrun for premier_dag_test to 2025-06-02 00:00:00+00:00, run_after=2025-06-02 01:00:00+00:00
[2025-10-17T14:21:39.927+0000] {processor.py:208} INFO - Processing /opt/airflow/dags/premier_dag.py took 0.082 seconds
[2025-10-17T14:22:10.262+0000] {processor.py:186} INFO - Started process (PID=3457) to work on /opt/airflow/dags/premier_dag.py
[2025-10-17T14:22:10.263+0000] {processor.py:914} INFO - Processing file /opt/airflow/dags/premier_dag.py for tasks to queue
[2025-10-17T14:22:10.265+0000] {logging_mixin.py:190} INFO - [2025-10-17T14:22:10.265+0000] {dagbag.py:588} INFO - Filling up the DagBag from /opt/airflow/dags/premier_dag.py
[2025-10-17T14:22:10.280+0000] {processor.py:925} INFO - DAG(s) 'premier_dag_test' retrieved from /opt/airflow/dags/premier_dag.py
[2025-10-17T14:22:10.300+0000] {logging_mixin.py:190} INFO - [2025-10-17T14:22:10.300+0000] {dag.py:3239} INFO - Sync 1 DAGs
[2025-10-17T14:22:10.324+0000] {logging_mixin.py:190} INFO - [2025-10-17T14:22:10.323+0000] {dag.py:4180} INFO - Setting next_dagrun for premier_dag_test to 2025-06-02 00:00:00+00:00, run_after=2025-06-02 01:00:00+00:00
[2025-10-17T14:22:10.348+0000] {processor.py:208} INFO - Processing /opt/airflow/dags/premier_dag.py took 0.090 seconds
[2025-10-17T14:22:40.733+0000] {processor.py:186} INFO - Started process (PID=3474) to work on /opt/airflow/dags/premier_dag.py
[2025-10-17T14:22:40.734+0000] {processor.py:914} INFO - Processing file /opt/airflow/dags/premier_dag.py for tasks to queue
[2025-10-17T14:22:40.736+0000] {logging_mixin.py:190} INFO - [2025-10-17T14:22:40.735+0000] {dagbag.py:588} INFO - Filling up the DagBag from /opt/airflow/dags/premier_dag.py
[2025-10-17T14:22:40.750+0000] {processor.py:925} INFO - DAG(s) 'premier_dag_test' retrieved from /opt/airflow/dags/premier_dag.py
[2025-10-17T14:22:40.769+0000] {logging_mixin.py:190} INFO - [2025-10-17T14:22:40.769+0000] {dag.py:3239} INFO - Sync 1 DAGs
[2025-10-17T14:22:40.787+0000] {logging_mixin.py:190} INFO - [2025-10-17T14:22:40.787+0000] {dag.py:4180} INFO - Setting next_dagrun for premier_dag_test to 2025-06-02 00:00:00+00:00, run_after=2025-06-02 01:00:00+00:00
[2025-10-17T14:22:40.805+0000] {processor.py:208} INFO - Processing /opt/airflow/dags/premier_dag.py took 0.077 seconds
[2025-10-17T14:23:11.158+0000] {processor.py:186} INFO - Started process (PID=3491) to work on /opt/airflow/dags/premier_dag.py
[2025-10-17T14:23:11.159+0000] {processor.py:914} INFO - Processing file /opt/airflow/dags/premier_dag.py for tasks to queue
[2025-10-17T14:23:11.161+0000] {logging_mixin.py:190} INFO - [2025-10-17T14:23:11.161+0000] {dagbag.py:588} INFO - Filling up the DagBag from /opt/airflow/dags/premier_dag.py
[2025-10-17T14:23:11.175+0000] {processor.py:925} INFO - DAG(s) 'premier_dag_test' retrieved from /opt/airflow/dags/premier_dag.py
[2025-10-17T14:23:11.195+0000] {logging_mixin.py:190} INFO - [2025-10-17T14:23:11.195+0000] {dag.py:3239} INFO - Sync 1 DAGs
[2025-10-17T14:23:11.214+0000] {logging_mixin.py:190} INFO - [2025-10-17T14:23:11.214+0000] {dag.py:4180} INFO - Setting next_dagrun for premier_dag_test to 2025-06-02 00:00:00+00:00, run_after=2025-06-02 01:00:00+00:00
[2025-10-17T14:23:11.344+0000] {processor.py:208} INFO - Processing /opt/airflow/dags/premier_dag.py took 0.191 seconds
[2025-10-17T14:23:41.690+0000] {processor.py:186} INFO - Started process (PID=3508) to work on /opt/airflow/dags/premier_dag.py
[2025-10-17T14:23:41.691+0000] {processor.py:914} INFO - Processing file /opt/airflow/dags/premier_dag.py for tasks to queue
[2025-10-17T14:23:41.694+0000] {logging_mixin.py:190} INFO - [2025-10-17T14:23:41.693+0000] {dagbag.py:588} INFO - Filling up the DagBag from /opt/airflow/dags/premier_dag.py
[2025-10-17T14:23:41.709+0000] {processor.py:925} INFO - DAG(s) 'premier_dag_test' retrieved from /opt/airflow/dags/premier_dag.py
[2025-10-17T14:23:41.730+0000] {logging_mixin.py:190} INFO - [2025-10-17T14:23:41.729+0000] {dag.py:3239} INFO - Sync 1 DAGs
[2025-10-17T14:23:41.861+0000] {logging_mixin.py:190} INFO - [2025-10-17T14:23:41.861+0000] {dag.py:4180} INFO - Setting next_dagrun for premier_dag_test to 2025-06-02 00:00:00+00:00, run_after=2025-06-02 01:00:00+00:00
[2025-10-17T14:23:41.883+0000] {processor.py:208} INFO - Processing /opt/airflow/dags/premier_dag.py took 0.197 seconds
[2025-10-17T14:24:12.278+0000] {processor.py:186} INFO - Started process (PID=3525) to work on /opt/airflow/dags/premier_dag.py
[2025-10-17T14:24:12.279+0000] {processor.py:914} INFO - Processing file /opt/airflow/dags/premier_dag.py for tasks to queue
[2025-10-17T14:24:12.281+0000] {logging_mixin.py:190} INFO - [2025-10-17T14:24:12.281+0000] {dagbag.py:588} INFO - Filling up the DagBag from /opt/airflow/dags/premier_dag.py
[2025-10-17T14:24:12.295+0000] {processor.py:925} INFO - DAG(s) 'premier_dag_test' retrieved from /opt/airflow/dags/premier_dag.py
[2025-10-17T14:24:12.315+0000] {logging_mixin.py:190} INFO - [2025-10-17T14:24:12.315+0000] {dag.py:3239} INFO - Sync 1 DAGs
[2025-10-17T14:24:12.333+0000] {logging_mixin.py:190} INFO - [2025-10-17T14:24:12.333+0000] {dag.py:4180} INFO - Setting next_dagrun for premier_dag_test to 2025-06-02 00:00:00+00:00, run_after=2025-06-02 01:00:00+00:00
[2025-10-17T14:24:12.348+0000] {processor.py:208} INFO - Processing /opt/airflow/dags/premier_dag.py took 0.075 seconds
[2025-10-17T14:24:42.642+0000] {processor.py:186} INFO - Started process (PID=3542) to work on /opt/airflow/dags/premier_dag.py
[2025-10-17T14:24:42.642+0000] {processor.py:914} INFO - Processing file /opt/airflow/dags/premier_dag.py for tasks to queue
[2025-10-17T14:24:42.645+0000] {logging_mixin.py:190} INFO - [2025-10-17T14:24:42.644+0000] {dagbag.py:588} INFO - Filling up the DagBag from /opt/airflow/dags/premier_dag.py
[2025-10-17T14:24:42.659+0000] {processor.py:925} INFO - DAG(s) 'premier_dag_test' retrieved from /opt/airflow/dags/premier_dag.py
[2025-10-17T14:24:42.679+0000] {logging_mixin.py:190} INFO - [2025-10-17T14:24:42.679+0000] {dag.py:3239} INFO - Sync 1 DAGs
[2025-10-17T14:24:42.698+0000] {logging_mixin.py:190} INFO - [2025-10-17T14:24:42.698+0000] {dag.py:4180} INFO - Setting next_dagrun for premier_dag_test to 2025-06-02 00:00:00+00:00, run_after=2025-06-02 01:00:00+00:00
[2025-10-17T14:24:42.714+0000] {processor.py:208} INFO - Processing /opt/airflow/dags/premier_dag.py took 0.077 seconds
[2025-10-17T14:25:13.045+0000] {processor.py:186} INFO - Started process (PID=3559) to work on /opt/airflow/dags/premier_dag.py
[2025-10-17T14:25:13.046+0000] {processor.py:914} INFO - Processing file /opt/airflow/dags/premier_dag.py for tasks to queue
[2025-10-17T14:25:13.049+0000] {logging_mixin.py:190} INFO - [2025-10-17T14:25:13.048+0000] {dagbag.py:588} INFO - Filling up the DagBag from /opt/airflow/dags/premier_dag.py
[2025-10-17T14:25:13.062+0000] {processor.py:925} INFO - DAG(s) 'premier_dag_test' retrieved from /opt/airflow/dags/premier_dag.py
[2025-10-17T14:25:13.082+0000] {logging_mixin.py:190} INFO - [2025-10-17T14:25:13.082+0000] {dag.py:3239} INFO - Sync 1 DAGs
[2025-10-17T14:25:13.101+0000] {logging_mixin.py:190} INFO - [2025-10-17T14:25:13.100+0000] {dag.py:4180} INFO - Setting next_dagrun for premier_dag_test to 2025-06-02 00:00:00+00:00, run_after=2025-06-02 01:00:00+00:00
[2025-10-17T14:25:13.116+0000] {processor.py:208} INFO - Processing /opt/airflow/dags/premier_dag.py took 0.076 seconds
[2025-10-17T14:25:43.431+0000] {processor.py:186} INFO - Started process (PID=3576) to work on /opt/airflow/dags/premier_dag.py
[2025-10-17T14:25:43.432+0000] {processor.py:914} INFO - Processing file /opt/airflow/dags/premier_dag.py for tasks to queue
[2025-10-17T14:25:43.434+0000] {logging_mixin.py:190} INFO - [2025-10-17T14:25:43.434+0000] {dagbag.py:588} INFO - Filling up the DagBag from /opt/airflow/dags/premier_dag.py
[2025-10-17T14:25:43.448+0000] {processor.py:925} INFO - DAG(s) 'premier_dag_test' retrieved from /opt/airflow/dags/premier_dag.py
[2025-10-17T14:25:43.468+0000] {logging_mixin.py:190} INFO - [2025-10-17T14:25:43.468+0000] {dag.py:3239} INFO - Sync 1 DAGs
[2025-10-17T14:25:43.487+0000] {logging_mixin.py:190} INFO - [2025-10-17T14:25:43.487+0000] {dag.py:4180} INFO - Setting next_dagrun for premier_dag_test to 2025-06-02 00:00:00+00:00, run_after=2025-06-02 01:00:00+00:00
[2025-10-17T14:25:43.503+0000] {processor.py:208} INFO - Processing /opt/airflow/dags/premier_dag.py took 0.078 seconds
[2025-10-17T14:26:13.836+0000] {processor.py:186} INFO - Started process (PID=3593) to work on /opt/airflow/dags/premier_dag.py
[2025-10-17T14:26:13.837+0000] {processor.py:914} INFO - Processing file /opt/airflow/dags/premier_dag.py for tasks to queue
[2025-10-17T14:26:13.839+0000] {logging_mixin.py:190} INFO - [2025-10-17T14:26:13.839+0000] {dagbag.py:588} INFO - Filling up the DagBag from /opt/airflow/dags/premier_dag.py
[2025-10-17T14:26:13.853+0000] {processor.py:925} INFO - DAG(s) 'premier_dag_test' retrieved from /opt/airflow/dags/premier_dag.py
[2025-10-17T14:26:13.874+0000] {logging_mixin.py:190} INFO - [2025-10-17T14:26:13.874+0000] {dag.py:3239} INFO - Sync 1 DAGs
[2025-10-17T14:26:13.892+0000] {logging_mixin.py:190} INFO - [2025-10-17T14:26:13.892+0000] {dag.py:4180} INFO - Setting next_dagrun for premier_dag_test to 2025-06-02 00:00:00+00:00, run_after=2025-06-02 01:00:00+00:00
[2025-10-17T14:26:13.912+0000] {processor.py:208} INFO - Processing /opt/airflow/dags/premier_dag.py took 0.081 seconds
[2025-10-17T14:26:44.226+0000] {processor.py:186} INFO - Started process (PID=3610) to work on /opt/airflow/dags/premier_dag.py
[2025-10-17T14:26:44.227+0000] {processor.py:914} INFO - Processing file /opt/airflow/dags/premier_dag.py for tasks to queue
[2025-10-17T14:26:44.229+0000] {logging_mixin.py:190} INFO - [2025-10-17T14:26:44.229+0000] {dagbag.py:588} INFO - Filling up the DagBag from /opt/airflow/dags/premier_dag.py
[2025-10-17T14:26:44.244+0000] {processor.py:925} INFO - DAG(s) 'premier_dag_test' retrieved from /opt/airflow/dags/premier_dag.py
[2025-10-17T14:26:44.264+0000] {logging_mixin.py:190} INFO - [2025-10-17T14:26:44.264+0000] {dag.py:3239} INFO - Sync 1 DAGs
[2025-10-17T14:26:44.395+0000] {logging_mixin.py:190} INFO - [2025-10-17T14:26:44.395+0000] {dag.py:4180} INFO - Setting next_dagrun for premier_dag_test to 2025-06-02 00:00:00+00:00, run_after=2025-06-02 01:00:00+00:00
[2025-10-17T14:26:44.413+0000] {processor.py:208} INFO - Processing /opt/airflow/dags/premier_dag.py took 0.192 seconds
[2025-10-17T14:27:14.757+0000] {processor.py:186} INFO - Started process (PID=3627) to work on /opt/airflow/dags/premier_dag.py
[2025-10-17T14:27:14.758+0000] {processor.py:914} INFO - Processing file /opt/airflow/dags/premier_dag.py for tasks to queue
[2025-10-17T14:27:14.760+0000] {logging_mixin.py:190} INFO - [2025-10-17T14:27:14.760+0000] {dagbag.py:588} INFO - Filling up the DagBag from /opt/airflow/dags/premier_dag.py
[2025-10-17T14:27:14.774+0000] {processor.py:925} INFO - DAG(s) 'premier_dag_test' retrieved from /opt/airflow/dags/premier_dag.py
[2025-10-17T14:27:14.795+0000] {logging_mixin.py:190} INFO - [2025-10-17T14:27:14.794+0000] {dag.py:3239} INFO - Sync 1 DAGs
[2025-10-17T14:27:14.813+0000] {logging_mixin.py:190} INFO - [2025-10-17T14:27:14.813+0000] {dag.py:4180} INFO - Setting next_dagrun for premier_dag_test to 2025-06-02 00:00:00+00:00, run_after=2025-06-02 01:00:00+00:00
[2025-10-17T14:27:14.833+0000] {processor.py:208} INFO - Processing /opt/airflow/dags/premier_dag.py took 0.081 seconds
[2025-10-17T14:27:45.201+0000] {processor.py:186} INFO - Started process (PID=3644) to work on /opt/airflow/dags/premier_dag.py
[2025-10-17T14:27:45.202+0000] {processor.py:914} INFO - Processing file /opt/airflow/dags/premier_dag.py for tasks to queue
[2025-10-17T14:27:45.204+0000] {logging_mixin.py:190} INFO - [2025-10-17T14:27:45.204+0000] {dagbag.py:588} INFO - Filling up the DagBag from /opt/airflow/dags/premier_dag.py
[2025-10-17T14:27:45.220+0000] {processor.py:925} INFO - DAG(s) 'premier_dag_test' retrieved from /opt/airflow/dags/premier_dag.py
[2025-10-17T14:27:45.241+0000] {logging_mixin.py:190} INFO - [2025-10-17T14:27:45.241+0000] {dag.py:3239} INFO - Sync 1 DAGs
[2025-10-17T14:27:45.260+0000] {logging_mixin.py:190} INFO - [2025-10-17T14:27:45.260+0000] {dag.py:4180} INFO - Setting next_dagrun for premier_dag_test to 2025-06-02 00:00:00+00:00, run_after=2025-06-02 01:00:00+00:00
[2025-10-17T14:27:45.275+0000] {processor.py:208} INFO - Processing /opt/airflow/dags/premier_dag.py took 0.079 seconds
[2025-10-17T14:28:15.605+0000] {processor.py:186} INFO - Started process (PID=3661) to work on /opt/airflow/dags/premier_dag.py
[2025-10-17T14:28:15.606+0000] {processor.py:914} INFO - Processing file /opt/airflow/dags/premier_dag.py for tasks to queue
[2025-10-17T14:28:15.608+0000] {logging_mixin.py:190} INFO - [2025-10-17T14:28:15.608+0000] {dagbag.py:588} INFO - Filling up the DagBag from /opt/airflow/dags/premier_dag.py
[2025-10-17T14:28:15.624+0000] {processor.py:925} INFO - DAG(s) 'premier_dag_test' retrieved from /opt/airflow/dags/premier_dag.py
[2025-10-17T14:28:15.644+0000] {logging_mixin.py:190} INFO - [2025-10-17T14:28:15.644+0000] {dag.py:3239} INFO - Sync 1 DAGs
[2025-10-17T14:28:15.662+0000] {logging_mixin.py:190} INFO - [2025-10-17T14:28:15.662+0000] {dag.py:4180} INFO - Setting next_dagrun for premier_dag_test to 2025-06-02 00:00:00+00:00, run_after=2025-06-02 01:00:00+00:00
[2025-10-17T14:28:15.681+0000] {processor.py:208} INFO - Processing /opt/airflow/dags/premier_dag.py took 0.082 seconds
[2025-10-17T14:28:46.025+0000] {processor.py:186} INFO - Started process (PID=3678) to work on /opt/airflow/dags/premier_dag.py
[2025-10-17T14:28:46.026+0000] {processor.py:914} INFO - Processing file /opt/airflow/dags/premier_dag.py for tasks to queue
[2025-10-17T14:28:46.028+0000] {logging_mixin.py:190} INFO - [2025-10-17T14:28:46.028+0000] {dagbag.py:588} INFO - Filling up the DagBag from /opt/airflow/dags/premier_dag.py
[2025-10-17T14:28:46.043+0000] {processor.py:925} INFO - DAG(s) 'premier_dag_test' retrieved from /opt/airflow/dags/premier_dag.py
[2025-10-17T14:28:46.063+0000] {logging_mixin.py:190} INFO - [2025-10-17T14:28:46.063+0000] {dag.py:3239} INFO - Sync 1 DAGs
[2025-10-17T14:28:46.083+0000] {logging_mixin.py:190} INFO - [2025-10-17T14:28:46.082+0000] {dag.py:4180} INFO - Setting next_dagrun for premier_dag_test to 2025-06-02 00:00:00+00:00, run_after=2025-06-02 01:00:00+00:00
[2025-10-17T14:28:46.104+0000] {processor.py:208} INFO - Processing /opt/airflow/dags/premier_dag.py took 0.084 seconds
[2025-10-17T14:29:16.500+0000] {processor.py:186} INFO - Started process (PID=3695) to work on /opt/airflow/dags/premier_dag.py
[2025-10-17T14:29:16.501+0000] {processor.py:914} INFO - Processing file /opt/airflow/dags/premier_dag.py for tasks to queue
[2025-10-17T14:29:16.503+0000] {logging_mixin.py:190} INFO - [2025-10-17T14:29:16.502+0000] {dagbag.py:588} INFO - Filling up the DagBag from /opt/airflow/dags/premier_dag.py
[2025-10-17T14:29:16.517+0000] {processor.py:925} INFO - DAG(s) 'premier_dag_test' retrieved from /opt/airflow/dags/premier_dag.py
[2025-10-17T14:29:16.537+0000] {logging_mixin.py:190} INFO - [2025-10-17T14:29:16.537+0000] {dag.py:3239} INFO - Sync 1 DAGs
[2025-10-17T14:29:16.557+0000] {logging_mixin.py:190} INFO - [2025-10-17T14:29:16.557+0000] {dag.py:4180} INFO - Setting next_dagrun for premier_dag_test to 2025-06-02 00:00:00+00:00, run_after=2025-06-02 01:00:00+00:00
[2025-10-17T14:29:16.577+0000] {processor.py:208} INFO - Processing /opt/airflow/dags/premier_dag.py took 0.083 seconds
[2025-10-17T14:29:46.929+0000] {processor.py:186} INFO - Started process (PID=3712) to work on /opt/airflow/dags/premier_dag.py
[2025-10-17T14:29:46.930+0000] {processor.py:914} INFO - Processing file /opt/airflow/dags/premier_dag.py for tasks to queue
[2025-10-17T14:29:46.932+0000] {logging_mixin.py:190} INFO - [2025-10-17T14:29:46.932+0000] {dagbag.py:588} INFO - Filling up the DagBag from /opt/airflow/dags/premier_dag.py
[2025-10-17T14:29:46.947+0000] {processor.py:925} INFO - DAG(s) 'premier_dag_test' retrieved from /opt/airflow/dags/premier_dag.py
[2025-10-17T14:29:46.966+0000] {logging_mixin.py:190} INFO - [2025-10-17T14:29:46.965+0000] {dag.py:3239} INFO - Sync 1 DAGs
[2025-10-17T14:29:47.096+0000] {logging_mixin.py:190} INFO - [2025-10-17T14:29:47.096+0000] {dag.py:4180} INFO - Setting next_dagrun for premier_dag_test to 2025-06-02 00:00:00+00:00, run_after=2025-06-02 01:00:00+00:00
[2025-10-17T14:29:47.117+0000] {processor.py:208} INFO - Processing /opt/airflow/dags/premier_dag.py took 0.192 seconds
[2025-10-17T14:30:17.487+0000] {processor.py:186} INFO - Started process (PID=3729) to work on /opt/airflow/dags/premier_dag.py
[2025-10-17T14:30:17.488+0000] {processor.py:914} INFO - Processing file /opt/airflow/dags/premier_dag.py for tasks to queue
[2025-10-17T14:30:17.490+0000] {logging_mixin.py:190} INFO - [2025-10-17T14:30:17.490+0000] {dagbag.py:588} INFO - Filling up the DagBag from /opt/airflow/dags/premier_dag.py
[2025-10-17T14:30:17.504+0000] {processor.py:925} INFO - DAG(s) 'premier_dag_test' retrieved from /opt/airflow/dags/premier_dag.py
[2025-10-17T14:30:17.524+0000] {logging_mixin.py:190} INFO - [2025-10-17T14:30:17.523+0000] {dag.py:3239} INFO - Sync 1 DAGs
[2025-10-17T14:30:17.544+0000] {logging_mixin.py:190} INFO - [2025-10-17T14:30:17.544+0000] {dag.py:4180} INFO - Setting next_dagrun for premier_dag_test to 2025-06-02 00:00:00+00:00, run_after=2025-06-02 01:00:00+00:00
[2025-10-17T14:30:17.560+0000] {processor.py:208} INFO - Processing /opt/airflow/dags/premier_dag.py took 0.078 seconds
[2025-10-17T14:30:47.922+0000] {processor.py:186} INFO - Started process (PID=3746) to work on /opt/airflow/dags/premier_dag.py
[2025-10-17T14:30:47.923+0000] {processor.py:914} INFO - Processing file /opt/airflow/dags/premier_dag.py for tasks to queue
[2025-10-17T14:30:47.924+0000] {logging_mixin.py:190} INFO - [2025-10-17T14:30:47.924+0000] {dagbag.py:588} INFO - Filling up the DagBag from /opt/airflow/dags/premier_dag.py
[2025-10-17T14:30:47.940+0000] {processor.py:925} INFO - DAG(s) 'premier_dag_test' retrieved from /opt/airflow/dags/premier_dag.py
[2025-10-17T14:30:47.961+0000] {logging_mixin.py:190} INFO - [2025-10-17T14:30:47.960+0000] {dag.py:3239} INFO - Sync 1 DAGs
[2025-10-17T14:30:47.979+0000] {logging_mixin.py:190} INFO - [2025-10-17T14:30:47.979+0000] {dag.py:4180} INFO - Setting next_dagrun for premier_dag_test to 2025-06-02 00:00:00+00:00, run_after=2025-06-02 01:00:00+00:00
[2025-10-17T14:30:47.998+0000] {processor.py:208} INFO - Processing /opt/airflow/dags/premier_dag.py took 0.081 seconds
[2025-10-17T14:31:18.326+0000] {processor.py:186} INFO - Started process (PID=3763) to work on /opt/airflow/dags/premier_dag.py
[2025-10-17T14:31:18.327+0000] {processor.py:914} INFO - Processing file /opt/airflow/dags/premier_dag.py for tasks to queue
[2025-10-17T14:31:18.329+0000] {logging_mixin.py:190} INFO - [2025-10-17T14:31:18.328+0000] {dagbag.py:588} INFO - Filling up the DagBag from /opt/airflow/dags/premier_dag.py
[2025-10-17T14:31:18.342+0000] {processor.py:925} INFO - DAG(s) 'premier_dag_test' retrieved from /opt/airflow/dags/premier_dag.py
[2025-10-17T14:31:18.363+0000] {logging_mixin.py:190} INFO - [2025-10-17T14:31:18.363+0000] {dag.py:3239} INFO - Sync 1 DAGs
[2025-10-17T14:31:18.381+0000] {logging_mixin.py:190} INFO - [2025-10-17T14:31:18.381+0000] {dag.py:4180} INFO - Setting next_dagrun for premier_dag_test to 2025-06-02 00:00:00+00:00, run_after=2025-06-02 01:00:00+00:00
[2025-10-17T14:31:18.401+0000] {processor.py:208} INFO - Processing /opt/airflow/dags/premier_dag.py took 0.080 seconds
[2025-10-17T14:31:48.707+0000] {processor.py:186} INFO - Started process (PID=3781) to work on /opt/airflow/dags/premier_dag.py
[2025-10-17T14:31:48.708+0000] {processor.py:914} INFO - Processing file /opt/airflow/dags/premier_dag.py for tasks to queue
[2025-10-17T14:31:48.710+0000] {logging_mixin.py:190} INFO - [2025-10-17T14:31:48.710+0000] {dagbag.py:588} INFO - Filling up the DagBag from /opt/airflow/dags/premier_dag.py
[2025-10-17T14:31:48.724+0000] {processor.py:925} INFO - DAG(s) 'premier_dag_test' retrieved from /opt/airflow/dags/premier_dag.py
[2025-10-17T14:31:48.744+0000] {logging_mixin.py:190} INFO - [2025-10-17T14:31:48.744+0000] {dag.py:3239} INFO - Sync 1 DAGs
[2025-10-17T14:31:48.762+0000] {logging_mixin.py:190} INFO - [2025-10-17T14:31:48.762+0000] {dag.py:4180} INFO - Setting next_dagrun for premier_dag_test to 2025-06-02 00:00:00+00:00, run_after=2025-06-02 01:00:00+00:00
[2025-10-17T14:31:48.778+0000] {processor.py:208} INFO - Processing /opt/airflow/dags/premier_dag.py took 0.075 seconds
[2025-10-17T14:32:19.133+0000] {processor.py:186} INFO - Started process (PID=3798) to work on /opt/airflow/dags/premier_dag.py
[2025-10-17T14:32:19.134+0000] {processor.py:914} INFO - Processing file /opt/airflow/dags/premier_dag.py for tasks to queue
[2025-10-17T14:32:19.137+0000] {logging_mixin.py:190} INFO - [2025-10-17T14:32:19.137+0000] {dagbag.py:588} INFO - Filling up the DagBag from /opt/airflow/dags/premier_dag.py
[2025-10-17T14:32:19.157+0000] {processor.py:925} INFO - DAG(s) 'premier_dag_test' retrieved from /opt/airflow/dags/premier_dag.py
[2025-10-17T14:32:19.178+0000] {logging_mixin.py:190} INFO - [2025-10-17T14:32:19.178+0000] {dag.py:3239} INFO - Sync 1 DAGs
[2025-10-17T14:32:19.197+0000] {logging_mixin.py:190} INFO - [2025-10-17T14:32:19.197+0000] {dag.py:4180} INFO - Setting next_dagrun for premier_dag_test to 2025-06-02 00:00:00+00:00, run_after=2025-06-02 01:00:00+00:00
[2025-10-17T14:32:19.213+0000] {processor.py:208} INFO - Processing /opt/airflow/dags/premier_dag.py took 0.087 seconds
[2025-10-17T14:32:49.592+0000] {processor.py:186} INFO - Started process (PID=3815) to work on /opt/airflow/dags/premier_dag.py
[2025-10-17T14:32:49.593+0000] {processor.py:914} INFO - Processing file /opt/airflow/dags/premier_dag.py for tasks to queue
[2025-10-17T14:32:49.595+0000] {logging_mixin.py:190} INFO - [2025-10-17T14:32:49.594+0000] {dagbag.py:588} INFO - Filling up the DagBag from /opt/airflow/dags/premier_dag.py
[2025-10-17T14:32:49.609+0000] {processor.py:925} INFO - DAG(s) 'premier_dag_test' retrieved from /opt/airflow/dags/premier_dag.py
[2025-10-17T14:32:49.631+0000] {logging_mixin.py:190} INFO - [2025-10-17T14:32:49.630+0000] {dag.py:3239} INFO - Sync 1 DAGs
[2025-10-17T14:32:49.776+0000] {logging_mixin.py:190} INFO - [2025-10-17T14:32:49.776+0000] {dag.py:4180} INFO - Setting next_dagrun for premier_dag_test to 2025-06-02 00:00:00+00:00, run_after=2025-06-02 01:00:00+00:00
[2025-10-17T14:32:49.793+0000] {processor.py:208} INFO - Processing /opt/airflow/dags/premier_dag.py took 0.206 seconds
[2025-10-17T14:33:20.142+0000] {processor.py:186} INFO - Started process (PID=3832) to work on /opt/airflow/dags/premier_dag.py
[2025-10-17T14:33:20.143+0000] {processor.py:914} INFO - Processing file /opt/airflow/dags/premier_dag.py for tasks to queue
[2025-10-17T14:33:20.145+0000] {logging_mixin.py:190} INFO - [2025-10-17T14:33:20.144+0000] {dagbag.py:588} INFO - Filling up the DagBag from /opt/airflow/dags/premier_dag.py
[2025-10-17T14:33:20.159+0000] {processor.py:925} INFO - DAG(s) 'premier_dag_test' retrieved from /opt/airflow/dags/premier_dag.py
[2025-10-17T14:33:20.180+0000] {logging_mixin.py:190} INFO - [2025-10-17T14:33:20.179+0000] {dag.py:3239} INFO - Sync 1 DAGs
[2025-10-17T14:33:20.200+0000] {logging_mixin.py:190} INFO - [2025-10-17T14:33:20.199+0000] {dag.py:4180} INFO - Setting next_dagrun for premier_dag_test to 2025-06-02 00:00:00+00:00, run_after=2025-06-02 01:00:00+00:00
[2025-10-17T14:33:20.217+0000] {processor.py:208} INFO - Processing /opt/airflow/dags/premier_dag.py took 0.081 seconds
[2025-10-17T14:33:50.572+0000] {processor.py:186} INFO - Started process (PID=3849) to work on /opt/airflow/dags/premier_dag.py
[2025-10-17T14:33:50.573+0000] {processor.py:914} INFO - Processing file /opt/airflow/dags/premier_dag.py for tasks to queue
[2025-10-17T14:33:50.575+0000] {logging_mixin.py:190} INFO - [2025-10-17T14:33:50.574+0000] {dagbag.py:588} INFO - Filling up the DagBag from /opt/airflow/dags/premier_dag.py
[2025-10-17T14:33:50.589+0000] {processor.py:925} INFO - DAG(s) 'premier_dag_test' retrieved from /opt/airflow/dags/premier_dag.py
[2025-10-17T14:33:50.610+0000] {logging_mixin.py:190} INFO - [2025-10-17T14:33:50.610+0000] {dag.py:3239} INFO - Sync 1 DAGs
[2025-10-17T14:33:50.629+0000] {logging_mixin.py:190} INFO - [2025-10-17T14:33:50.628+0000] {dag.py:4180} INFO - Setting next_dagrun for premier_dag_test to 2025-06-02 00:00:00+00:00, run_after=2025-06-02 01:00:00+00:00
[2025-10-17T14:33:50.649+0000] {processor.py:208} INFO - Processing /opt/airflow/dags/premier_dag.py took 0.082 seconds
[2025-10-17T14:34:21.017+0000] {processor.py:186} INFO - Started process (PID=3866) to work on /opt/airflow/dags/premier_dag.py
[2025-10-17T14:34:21.018+0000] {processor.py:914} INFO - Processing file /opt/airflow/dags/premier_dag.py for tasks to queue
[2025-10-17T14:34:21.020+0000] {logging_mixin.py:190} INFO - [2025-10-17T14:34:21.020+0000] {dagbag.py:588} INFO - Filling up the DagBag from /opt/airflow/dags/premier_dag.py
[2025-10-17T14:34:21.037+0000] {processor.py:925} INFO - DAG(s) 'premier_dag_test' retrieved from /opt/airflow/dags/premier_dag.py
[2025-10-17T14:34:21.060+0000] {logging_mixin.py:190} INFO - [2025-10-17T14:34:21.060+0000] {dag.py:3239} INFO - Sync 1 DAGs
[2025-10-17T14:34:21.087+0000] {logging_mixin.py:190} INFO - [2025-10-17T14:34:21.086+0000] {dag.py:4180} INFO - Setting next_dagrun for premier_dag_test to 2025-06-02 00:00:00+00:00, run_after=2025-06-02 01:00:00+00:00
[2025-10-17T14:34:21.105+0000] {processor.py:208} INFO - Processing /opt/airflow/dags/premier_dag.py took 0.093 seconds
[2025-10-17T14:34:51.449+0000] {processor.py:186} INFO - Started process (PID=3884) to work on /opt/airflow/dags/premier_dag.py
[2025-10-17T14:34:51.450+0000] {processor.py:914} INFO - Processing file /opt/airflow/dags/premier_dag.py for tasks to queue
[2025-10-17T14:34:51.452+0000] {logging_mixin.py:190} INFO - [2025-10-17T14:34:51.452+0000] {dagbag.py:588} INFO - Filling up the DagBag from /opt/airflow/dags/premier_dag.py
[2025-10-17T14:34:51.466+0000] {processor.py:925} INFO - DAG(s) 'premier_dag_test' retrieved from /opt/airflow/dags/premier_dag.py
[2025-10-17T14:34:51.487+0000] {logging_mixin.py:190} INFO - [2025-10-17T14:34:51.486+0000] {dag.py:3239} INFO - Sync 1 DAGs
[2025-10-17T14:34:51.505+0000] {logging_mixin.py:190} INFO - [2025-10-17T14:34:51.505+0000] {dag.py:4180} INFO - Setting next_dagrun for premier_dag_test to 2025-06-02 00:00:00+00:00, run_after=2025-06-02 01:00:00+00:00
[2025-10-17T14:34:51.525+0000] {processor.py:208} INFO - Processing /opt/airflow/dags/premier_dag.py took 0.081 seconds
[2025-10-17T14:35:21.862+0000] {processor.py:186} INFO - Started process (PID=3902) to work on /opt/airflow/dags/premier_dag.py
[2025-10-17T14:35:21.863+0000] {processor.py:914} INFO - Processing file /opt/airflow/dags/premier_dag.py for tasks to queue
[2025-10-17T14:35:21.865+0000] {logging_mixin.py:190} INFO - [2025-10-17T14:35:21.865+0000] {dagbag.py:588} INFO - Filling up the DagBag from /opt/airflow/dags/premier_dag.py
[2025-10-17T14:35:21.880+0000] {processor.py:925} INFO - DAG(s) 'premier_dag_test' retrieved from /opt/airflow/dags/premier_dag.py
[2025-10-17T14:35:21.900+0000] {logging_mixin.py:190} INFO - [2025-10-17T14:35:21.899+0000] {dag.py:3239} INFO - Sync 1 DAGs
[2025-10-17T14:35:21.918+0000] {logging_mixin.py:190} INFO - [2025-10-17T14:35:21.918+0000] {dag.py:4180} INFO - Setting next_dagrun for premier_dag_test to 2025-06-02 00:00:00+00:00, run_after=2025-06-02 01:00:00+00:00
[2025-10-17T14:35:21.938+0000] {processor.py:208} INFO - Processing /opt/airflow/dags/premier_dag.py took 0.082 seconds
[2025-10-17T14:35:52.306+0000] {processor.py:186} INFO - Started process (PID=3919) to work on /opt/airflow/dags/premier_dag.py
[2025-10-17T14:35:52.307+0000] {processor.py:914} INFO - Processing file /opt/airflow/dags/premier_dag.py for tasks to queue
[2025-10-17T14:35:52.309+0000] {logging_mixin.py:190} INFO - [2025-10-17T14:35:52.309+0000] {dagbag.py:588} INFO - Filling up the DagBag from /opt/airflow/dags/premier_dag.py
[2025-10-17T14:35:52.323+0000] {processor.py:925} INFO - DAG(s) 'premier_dag_test' retrieved from /opt/airflow/dags/premier_dag.py
[2025-10-17T14:35:52.343+0000] {logging_mixin.py:190} INFO - [2025-10-17T14:35:52.343+0000] {dag.py:3239} INFO - Sync 1 DAGs
[2025-10-17T14:35:52.473+0000] {logging_mixin.py:190} INFO - [2025-10-17T14:35:52.473+0000] {dag.py:4180} INFO - Setting next_dagrun for premier_dag_test to 2025-06-02 00:00:00+00:00, run_after=2025-06-02 01:00:00+00:00
[2025-10-17T14:35:52.492+0000] {processor.py:208} INFO - Processing /opt/airflow/dags/premier_dag.py took 0.191 seconds
[2025-10-17T14:36:22.834+0000] {processor.py:186} INFO - Started process (PID=3936) to work on /opt/airflow/dags/premier_dag.py
[2025-10-17T14:36:22.835+0000] {processor.py:914} INFO - Processing file /opt/airflow/dags/premier_dag.py for tasks to queue
[2025-10-17T14:36:22.838+0000] {logging_mixin.py:190} INFO - [2025-10-17T14:36:22.837+0000] {dagbag.py:588} INFO - Filling up the DagBag from /opt/airflow/dags/premier_dag.py
[2025-10-17T14:36:22.855+0000] {processor.py:925} INFO - DAG(s) 'premier_dag_test' retrieved from /opt/airflow/dags/premier_dag.py
[2025-10-17T14:36:22.876+0000] {logging_mixin.py:190} INFO - [2025-10-17T14:36:22.876+0000] {dag.py:3239} INFO - Sync 1 DAGs
[2025-10-17T14:36:22.897+0000] {logging_mixin.py:190} INFO - [2025-10-17T14:36:22.897+0000] {dag.py:4180} INFO - Setting next_dagrun for premier_dag_test to 2025-06-02 00:00:00+00:00, run_after=2025-06-02 01:00:00+00:00
[2025-10-17T14:36:22.913+0000] {processor.py:208} INFO - Processing /opt/airflow/dags/premier_dag.py took 0.084 seconds
[2025-10-17T14:36:53.225+0000] {processor.py:186} INFO - Started process (PID=3954) to work on /opt/airflow/dags/premier_dag.py
[2025-10-17T14:36:53.226+0000] {processor.py:914} INFO - Processing file /opt/airflow/dags/premier_dag.py for tasks to queue
[2025-10-17T14:36:53.228+0000] {logging_mixin.py:190} INFO - [2025-10-17T14:36:53.227+0000] {dagbag.py:588} INFO - Filling up the DagBag from /opt/airflow/dags/premier_dag.py
[2025-10-17T14:36:53.242+0000] {processor.py:925} INFO - DAG(s) 'premier_dag_test' retrieved from /opt/airflow/dags/premier_dag.py
[2025-10-17T14:36:53.263+0000] {logging_mixin.py:190} INFO - [2025-10-17T14:36:53.262+0000] {dag.py:3239} INFO - Sync 1 DAGs
[2025-10-17T14:36:53.281+0000] {logging_mixin.py:190} INFO - [2025-10-17T14:36:53.281+0000] {dag.py:4180} INFO - Setting next_dagrun for premier_dag_test to 2025-06-02 00:00:00+00:00, run_after=2025-06-02 01:00:00+00:00
[2025-10-17T14:36:53.299+0000] {processor.py:208} INFO - Processing /opt/airflow/dags/premier_dag.py took 0.079 seconds
[2025-10-17T14:37:23.577+0000] {processor.py:186} INFO - Started process (PID=3971) to work on /opt/airflow/dags/premier_dag.py
[2025-10-17T14:37:23.578+0000] {processor.py:914} INFO - Processing file /opt/airflow/dags/premier_dag.py for tasks to queue
[2025-10-17T14:37:23.580+0000] {logging_mixin.py:190} INFO - [2025-10-17T14:37:23.580+0000] {dagbag.py:588} INFO - Filling up the DagBag from /opt/airflow/dags/premier_dag.py
[2025-10-17T14:37:23.595+0000] {processor.py:925} INFO - DAG(s) 'premier_dag_test' retrieved from /opt/airflow/dags/premier_dag.py
[2025-10-17T14:37:23.616+0000] {logging_mixin.py:190} INFO - [2025-10-17T14:37:23.616+0000] {dag.py:3239} INFO - Sync 1 DAGs
[2025-10-17T14:37:23.635+0000] {logging_mixin.py:190} INFO - [2025-10-17T14:37:23.635+0000] {dag.py:4180} INFO - Setting next_dagrun for premier_dag_test to 2025-06-02 00:00:00+00:00, run_after=2025-06-02 01:00:00+00:00
[2025-10-17T14:37:23.654+0000] {processor.py:208} INFO - Processing /opt/airflow/dags/premier_dag.py took 0.082 seconds
[2025-10-17T14:37:53.996+0000] {processor.py:186} INFO - Started process (PID=3988) to work on /opt/airflow/dags/premier_dag.py
[2025-10-17T14:37:53.997+0000] {processor.py:914} INFO - Processing file /opt/airflow/dags/premier_dag.py for tasks to queue
[2025-10-17T14:37:53.999+0000] {logging_mixin.py:190} INFO - [2025-10-17T14:37:53.999+0000] {dagbag.py:588} INFO - Filling up the DagBag from /opt/airflow/dags/premier_dag.py
[2025-10-17T14:37:54.013+0000] {processor.py:925} INFO - DAG(s) 'premier_dag_test' retrieved from /opt/airflow/dags/premier_dag.py
[2025-10-17T14:37:54.033+0000] {logging_mixin.py:190} INFO - [2025-10-17T14:37:54.033+0000] {dag.py:3239} INFO - Sync 1 DAGs
[2025-10-17T14:37:54.053+0000] {logging_mixin.py:190} INFO - [2025-10-17T14:37:54.053+0000] {dag.py:4180} INFO - Setting next_dagrun for premier_dag_test to 2025-06-02 00:00:00+00:00, run_after=2025-06-02 01:00:00+00:00
[2025-10-17T14:37:54.073+0000] {processor.py:208} INFO - Processing /opt/airflow/dags/premier_dag.py took 0.082 seconds
[2025-10-17T14:38:24.403+0000] {processor.py:186} INFO - Started process (PID=4005) to work on /opt/airflow/dags/premier_dag.py
[2025-10-17T14:38:24.404+0000] {processor.py:914} INFO - Processing file /opt/airflow/dags/premier_dag.py for tasks to queue
[2025-10-17T14:38:24.406+0000] {logging_mixin.py:190} INFO - [2025-10-17T14:38:24.406+0000] {dagbag.py:588} INFO - Filling up the DagBag from /opt/airflow/dags/premier_dag.py
[2025-10-17T14:38:24.420+0000] {processor.py:925} INFO - DAG(s) 'premier_dag_test' retrieved from /opt/airflow/dags/premier_dag.py
[2025-10-17T14:38:24.441+0000] {logging_mixin.py:190} INFO - [2025-10-17T14:38:24.441+0000] {dag.py:3239} INFO - Sync 1 DAGs
[2025-10-17T14:38:24.461+0000] {logging_mixin.py:190} INFO - [2025-10-17T14:38:24.461+0000] {dag.py:4180} INFO - Setting next_dagrun for premier_dag_test to 2025-06-02 00:00:00+00:00, run_after=2025-06-02 01:00:00+00:00
[2025-10-17T14:38:24.479+0000] {processor.py:208} INFO - Processing /opt/airflow/dags/premier_dag.py took 0.082 seconds
[2025-10-17T14:38:54.780+0000] {processor.py:186} INFO - Started process (PID=4023) to work on /opt/airflow/dags/premier_dag.py
[2025-10-17T14:38:54.780+0000] {processor.py:914} INFO - Processing file /opt/airflow/dags/premier_dag.py for tasks to queue
[2025-10-17T14:38:54.782+0000] {logging_mixin.py:190} INFO - [2025-10-17T14:38:54.782+0000] {dagbag.py:588} INFO - Filling up the DagBag from /opt/airflow/dags/premier_dag.py
[2025-10-17T14:38:54.799+0000] {processor.py:925} INFO - DAG(s) 'premier_dag_test' retrieved from /opt/airflow/dags/premier_dag.py
[2025-10-17T14:38:54.820+0000] {logging_mixin.py:190} INFO - [2025-10-17T14:38:54.820+0000] {dag.py:3239} INFO - Sync 1 DAGs
[2025-10-17T14:38:54.949+0000] {logging_mixin.py:190} INFO - [2025-10-17T14:38:54.949+0000] {dag.py:4180} INFO - Setting next_dagrun for premier_dag_test to 2025-06-02 00:00:00+00:00, run_after=2025-06-02 01:00:00+00:00
[2025-10-17T14:38:54.969+0000] {processor.py:208} INFO - Processing /opt/airflow/dags/premier_dag.py took 0.195 seconds
[2025-10-17T14:39:25.299+0000] {processor.py:186} INFO - Started process (PID=4040) to work on /opt/airflow/dags/premier_dag.py
[2025-10-17T14:39:25.300+0000] {processor.py:914} INFO - Processing file /opt/airflow/dags/premier_dag.py for tasks to queue
[2025-10-17T14:39:25.302+0000] {logging_mixin.py:190} INFO - [2025-10-17T14:39:25.301+0000] {dagbag.py:588} INFO - Filling up the DagBag from /opt/airflow/dags/premier_dag.py
[2025-10-17T14:39:25.315+0000] {processor.py:925} INFO - DAG(s) 'premier_dag_test' retrieved from /opt/airflow/dags/premier_dag.py
[2025-10-17T14:39:25.336+0000] {logging_mixin.py:190} INFO - [2025-10-17T14:39:25.336+0000] {dag.py:3239} INFO - Sync 1 DAGs
[2025-10-17T14:39:25.467+0000] {logging_mixin.py:190} INFO - [2025-10-17T14:39:25.467+0000] {dag.py:4180} INFO - Setting next_dagrun for premier_dag_test to 2025-06-02 00:00:00+00:00, run_after=2025-06-02 01:00:00+00:00
[2025-10-17T14:39:25.487+0000] {processor.py:208} INFO - Processing /opt/airflow/dags/premier_dag.py took 0.194 seconds
[2025-10-17T14:39:55.819+0000] {processor.py:186} INFO - Started process (PID=4057) to work on /opt/airflow/dags/premier_dag.py
[2025-10-17T14:39:55.820+0000] {processor.py:914} INFO - Processing file /opt/airflow/dags/premier_dag.py for tasks to queue
[2025-10-17T14:39:55.821+0000] {logging_mixin.py:190} INFO - [2025-10-17T14:39:55.821+0000] {dagbag.py:588} INFO - Filling up the DagBag from /opt/airflow/dags/premier_dag.py
[2025-10-17T14:39:55.835+0000] {processor.py:925} INFO - DAG(s) 'premier_dag_test' retrieved from /opt/airflow/dags/premier_dag.py
[2025-10-17T14:39:55.855+0000] {logging_mixin.py:190} INFO - [2025-10-17T14:39:55.854+0000] {dag.py:3239} INFO - Sync 1 DAGs
[2025-10-17T14:39:55.873+0000] {logging_mixin.py:190} INFO - [2025-10-17T14:39:55.873+0000] {dag.py:4180} INFO - Setting next_dagrun for premier_dag_test to 2025-06-02 00:00:00+00:00, run_after=2025-06-02 01:00:00+00:00
[2025-10-17T14:39:55.890+0000] {processor.py:208} INFO - Processing /opt/airflow/dags/premier_dag.py took 0.077 seconds
[2025-10-17T14:40:26.150+0000] {processor.py:186} INFO - Started process (PID=4074) to work on /opt/airflow/dags/premier_dag.py
[2025-10-17T14:40:26.151+0000] {processor.py:914} INFO - Processing file /opt/airflow/dags/premier_dag.py for tasks to queue
[2025-10-17T14:40:26.153+0000] {logging_mixin.py:190} INFO - [2025-10-17T14:40:26.153+0000] {dagbag.py:588} INFO - Filling up the DagBag from /opt/airflow/dags/premier_dag.py
[2025-10-17T14:40:26.168+0000] {processor.py:925} INFO - DAG(s) 'premier_dag_test' retrieved from /opt/airflow/dags/premier_dag.py
[2025-10-17T14:40:26.188+0000] {logging_mixin.py:190} INFO - [2025-10-17T14:40:26.188+0000] {dag.py:3239} INFO - Sync 1 DAGs
[2025-10-17T14:40:26.206+0000] {logging_mixin.py:190} INFO - [2025-10-17T14:40:26.206+0000] {dag.py:4180} INFO - Setting next_dagrun for premier_dag_test to 2025-06-02 00:00:00+00:00, run_after=2025-06-02 01:00:00+00:00
[2025-10-17T14:40:26.227+0000] {processor.py:208} INFO - Processing /opt/airflow/dags/premier_dag.py took 0.083 seconds
[2025-10-17T14:40:56.477+0000] {processor.py:186} INFO - Started process (PID=4091) to work on /opt/airflow/dags/premier_dag.py
[2025-10-17T14:40:56.478+0000] {processor.py:914} INFO - Processing file /opt/airflow/dags/premier_dag.py for tasks to queue
[2025-10-17T14:40:56.480+0000] {logging_mixin.py:190} INFO - [2025-10-17T14:40:56.480+0000] {dagbag.py:588} INFO - Filling up the DagBag from /opt/airflow/dags/premier_dag.py
[2025-10-17T14:40:56.495+0000] {processor.py:925} INFO - DAG(s) 'premier_dag_test' retrieved from /opt/airflow/dags/premier_dag.py
[2025-10-17T14:40:56.515+0000] {logging_mixin.py:190} INFO - [2025-10-17T14:40:56.515+0000] {dag.py:3239} INFO - Sync 1 DAGs
[2025-10-17T14:40:56.534+0000] {logging_mixin.py:190} INFO - [2025-10-17T14:40:56.534+0000] {dag.py:4180} INFO - Setting next_dagrun for premier_dag_test to 2025-06-02 00:00:00+00:00, run_after=2025-06-02 01:00:00+00:00
[2025-10-17T14:40:56.555+0000] {processor.py:208} INFO - Processing /opt/airflow/dags/premier_dag.py took 0.083 seconds
[2025-10-17T14:41:26.844+0000] {processor.py:186} INFO - Started process (PID=4108) to work on /opt/airflow/dags/premier_dag.py
[2025-10-17T14:41:26.844+0000] {processor.py:914} INFO - Processing file /opt/airflow/dags/premier_dag.py for tasks to queue
[2025-10-17T14:41:26.847+0000] {logging_mixin.py:190} INFO - [2025-10-17T14:41:26.846+0000] {dagbag.py:588} INFO - Filling up the DagBag from /opt/airflow/dags/premier_dag.py
[2025-10-17T14:41:26.861+0000] {processor.py:925} INFO - DAG(s) 'premier_dag_test' retrieved from /opt/airflow/dags/premier_dag.py
[2025-10-17T14:41:26.881+0000] {logging_mixin.py:190} INFO - [2025-10-17T14:41:26.881+0000] {dag.py:3239} INFO - Sync 1 DAGs
[2025-10-17T14:41:26.899+0000] {logging_mixin.py:190} INFO - [2025-10-17T14:41:26.899+0000] {dag.py:4180} INFO - Setting next_dagrun for premier_dag_test to 2025-06-02 00:00:00+00:00, run_after=2025-06-02 01:00:00+00:00
[2025-10-17T14:41:26.916+0000] {processor.py:208} INFO - Processing /opt/airflow/dags/premier_dag.py took 0.077 seconds
[2025-10-17T14:41:57.228+0000] {processor.py:186} INFO - Started process (PID=4125) to work on /opt/airflow/dags/premier_dag.py
[2025-10-17T14:41:57.229+0000] {processor.py:914} INFO - Processing file /opt/airflow/dags/premier_dag.py for tasks to queue
[2025-10-17T14:41:57.231+0000] {logging_mixin.py:190} INFO - [2025-10-17T14:41:57.231+0000] {dagbag.py:588} INFO - Filling up the DagBag from /opt/airflow/dags/premier_dag.py
[2025-10-17T14:41:57.245+0000] {processor.py:925} INFO - DAG(s) 'premier_dag_test' retrieved from /opt/airflow/dags/premier_dag.py
[2025-10-17T14:41:57.265+0000] {logging_mixin.py:190} INFO - [2025-10-17T14:41:57.265+0000] {dag.py:3239} INFO - Sync 1 DAGs
[2025-10-17T14:41:57.284+0000] {logging_mixin.py:190} INFO - [2025-10-17T14:41:57.284+0000] {dag.py:4180} INFO - Setting next_dagrun for premier_dag_test to 2025-06-02 00:00:00+00:00, run_after=2025-06-02 01:00:00+00:00
[2025-10-17T14:41:57.420+0000] {processor.py:208} INFO - Processing /opt/airflow/dags/premier_dag.py took 0.197 seconds
[2025-10-17T14:42:27.707+0000] {processor.py:186} INFO - Started process (PID=4142) to work on /opt/airflow/dags/premier_dag.py
[2025-10-17T14:42:27.707+0000] {processor.py:914} INFO - Processing file /opt/airflow/dags/premier_dag.py for tasks to queue
[2025-10-17T14:42:27.710+0000] {logging_mixin.py:190} INFO - [2025-10-17T14:42:27.709+0000] {dagbag.py:588} INFO - Filling up the DagBag from /opt/airflow/dags/premier_dag.py
[2025-10-17T14:42:27.724+0000] {processor.py:925} INFO - DAG(s) 'premier_dag_test' retrieved from /opt/airflow/dags/premier_dag.py
[2025-10-17T14:42:27.744+0000] {logging_mixin.py:190} INFO - [2025-10-17T14:42:27.743+0000] {dag.py:3239} INFO - Sync 1 DAGs
[2025-10-17T14:42:27.880+0000] {logging_mixin.py:190} INFO - [2025-10-17T14:42:27.880+0000] {dag.py:4180} INFO - Setting next_dagrun for premier_dag_test to 2025-06-02 00:00:00+00:00, run_after=2025-06-02 01:00:00+00:00
[2025-10-17T14:42:27.899+0000] {processor.py:208} INFO - Processing /opt/airflow/dags/premier_dag.py took 0.198 seconds
[2025-10-17T14:42:58.223+0000] {processor.py:186} INFO - Started process (PID=4159) to work on /opt/airflow/dags/premier_dag.py
[2025-10-17T14:42:58.224+0000] {processor.py:914} INFO - Processing file /opt/airflow/dags/premier_dag.py for tasks to queue
[2025-10-17T14:42:58.226+0000] {logging_mixin.py:190} INFO - [2025-10-17T14:42:58.226+0000] {dagbag.py:588} INFO - Filling up the DagBag from /opt/airflow/dags/premier_dag.py
[2025-10-17T14:42:58.241+0000] {processor.py:925} INFO - DAG(s) 'premier_dag_test' retrieved from /opt/airflow/dags/premier_dag.py
[2025-10-17T14:42:58.262+0000] {logging_mixin.py:190} INFO - [2025-10-17T14:42:58.262+0000] {dag.py:3239} INFO - Sync 1 DAGs
[2025-10-17T14:42:58.282+0000] {logging_mixin.py:190} INFO - [2025-10-17T14:42:58.281+0000] {dag.py:4180} INFO - Setting next_dagrun for premier_dag_test to 2025-06-02 00:00:00+00:00, run_after=2025-06-02 01:00:00+00:00
[2025-10-17T14:42:58.299+0000] {processor.py:208} INFO - Processing /opt/airflow/dags/premier_dag.py took 0.080 seconds
[2025-10-17T14:43:28.579+0000] {processor.py:186} INFO - Started process (PID=4176) to work on /opt/airflow/dags/premier_dag.py
[2025-10-17T14:43:28.580+0000] {processor.py:914} INFO - Processing file /opt/airflow/dags/premier_dag.py for tasks to queue
[2025-10-17T14:43:28.583+0000] {logging_mixin.py:190} INFO - [2025-10-17T14:43:28.582+0000] {dagbag.py:588} INFO - Filling up the DagBag from /opt/airflow/dags/premier_dag.py
[2025-10-17T14:43:28.596+0000] {processor.py:925} INFO - DAG(s) 'premier_dag_test' retrieved from /opt/airflow/dags/premier_dag.py
[2025-10-17T14:43:28.616+0000] {logging_mixin.py:190} INFO - [2025-10-17T14:43:28.616+0000] {dag.py:3239} INFO - Sync 1 DAGs
[2025-10-17T14:43:28.635+0000] {logging_mixin.py:190} INFO - [2025-10-17T14:43:28.634+0000] {dag.py:4180} INFO - Setting next_dagrun for premier_dag_test to 2025-06-02 00:00:00+00:00, run_after=2025-06-02 01:00:00+00:00
[2025-10-17T14:43:28.655+0000] {processor.py:208} INFO - Processing /opt/airflow/dags/premier_dag.py took 0.080 seconds
[2025-10-17T14:43:58.969+0000] {processor.py:186} INFO - Started process (PID=4193) to work on /opt/airflow/dags/premier_dag.py
[2025-10-17T14:43:58.970+0000] {processor.py:914} INFO - Processing file /opt/airflow/dags/premier_dag.py for tasks to queue
[2025-10-17T14:43:58.972+0000] {logging_mixin.py:190} INFO - [2025-10-17T14:43:58.972+0000] {dagbag.py:588} INFO - Filling up the DagBag from /opt/airflow/dags/premier_dag.py
[2025-10-17T14:43:58.989+0000] {processor.py:925} INFO - DAG(s) 'premier_dag_test' retrieved from /opt/airflow/dags/premier_dag.py
[2025-10-17T14:43:59.009+0000] {logging_mixin.py:190} INFO - [2025-10-17T14:43:59.009+0000] {dag.py:3239} INFO - Sync 1 DAGs
[2025-10-17T14:43:59.028+0000] {logging_mixin.py:190} INFO - [2025-10-17T14:43:59.028+0000] {dag.py:4180} INFO - Setting next_dagrun for premier_dag_test to 2025-06-02 00:00:00+00:00, run_after=2025-06-02 01:00:00+00:00
[2025-10-17T14:43:59.048+0000] {processor.py:208} INFO - Processing /opt/airflow/dags/premier_dag.py took 0.084 seconds
[2025-10-17T14:44:29.282+0000] {processor.py:186} INFO - Started process (PID=4210) to work on /opt/airflow/dags/premier_dag.py
[2025-10-17T14:44:29.283+0000] {processor.py:914} INFO - Processing file /opt/airflow/dags/premier_dag.py for tasks to queue
[2025-10-17T14:44:29.285+0000] {logging_mixin.py:190} INFO - [2025-10-17T14:44:29.285+0000] {dagbag.py:588} INFO - Filling up the DagBag from /opt/airflow/dags/premier_dag.py
[2025-10-17T14:44:29.303+0000] {processor.py:925} INFO - DAG(s) 'premier_dag_test' retrieved from /opt/airflow/dags/premier_dag.py
[2025-10-17T14:44:29.325+0000] {logging_mixin.py:190} INFO - [2025-10-17T14:44:29.325+0000] {dag.py:3239} INFO - Sync 1 DAGs
[2025-10-17T14:44:29.346+0000] {logging_mixin.py:190} INFO - [2025-10-17T14:44:29.346+0000] {dag.py:4180} INFO - Setting next_dagrun for premier_dag_test to 2025-06-02 00:00:00+00:00, run_after=2025-06-02 01:00:00+00:00
[2025-10-17T14:44:29.365+0000] {processor.py:208} INFO - Processing /opt/airflow/dags/premier_dag.py took 0.088 seconds
[2025-10-17T14:44:59.642+0000] {processor.py:186} INFO - Started process (PID=4227) to work on /opt/airflow/dags/premier_dag.py
[2025-10-17T14:44:59.643+0000] {processor.py:914} INFO - Processing file /opt/airflow/dags/premier_dag.py for tasks to queue
[2025-10-17T14:44:59.645+0000] {logging_mixin.py:190} INFO - [2025-10-17T14:44:59.644+0000] {dagbag.py:588} INFO - Filling up the DagBag from /opt/airflow/dags/premier_dag.py
[2025-10-17T14:44:59.661+0000] {processor.py:925} INFO - DAG(s) 'premier_dag_test' retrieved from /opt/airflow/dags/premier_dag.py
[2025-10-17T14:44:59.685+0000] {logging_mixin.py:190} INFO - [2025-10-17T14:44:59.685+0000] {dag.py:3239} INFO - Sync 1 DAGs
[2025-10-17T14:44:59.707+0000] {logging_mixin.py:190} INFO - [2025-10-17T14:44:59.707+0000] {dag.py:4180} INFO - Setting next_dagrun for premier_dag_test to 2025-06-02 00:00:00+00:00, run_after=2025-06-02 01:00:00+00:00
[2025-10-17T14:44:59.844+0000] {processor.py:208} INFO - Processing /opt/airflow/dags/premier_dag.py took 0.208 seconds
[2025-10-17T14:45:30.121+0000] {processor.py:186} INFO - Started process (PID=4244) to work on /opt/airflow/dags/premier_dag.py
[2025-10-17T14:45:30.122+0000] {processor.py:914} INFO - Processing file /opt/airflow/dags/premier_dag.py for tasks to queue
[2025-10-17T14:45:30.124+0000] {logging_mixin.py:190} INFO - [2025-10-17T14:45:30.124+0000] {dagbag.py:588} INFO - Filling up the DagBag from /opt/airflow/dags/premier_dag.py
[2025-10-17T14:45:30.142+0000] {processor.py:925} INFO - DAG(s) 'premier_dag_test' retrieved from /opt/airflow/dags/premier_dag.py
[2025-10-17T14:45:30.163+0000] {logging_mixin.py:190} INFO - [2025-10-17T14:45:30.163+0000] {dag.py:3239} INFO - Sync 1 DAGs
[2025-10-17T14:45:30.302+0000] {logging_mixin.py:190} INFO - [2025-10-17T14:45:30.302+0000] {dag.py:4180} INFO - Setting next_dagrun for premier_dag_test to 2025-06-02 00:00:00+00:00, run_after=2025-06-02 01:00:00+00:00
[2025-10-17T14:45:30.323+0000] {processor.py:208} INFO - Processing /opt/airflow/dags/premier_dag.py took 0.207 seconds
[2025-10-17T14:46:00.561+0000] {processor.py:186} INFO - Started process (PID=4261) to work on /opt/airflow/dags/premier_dag.py
[2025-10-17T14:46:00.562+0000] {processor.py:914} INFO - Processing file /opt/airflow/dags/premier_dag.py for tasks to queue
[2025-10-17T14:46:00.564+0000] {logging_mixin.py:190} INFO - [2025-10-17T14:46:00.563+0000] {dagbag.py:588} INFO - Filling up the DagBag from /opt/airflow/dags/premier_dag.py
[2025-10-17T14:46:00.578+0000] {processor.py:925} INFO - DAG(s) 'premier_dag_test' retrieved from /opt/airflow/dags/premier_dag.py
[2025-10-17T14:46:00.601+0000] {logging_mixin.py:190} INFO - [2025-10-17T14:46:00.601+0000] {dag.py:3239} INFO - Sync 1 DAGs
[2025-10-17T14:46:00.622+0000] {logging_mixin.py:190} INFO - [2025-10-17T14:46:00.621+0000] {dag.py:4180} INFO - Setting next_dagrun for premier_dag_test to 2025-06-02 00:00:00+00:00, run_after=2025-06-02 01:00:00+00:00
[2025-10-17T14:46:00.641+0000] {processor.py:208} INFO - Processing /opt/airflow/dags/premier_dag.py took 0.086 seconds
[2025-10-17T14:46:30.870+0000] {processor.py:186} INFO - Started process (PID=4278) to work on /opt/airflow/dags/premier_dag.py
[2025-10-17T14:46:30.871+0000] {processor.py:914} INFO - Processing file /opt/airflow/dags/premier_dag.py for tasks to queue
[2025-10-17T14:46:30.873+0000] {logging_mixin.py:190} INFO - [2025-10-17T14:46:30.873+0000] {dagbag.py:588} INFO - Filling up the DagBag from /opt/airflow/dags/premier_dag.py
[2025-10-17T14:46:30.896+0000] {processor.py:925} INFO - DAG(s) 'premier_dag_test' retrieved from /opt/airflow/dags/premier_dag.py
[2025-10-17T14:46:30.926+0000] {logging_mixin.py:190} INFO - [2025-10-17T14:46:30.926+0000] {dag.py:3239} INFO - Sync 1 DAGs
[2025-10-17T14:46:30.955+0000] {logging_mixin.py:190} INFO - [2025-10-17T14:46:30.955+0000] {dag.py:4180} INFO - Setting next_dagrun for premier_dag_test to 2025-06-02 00:00:00+00:00, run_after=2025-06-02 01:00:00+00:00
[2025-10-17T14:46:30.978+0000] {processor.py:208} INFO - Processing /opt/airflow/dags/premier_dag.py took 0.114 seconds
[2025-10-17T14:47:01.193+0000] {processor.py:186} INFO - Started process (PID=4295) to work on /opt/airflow/dags/premier_dag.py
[2025-10-17T14:47:01.194+0000] {processor.py:914} INFO - Processing file /opt/airflow/dags/premier_dag.py for tasks to queue
[2025-10-17T14:47:01.196+0000] {logging_mixin.py:190} INFO - [2025-10-17T14:47:01.195+0000] {dagbag.py:588} INFO - Filling up the DagBag from /opt/airflow/dags/premier_dag.py
[2025-10-17T14:47:01.213+0000] {processor.py:925} INFO - DAG(s) 'premier_dag_test' retrieved from /opt/airflow/dags/premier_dag.py
[2025-10-17T14:47:01.235+0000] {logging_mixin.py:190} INFO - [2025-10-17T14:47:01.235+0000] {dag.py:3239} INFO - Sync 1 DAGs
[2025-10-17T14:47:01.255+0000] {logging_mixin.py:190} INFO - [2025-10-17T14:47:01.255+0000] {dag.py:4180} INFO - Setting next_dagrun for premier_dag_test to 2025-06-02 00:00:00+00:00, run_after=2025-06-02 01:00:00+00:00
[2025-10-17T14:47:01.270+0000] {processor.py:208} INFO - Processing /opt/airflow/dags/premier_dag.py took 0.082 seconds
[2025-10-17T14:47:31.472+0000] {processor.py:186} INFO - Started process (PID=4312) to work on /opt/airflow/dags/premier_dag.py
[2025-10-17T14:47:31.473+0000] {processor.py:914} INFO - Processing file /opt/airflow/dags/premier_dag.py for tasks to queue
[2025-10-17T14:47:31.475+0000] {logging_mixin.py:190} INFO - [2025-10-17T14:47:31.475+0000] {dagbag.py:588} INFO - Filling up the DagBag from /opt/airflow/dags/premier_dag.py
[2025-10-17T14:47:31.491+0000] {processor.py:925} INFO - DAG(s) 'premier_dag_test' retrieved from /opt/airflow/dags/premier_dag.py
[2025-10-17T14:47:31.512+0000] {logging_mixin.py:190} INFO - [2025-10-17T14:47:31.512+0000] {dag.py:3239} INFO - Sync 1 DAGs
[2025-10-17T14:47:31.533+0000] {logging_mixin.py:190} INFO - [2025-10-17T14:47:31.533+0000] {dag.py:4180} INFO - Setting next_dagrun for premier_dag_test to 2025-06-02 00:00:00+00:00, run_after=2025-06-02 01:00:00+00:00
[2025-10-17T14:47:31.562+0000] {processor.py:208} INFO - Processing /opt/airflow/dags/premier_dag.py took 0.095 seconds
[2025-10-17T14:48:01.793+0000] {processor.py:186} INFO - Started process (PID=4329) to work on /opt/airflow/dags/premier_dag.py
[2025-10-17T14:48:01.794+0000] {processor.py:914} INFO - Processing file /opt/airflow/dags/premier_dag.py for tasks to queue
[2025-10-17T14:48:01.796+0000] {logging_mixin.py:190} INFO - [2025-10-17T14:48:01.796+0000] {dagbag.py:588} INFO - Filling up the DagBag from /opt/airflow/dags/premier_dag.py
[2025-10-17T14:48:01.812+0000] {processor.py:925} INFO - DAG(s) 'premier_dag_test' retrieved from /opt/airflow/dags/premier_dag.py
[2025-10-17T14:48:01.836+0000] {logging_mixin.py:190} INFO - [2025-10-17T14:48:01.835+0000] {dag.py:3239} INFO - Sync 1 DAGs
[2025-10-17T14:48:01.859+0000] {logging_mixin.py:190} INFO - [2025-10-17T14:48:01.858+0000] {dag.py:4180} INFO - Setting next_dagrun for premier_dag_test to 2025-06-02 00:00:00+00:00, run_after=2025-06-02 01:00:00+00:00
[2025-10-17T14:48:02.003+0000] {processor.py:208} INFO - Processing /opt/airflow/dags/premier_dag.py took 0.215 seconds
[2025-10-17T14:48:32.223+0000] {processor.py:186} INFO - Started process (PID=4346) to work on /opt/airflow/dags/premier_dag.py
[2025-10-17T14:48:32.224+0000] {processor.py:914} INFO - Processing file /opt/airflow/dags/premier_dag.py for tasks to queue
[2025-10-17T14:48:32.226+0000] {logging_mixin.py:190} INFO - [2025-10-17T14:48:32.226+0000] {dagbag.py:588} INFO - Filling up the DagBag from /opt/airflow/dags/premier_dag.py
[2025-10-17T14:48:32.241+0000] {processor.py:925} INFO - DAG(s) 'premier_dag_test' retrieved from /opt/airflow/dags/premier_dag.py
[2025-10-17T14:48:32.264+0000] {logging_mixin.py:190} INFO - [2025-10-17T14:48:32.264+0000] {dag.py:3239} INFO - Sync 1 DAGs
[2025-10-17T14:48:32.423+0000] {logging_mixin.py:190} INFO - [2025-10-17T14:48:32.423+0000] {dag.py:4180} INFO - Setting next_dagrun for premier_dag_test to 2025-06-02 00:00:00+00:00, run_after=2025-06-02 01:00:00+00:00
[2025-10-17T14:48:32.440+0000] {processor.py:208} INFO - Processing /opt/airflow/dags/premier_dag.py took 0.222 seconds
[2025-10-17T14:49:02.658+0000] {processor.py:186} INFO - Started process (PID=4363) to work on /opt/airflow/dags/premier_dag.py
[2025-10-17T14:49:02.658+0000] {processor.py:914} INFO - Processing file /opt/airflow/dags/premier_dag.py for tasks to queue
[2025-10-17T14:49:02.660+0000] {logging_mixin.py:190} INFO - [2025-10-17T14:49:02.660+0000] {dagbag.py:588} INFO - Filling up the DagBag from /opt/airflow/dags/premier_dag.py
[2025-10-17T14:49:02.675+0000] {processor.py:925} INFO - DAG(s) 'premier_dag_test' retrieved from /opt/airflow/dags/premier_dag.py
[2025-10-17T14:49:02.697+0000] {logging_mixin.py:190} INFO - [2025-10-17T14:49:02.697+0000] {dag.py:3239} INFO - Sync 1 DAGs
[2025-10-17T14:49:02.718+0000] {logging_mixin.py:190} INFO - [2025-10-17T14:49:02.717+0000] {dag.py:4180} INFO - Setting next_dagrun for premier_dag_test to 2025-06-02 00:00:00+00:00, run_after=2025-06-02 01:00:00+00:00
[2025-10-17T14:49:02.738+0000] {processor.py:208} INFO - Processing /opt/airflow/dags/premier_dag.py took 0.085 seconds
[2025-10-17T14:49:32.951+0000] {processor.py:186} INFO - Started process (PID=4380) to work on /opt/airflow/dags/premier_dag.py
[2025-10-17T14:49:32.952+0000] {processor.py:914} INFO - Processing file /opt/airflow/dags/premier_dag.py for tasks to queue
[2025-10-17T14:49:32.954+0000] {logging_mixin.py:190} INFO - [2025-10-17T14:49:32.954+0000] {dagbag.py:588} INFO - Filling up the DagBag from /opt/airflow/dags/premier_dag.py
[2025-10-17T14:49:32.969+0000] {processor.py:925} INFO - DAG(s) 'premier_dag_test' retrieved from /opt/airflow/dags/premier_dag.py
[2025-10-17T14:49:32.992+0000] {logging_mixin.py:190} INFO - [2025-10-17T14:49:32.992+0000] {dag.py:3239} INFO - Sync 1 DAGs
[2025-10-17T14:49:33.018+0000] {logging_mixin.py:190} INFO - [2025-10-17T14:49:33.018+0000] {dag.py:4180} INFO - Setting next_dagrun for premier_dag_test to 2025-06-02 00:00:00+00:00, run_after=2025-06-02 01:00:00+00:00
[2025-10-17T14:49:33.043+0000] {processor.py:208} INFO - Processing /opt/airflow/dags/premier_dag.py took 0.097 seconds
[2025-10-17T14:50:03.252+0000] {processor.py:186} INFO - Started process (PID=4403) to work on /opt/airflow/dags/premier_dag.py
[2025-10-17T14:50:03.253+0000] {processor.py:914} INFO - Processing file /opt/airflow/dags/premier_dag.py for tasks to queue
[2025-10-17T14:50:03.255+0000] {logging_mixin.py:190} INFO - [2025-10-17T14:50:03.254+0000] {dagbag.py:588} INFO - Filling up the DagBag from /opt/airflow/dags/premier_dag.py
[2025-10-17T14:50:03.270+0000] {processor.py:925} INFO - DAG(s) 'premier_dag_test' retrieved from /opt/airflow/dags/premier_dag.py
[2025-10-17T14:50:03.292+0000] {logging_mixin.py:190} INFO - [2025-10-17T14:50:03.291+0000] {dag.py:3239} INFO - Sync 1 DAGs
[2025-10-17T14:50:03.312+0000] {logging_mixin.py:190} INFO - [2025-10-17T14:50:03.312+0000] {dag.py:4180} INFO - Setting next_dagrun for premier_dag_test to 2025-06-02 00:00:00+00:00, run_after=2025-06-02 01:00:00+00:00
[2025-10-17T14:50:03.334+0000] {processor.py:208} INFO - Processing /opt/airflow/dags/premier_dag.py took 0.087 seconds
[2025-10-17T14:50:33.542+0000] {processor.py:186} INFO - Started process (PID=4420) to work on /opt/airflow/dags/premier_dag.py
[2025-10-17T14:50:33.543+0000] {processor.py:914} INFO - Processing file /opt/airflow/dags/premier_dag.py for tasks to queue
[2025-10-17T14:50:33.545+0000] {logging_mixin.py:190} INFO - [2025-10-17T14:50:33.545+0000] {dagbag.py:588} INFO - Filling up the DagBag from /opt/airflow/dags/premier_dag.py
[2025-10-17T14:50:33.560+0000] {processor.py:925} INFO - DAG(s) 'premier_dag_test' retrieved from /opt/airflow/dags/premier_dag.py
[2025-10-17T14:50:33.581+0000] {logging_mixin.py:190} INFO - [2025-10-17T14:50:33.581+0000] {dag.py:3239} INFO - Sync 1 DAGs
[2025-10-17T14:50:33.602+0000] {logging_mixin.py:190} INFO - [2025-10-17T14:50:33.602+0000] {dag.py:4180} INFO - Setting next_dagrun for premier_dag_test to 2025-06-02 00:00:00+00:00, run_after=2025-06-02 01:00:00+00:00
[2025-10-17T14:50:33.617+0000] {processor.py:208} INFO - Processing /opt/airflow/dags/premier_dag.py took 0.080 seconds
[2025-10-17T14:51:03.759+0000] {processor.py:186} INFO - Started process (PID=4434) to work on /opt/airflow/dags/premier_dag.py
[2025-10-17T14:51:03.760+0000] {processor.py:914} INFO - Processing file /opt/airflow/dags/premier_dag.py for tasks to queue
[2025-10-17T14:51:03.762+0000] {logging_mixin.py:190} INFO - [2025-10-17T14:51:03.761+0000] {dagbag.py:588} INFO - Filling up the DagBag from /opt/airflow/dags/premier_dag.py
[2025-10-17T14:51:03.777+0000] {processor.py:925} INFO - DAG(s) 'premier_dag_test' retrieved from /opt/airflow/dags/premier_dag.py
[2025-10-17T14:51:03.798+0000] {logging_mixin.py:190} INFO - [2025-10-17T14:51:03.797+0000] {dag.py:3239} INFO - Sync 1 DAGs
[2025-10-17T14:51:03.819+0000] {logging_mixin.py:190} INFO - [2025-10-17T14:51:03.818+0000] {dag.py:4180} INFO - Setting next_dagrun for premier_dag_test to 2025-06-02 00:00:00+00:00, run_after=2025-06-02 01:00:00+00:00
[2025-10-17T14:51:03.973+0000] {processor.py:208} INFO - Processing /opt/airflow/dags/premier_dag.py took 0.219 seconds
[2025-10-17T14:51:34.230+0000] {processor.py:186} INFO - Started process (PID=4448) to work on /opt/airflow/dags/premier_dag.py
[2025-10-17T14:51:34.231+0000] {processor.py:914} INFO - Processing file /opt/airflow/dags/premier_dag.py for tasks to queue
[2025-10-17T14:51:34.233+0000] {logging_mixin.py:190} INFO - [2025-10-17T14:51:34.232+0000] {dagbag.py:588} INFO - Filling up the DagBag from /opt/airflow/dags/premier_dag.py
[2025-10-17T14:51:34.248+0000] {processor.py:925} INFO - DAG(s) 'premier_dag_test' retrieved from /opt/airflow/dags/premier_dag.py
[2025-10-17T14:51:34.270+0000] {logging_mixin.py:190} INFO - [2025-10-17T14:51:34.270+0000] {dag.py:3239} INFO - Sync 1 DAGs
[2025-10-17T14:51:34.413+0000] {logging_mixin.py:190} INFO - [2025-10-17T14:51:34.412+0000] {dag.py:4180} INFO - Setting next_dagrun for premier_dag_test to 2025-06-02 00:00:00+00:00, run_after=2025-06-02 01:00:00+00:00
[2025-10-17T14:51:34.429+0000] {processor.py:208} INFO - Processing /opt/airflow/dags/premier_dag.py took 0.206 seconds
[2025-10-17T14:52:04.647+0000] {processor.py:186} INFO - Started process (PID=4465) to work on /opt/airflow/dags/premier_dag.py
[2025-10-17T14:52:04.648+0000] {processor.py:914} INFO - Processing file /opt/airflow/dags/premier_dag.py for tasks to queue
[2025-10-17T14:52:04.650+0000] {logging_mixin.py:190} INFO - [2025-10-17T14:52:04.650+0000] {dagbag.py:588} INFO - Filling up the DagBag from /opt/airflow/dags/premier_dag.py
[2025-10-17T14:52:04.665+0000] {processor.py:925} INFO - DAG(s) 'premier_dag_test' retrieved from /opt/airflow/dags/premier_dag.py
[2025-10-17T14:52:04.687+0000] {logging_mixin.py:190} INFO - [2025-10-17T14:52:04.687+0000] {dag.py:3239} INFO - Sync 1 DAGs
[2025-10-17T14:52:04.823+0000] {logging_mixin.py:190} INFO - [2025-10-17T14:52:04.823+0000] {dag.py:4180} INFO - Setting next_dagrun for premier_dag_test to 2025-06-02 00:00:00+00:00, run_after=2025-06-02 01:00:00+00:00
[2025-10-17T14:52:04.843+0000] {processor.py:208} INFO - Processing /opt/airflow/dags/premier_dag.py took 0.201 seconds
[2025-10-17T14:52:35.060+0000] {processor.py:186} INFO - Started process (PID=4482) to work on /opt/airflow/dags/premier_dag.py
[2025-10-17T14:52:35.061+0000] {processor.py:914} INFO - Processing file /opt/airflow/dags/premier_dag.py for tasks to queue
[2025-10-17T14:52:35.063+0000] {logging_mixin.py:190} INFO - [2025-10-17T14:52:35.063+0000] {dagbag.py:588} INFO - Filling up the DagBag from /opt/airflow/dags/premier_dag.py
[2025-10-17T14:52:35.078+0000] {processor.py:925} INFO - DAG(s) 'premier_dag_test' retrieved from /opt/airflow/dags/premier_dag.py
[2025-10-17T14:52:35.099+0000] {logging_mixin.py:190} INFO - [2025-10-17T14:52:35.099+0000] {dag.py:3239} INFO - Sync 1 DAGs
[2025-10-17T14:52:35.119+0000] {logging_mixin.py:190} INFO - [2025-10-17T14:52:35.119+0000] {dag.py:4180} INFO - Setting next_dagrun for premier_dag_test to 2025-06-02 00:00:00+00:00, run_after=2025-06-02 01:00:00+00:00
[2025-10-17T14:52:35.139+0000] {processor.py:208} INFO - Processing /opt/airflow/dags/premier_dag.py took 0.084 seconds
[2025-10-17T14:53:05.363+0000] {processor.py:186} INFO - Started process (PID=4499) to work on /opt/airflow/dags/premier_dag.py
[2025-10-17T14:53:05.364+0000] {processor.py:914} INFO - Processing file /opt/airflow/dags/premier_dag.py for tasks to queue
[2025-10-17T14:53:05.366+0000] {logging_mixin.py:190} INFO - [2025-10-17T14:53:05.366+0000] {dagbag.py:588} INFO - Filling up the DagBag from /opt/airflow/dags/premier_dag.py
[2025-10-17T14:53:05.380+0000] {processor.py:925} INFO - DAG(s) 'premier_dag_test' retrieved from /opt/airflow/dags/premier_dag.py
[2025-10-17T14:53:05.401+0000] {logging_mixin.py:190} INFO - [2025-10-17T14:53:05.401+0000] {dag.py:3239} INFO - Sync 1 DAGs
[2025-10-17T14:53:05.420+0000] {logging_mixin.py:190} INFO - [2025-10-17T14:53:05.420+0000] {dag.py:4180} INFO - Setting next_dagrun for premier_dag_test to 2025-06-02 00:00:00+00:00, run_after=2025-06-02 01:00:00+00:00
[2025-10-17T14:53:05.440+0000] {processor.py:208} INFO - Processing /opt/airflow/dags/premier_dag.py took 0.082 seconds
[2025-10-17T14:53:35.661+0000] {processor.py:186} INFO - Started process (PID=4516) to work on /opt/airflow/dags/premier_dag.py
[2025-10-17T14:53:35.662+0000] {processor.py:914} INFO - Processing file /opt/airflow/dags/premier_dag.py for tasks to queue
[2025-10-17T14:53:35.664+0000] {logging_mixin.py:190} INFO - [2025-10-17T14:53:35.664+0000] {dagbag.py:588} INFO - Filling up the DagBag from /opt/airflow/dags/premier_dag.py
[2025-10-17T14:53:35.679+0000] {processor.py:925} INFO - DAG(s) 'premier_dag_test' retrieved from /opt/airflow/dags/premier_dag.py
[2025-10-17T14:53:35.699+0000] {logging_mixin.py:190} INFO - [2025-10-17T14:53:35.699+0000] {dag.py:3239} INFO - Sync 1 DAGs
[2025-10-17T14:53:35.719+0000] {logging_mixin.py:190} INFO - [2025-10-17T14:53:35.719+0000] {dag.py:4180} INFO - Setting next_dagrun for premier_dag_test to 2025-06-02 00:00:00+00:00, run_after=2025-06-02 01:00:00+00:00
[2025-10-17T14:53:35.739+0000] {processor.py:208} INFO - Processing /opt/airflow/dags/premier_dag.py took 0.083 seconds
[2025-10-17T14:54:05.954+0000] {processor.py:186} INFO - Started process (PID=4533) to work on /opt/airflow/dags/premier_dag.py
[2025-10-17T14:54:05.955+0000] {processor.py:914} INFO - Processing file /opt/airflow/dags/premier_dag.py for tasks to queue
[2025-10-17T14:54:05.958+0000] {logging_mixin.py:190} INFO - [2025-10-17T14:54:05.957+0000] {dagbag.py:588} INFO - Filling up the DagBag from /opt/airflow/dags/premier_dag.py
[2025-10-17T14:54:05.972+0000] {processor.py:925} INFO - DAG(s) 'premier_dag_test' retrieved from /opt/airflow/dags/premier_dag.py
[2025-10-17T14:54:05.993+0000] {logging_mixin.py:190} INFO - [2025-10-17T14:54:05.993+0000] {dag.py:3239} INFO - Sync 1 DAGs
[2025-10-17T14:54:06.013+0000] {logging_mixin.py:190} INFO - [2025-10-17T14:54:06.013+0000] {dag.py:4180} INFO - Setting next_dagrun for premier_dag_test to 2025-06-02 00:00:00+00:00, run_after=2025-06-02 01:00:00+00:00
[2025-10-17T14:54:06.144+0000] {processor.py:208} INFO - Processing /opt/airflow/dags/premier_dag.py took 0.195 seconds
[2025-10-17T14:54:36.369+0000] {processor.py:186} INFO - Started process (PID=4550) to work on /opt/airflow/dags/premier_dag.py
[2025-10-17T14:54:36.370+0000] {processor.py:914} INFO - Processing file /opt/airflow/dags/premier_dag.py for tasks to queue
[2025-10-17T14:54:36.373+0000] {logging_mixin.py:190} INFO - [2025-10-17T14:54:36.373+0000] {dagbag.py:588} INFO - Filling up the DagBag from /opt/airflow/dags/premier_dag.py
[2025-10-17T14:54:36.388+0000] {processor.py:925} INFO - DAG(s) 'premier_dag_test' retrieved from /opt/airflow/dags/premier_dag.py
[2025-10-17T14:54:36.410+0000] {logging_mixin.py:190} INFO - [2025-10-17T14:54:36.410+0000] {dag.py:3239} INFO - Sync 1 DAGs
[2025-10-17T14:54:36.566+0000] {logging_mixin.py:190} INFO - [2025-10-17T14:54:36.566+0000] {dag.py:4180} INFO - Setting next_dagrun for premier_dag_test to 2025-06-02 00:00:00+00:00, run_after=2025-06-02 01:00:00+00:00
[2025-10-17T14:54:36.582+0000] {processor.py:208} INFO - Processing /opt/airflow/dags/premier_dag.py took 0.218 seconds
[2025-10-17T14:55:06.801+0000] {processor.py:186} INFO - Started process (PID=4567) to work on /opt/airflow/dags/premier_dag.py
[2025-10-17T14:55:06.802+0000] {processor.py:914} INFO - Processing file /opt/airflow/dags/premier_dag.py for tasks to queue
[2025-10-17T14:55:06.805+0000] {logging_mixin.py:190} INFO - [2025-10-17T14:55:06.804+0000] {dagbag.py:588} INFO - Filling up the DagBag from /opt/airflow/dags/premier_dag.py
[2025-10-17T14:55:06.819+0000] {processor.py:925} INFO - DAG(s) 'premier_dag_test' retrieved from /opt/airflow/dags/premier_dag.py
[2025-10-17T14:55:06.843+0000] {logging_mixin.py:190} INFO - [2025-10-17T14:55:06.843+0000] {dag.py:3239} INFO - Sync 1 DAGs
[2025-10-17T14:55:06.999+0000] {logging_mixin.py:190} INFO - [2025-10-17T14:55:06.999+0000] {dag.py:4180} INFO - Setting next_dagrun for premier_dag_test to 2025-06-02 00:00:00+00:00, run_after=2025-06-02 01:00:00+00:00
[2025-10-17T14:55:07.014+0000] {processor.py:208} INFO - Processing /opt/airflow/dags/premier_dag.py took 0.218 seconds
[2025-10-17T14:55:37.239+0000] {processor.py:186} INFO - Started process (PID=4584) to work on /opt/airflow/dags/premier_dag.py
[2025-10-17T14:55:37.240+0000] {processor.py:914} INFO - Processing file /opt/airflow/dags/premier_dag.py for tasks to queue
[2025-10-17T14:55:37.243+0000] {logging_mixin.py:190} INFO - [2025-10-17T14:55:37.242+0000] {dagbag.py:588} INFO - Filling up the DagBag from /opt/airflow/dags/premier_dag.py
[2025-10-17T14:55:37.260+0000] {processor.py:925} INFO - DAG(s) 'premier_dag_test' retrieved from /opt/airflow/dags/premier_dag.py
[2025-10-17T14:55:37.288+0000] {logging_mixin.py:190} INFO - [2025-10-17T14:55:37.288+0000] {dag.py:3239} INFO - Sync 1 DAGs
[2025-10-17T14:55:37.314+0000] {logging_mixin.py:190} INFO - [2025-10-17T14:55:37.314+0000] {dag.py:4180} INFO - Setting next_dagrun for premier_dag_test to 2025-06-02 00:00:00+00:00, run_after=2025-06-02 01:00:00+00:00
[2025-10-17T14:55:37.337+0000] {processor.py:208} INFO - Processing /opt/airflow/dags/premier_dag.py took 0.104 seconds
[2025-10-17T14:56:07.556+0000] {processor.py:186} INFO - Started process (PID=4601) to work on /opt/airflow/dags/premier_dag.py
[2025-10-17T14:56:07.557+0000] {processor.py:914} INFO - Processing file /opt/airflow/dags/premier_dag.py for tasks to queue
[2025-10-17T14:56:07.559+0000] {logging_mixin.py:190} INFO - [2025-10-17T14:56:07.559+0000] {dagbag.py:588} INFO - Filling up the DagBag from /opt/airflow/dags/premier_dag.py
[2025-10-17T14:56:07.574+0000] {processor.py:925} INFO - DAG(s) 'premier_dag_test' retrieved from /opt/airflow/dags/premier_dag.py
[2025-10-17T14:56:07.595+0000] {logging_mixin.py:190} INFO - [2025-10-17T14:56:07.595+0000] {dag.py:3239} INFO - Sync 1 DAGs
[2025-10-17T14:56:07.616+0000] {logging_mixin.py:190} INFO - [2025-10-17T14:56:07.616+0000] {dag.py:4180} INFO - Setting next_dagrun for premier_dag_test to 2025-06-02 00:00:00+00:00, run_after=2025-06-02 01:00:00+00:00
[2025-10-17T14:56:07.632+0000] {processor.py:208} INFO - Processing /opt/airflow/dags/premier_dag.py took 0.081 seconds
[2025-10-17T14:56:37.855+0000] {processor.py:186} INFO - Started process (PID=4619) to work on /opt/airflow/dags/premier_dag.py
[2025-10-17T14:56:37.856+0000] {processor.py:914} INFO - Processing file /opt/airflow/dags/premier_dag.py for tasks to queue
[2025-10-17T14:56:37.859+0000] {logging_mixin.py:190} INFO - [2025-10-17T14:56:37.858+0000] {dagbag.py:588} INFO - Filling up the DagBag from /opt/airflow/dags/premier_dag.py
[2025-10-17T14:56:37.873+0000] {processor.py:925} INFO - DAG(s) 'premier_dag_test' retrieved from /opt/airflow/dags/premier_dag.py
[2025-10-17T14:56:37.896+0000] {logging_mixin.py:190} INFO - [2025-10-17T14:56:37.895+0000] {dag.py:3239} INFO - Sync 1 DAGs
[2025-10-17T14:56:37.917+0000] {logging_mixin.py:190} INFO - [2025-10-17T14:56:37.917+0000] {dag.py:4180} INFO - Setting next_dagrun for premier_dag_test to 2025-06-02 00:00:00+00:00, run_after=2025-06-02 01:00:00+00:00
[2025-10-17T14:56:37.937+0000] {processor.py:208} INFO - Processing /opt/airflow/dags/premier_dag.py took 0.087 seconds
[2025-10-17T14:57:08.149+0000] {processor.py:186} INFO - Started process (PID=4636) to work on /opt/airflow/dags/premier_dag.py
[2025-10-17T14:57:08.149+0000] {processor.py:914} INFO - Processing file /opt/airflow/dags/premier_dag.py for tasks to queue
[2025-10-17T14:57:08.152+0000] {logging_mixin.py:190} INFO - [2025-10-17T14:57:08.151+0000] {dagbag.py:588} INFO - Filling up the DagBag from /opt/airflow/dags/premier_dag.py
[2025-10-17T14:57:08.178+0000] {processor.py:925} INFO - DAG(s) 'premier_dag_test' retrieved from /opt/airflow/dags/premier_dag.py
[2025-10-17T14:57:08.206+0000] {logging_mixin.py:190} INFO - [2025-10-17T14:57:08.206+0000] {dag.py:3239} INFO - Sync 1 DAGs
[2025-10-17T14:57:08.227+0000] {logging_mixin.py:190} INFO - [2025-10-17T14:57:08.227+0000] {dag.py:4180} INFO - Setting next_dagrun for premier_dag_test to 2025-06-02 00:00:00+00:00, run_after=2025-06-02 01:00:00+00:00
[2025-10-17T14:57:08.248+0000] {processor.py:208} INFO - Processing /opt/airflow/dags/premier_dag.py took 0.105 seconds
[2025-10-17T14:57:38.462+0000] {processor.py:186} INFO - Started process (PID=4653) to work on /opt/airflow/dags/premier_dag.py
[2025-10-17T14:57:38.463+0000] {processor.py:914} INFO - Processing file /opt/airflow/dags/premier_dag.py for tasks to queue
[2025-10-17T14:57:38.465+0000] {logging_mixin.py:190} INFO - [2025-10-17T14:57:38.464+0000] {dagbag.py:588} INFO - Filling up the DagBag from /opt/airflow/dags/premier_dag.py
[2025-10-17T14:57:38.480+0000] {processor.py:925} INFO - DAG(s) 'premier_dag_test' retrieved from /opt/airflow/dags/premier_dag.py
[2025-10-17T14:57:38.502+0000] {logging_mixin.py:190} INFO - [2025-10-17T14:57:38.502+0000] {dag.py:3239} INFO - Sync 1 DAGs
[2025-10-17T14:57:38.641+0000] {logging_mixin.py:190} INFO - [2025-10-17T14:57:38.641+0000] {dag.py:4180} INFO - Setting next_dagrun for premier_dag_test to 2025-06-02 00:00:00+00:00, run_after=2025-06-02 01:00:00+00:00
[2025-10-17T14:57:38.659+0000] {processor.py:208} INFO - Processing /opt/airflow/dags/premier_dag.py took 0.203 seconds
[2025-10-17T14:58:08.898+0000] {processor.py:186} INFO - Started process (PID=4670) to work on /opt/airflow/dags/premier_dag.py
[2025-10-17T14:58:08.899+0000] {processor.py:914} INFO - Processing file /opt/airflow/dags/premier_dag.py for tasks to queue
[2025-10-17T14:58:08.901+0000] {logging_mixin.py:190} INFO - [2025-10-17T14:58:08.900+0000] {dagbag.py:588} INFO - Filling up the DagBag from /opt/airflow/dags/premier_dag.py
[2025-10-17T14:58:08.916+0000] {processor.py:925} INFO - DAG(s) 'premier_dag_test' retrieved from /opt/airflow/dags/premier_dag.py
[2025-10-17T14:58:08.938+0000] {logging_mixin.py:190} INFO - [2025-10-17T14:58:08.938+0000] {dag.py:3239} INFO - Sync 1 DAGs
[2025-10-17T14:58:09.079+0000] {logging_mixin.py:190} INFO - [2025-10-17T14:58:09.079+0000] {dag.py:4180} INFO - Setting next_dagrun for premier_dag_test to 2025-06-02 00:00:00+00:00, run_after=2025-06-02 01:00:00+00:00
[2025-10-17T14:58:09.093+0000] {processor.py:208} INFO - Processing /opt/airflow/dags/premier_dag.py took 0.201 seconds
[2025-10-17T14:58:39.318+0000] {processor.py:186} INFO - Started process (PID=4687) to work on /opt/airflow/dags/premier_dag.py
[2025-10-17T14:58:39.319+0000] {processor.py:914} INFO - Processing file /opt/airflow/dags/premier_dag.py for tasks to queue
[2025-10-17T14:58:39.321+0000] {logging_mixin.py:190} INFO - [2025-10-17T14:58:39.320+0000] {dagbag.py:588} INFO - Filling up the DagBag from /opt/airflow/dags/premier_dag.py
[2025-10-17T14:58:39.335+0000] {processor.py:925} INFO - DAG(s) 'premier_dag_test' retrieved from /opt/airflow/dags/premier_dag.py
[2025-10-17T14:58:39.357+0000] {logging_mixin.py:190} INFO - [2025-10-17T14:58:39.357+0000] {dag.py:3239} INFO - Sync 1 DAGs
[2025-10-17T14:58:39.378+0000] {logging_mixin.py:190} INFO - [2025-10-17T14:58:39.377+0000] {dag.py:4180} INFO - Setting next_dagrun for premier_dag_test to 2025-06-02 00:00:00+00:00, run_after=2025-06-02 01:00:00+00:00
[2025-10-17T14:58:39.399+0000] {processor.py:208} INFO - Processing /opt/airflow/dags/premier_dag.py took 0.086 seconds
[2025-10-17T14:59:09.607+0000] {processor.py:186} INFO - Started process (PID=4704) to work on /opt/airflow/dags/premier_dag.py
[2025-10-17T14:59:09.608+0000] {processor.py:914} INFO - Processing file /opt/airflow/dags/premier_dag.py for tasks to queue
[2025-10-17T14:59:09.610+0000] {logging_mixin.py:190} INFO - [2025-10-17T14:59:09.609+0000] {dagbag.py:588} INFO - Filling up the DagBag from /opt/airflow/dags/premier_dag.py
[2025-10-17T14:59:09.625+0000] {processor.py:925} INFO - DAG(s) 'premier_dag_test' retrieved from /opt/airflow/dags/premier_dag.py
[2025-10-17T14:59:09.647+0000] {logging_mixin.py:190} INFO - [2025-10-17T14:59:09.646+0000] {dag.py:3239} INFO - Sync 1 DAGs
[2025-10-17T14:59:09.669+0000] {logging_mixin.py:190} INFO - [2025-10-17T14:59:09.669+0000] {dag.py:4180} INFO - Setting next_dagrun for premier_dag_test to 2025-06-02 00:00:00+00:00, run_after=2025-06-02 01:00:00+00:00
[2025-10-17T14:59:09.686+0000] {processor.py:208} INFO - Processing /opt/airflow/dags/premier_dag.py took 0.084 seconds
[2025-10-17T14:59:39.901+0000] {processor.py:186} INFO - Started process (PID=4721) to work on /opt/airflow/dags/premier_dag.py
[2025-10-17T14:59:39.902+0000] {processor.py:914} INFO - Processing file /opt/airflow/dags/premier_dag.py for tasks to queue
[2025-10-17T14:59:39.904+0000] {logging_mixin.py:190} INFO - [2025-10-17T14:59:39.904+0000] {dagbag.py:588} INFO - Filling up the DagBag from /opt/airflow/dags/premier_dag.py
[2025-10-17T14:59:39.919+0000] {processor.py:925} INFO - DAG(s) 'premier_dag_test' retrieved from /opt/airflow/dags/premier_dag.py
[2025-10-17T14:59:39.941+0000] {logging_mixin.py:190} INFO - [2025-10-17T14:59:39.940+0000] {dag.py:3239} INFO - Sync 1 DAGs
[2025-10-17T14:59:39.961+0000] {logging_mixin.py:190} INFO - [2025-10-17T14:59:39.960+0000] {dag.py:4180} INFO - Setting next_dagrun for premier_dag_test to 2025-06-02 00:00:00+00:00, run_after=2025-06-02 01:00:00+00:00
[2025-10-17T14:59:39.977+0000] {processor.py:208} INFO - Processing /opt/airflow/dags/premier_dag.py took 0.082 seconds
[2025-10-17T15:00:10.185+0000] {processor.py:186} INFO - Started process (PID=4751) to work on /opt/airflow/dags/premier_dag.py
[2025-10-17T15:00:10.186+0000] {processor.py:914} INFO - Processing file /opt/airflow/dags/premier_dag.py for tasks to queue
[2025-10-17T15:00:10.188+0000] {logging_mixin.py:190} INFO - [2025-10-17T15:00:10.188+0000] {dagbag.py:588} INFO - Filling up the DagBag from /opt/airflow/dags/premier_dag.py
[2025-10-17T15:00:10.204+0000] {processor.py:925} INFO - DAG(s) 'premier_dag_test' retrieved from /opt/airflow/dags/premier_dag.py
[2025-10-17T15:00:10.227+0000] {logging_mixin.py:190} INFO - [2025-10-17T15:00:10.227+0000] {dag.py:3239} INFO - Sync 1 DAGs
[2025-10-17T15:00:10.254+0000] {logging_mixin.py:190} INFO - [2025-10-17T15:00:10.254+0000] {dag.py:4180} INFO - Setting next_dagrun for premier_dag_test to 2025-06-02 00:00:00+00:00, run_after=2025-06-02 01:00:00+00:00
[2025-10-17T15:00:10.274+0000] {processor.py:208} INFO - Processing /opt/airflow/dags/premier_dag.py took 0.094 seconds
[2025-10-17T15:00:40.486+0000] {processor.py:186} INFO - Started process (PID=4785) to work on /opt/airflow/dags/premier_dag.py
[2025-10-17T15:00:40.487+0000] {processor.py:914} INFO - Processing file /opt/airflow/dags/premier_dag.py for tasks to queue
[2025-10-17T15:00:40.489+0000] {logging_mixin.py:190} INFO - [2025-10-17T15:00:40.489+0000] {dagbag.py:588} INFO - Filling up the DagBag from /opt/airflow/dags/premier_dag.py
[2025-10-17T15:00:40.503+0000] {processor.py:925} INFO - DAG(s) 'premier_dag_test' retrieved from /opt/airflow/dags/premier_dag.py
[2025-10-17T15:00:40.529+0000] {logging_mixin.py:190} INFO - [2025-10-17T15:00:40.529+0000] {dag.py:3239} INFO - Sync 1 DAGs
[2025-10-17T15:00:40.680+0000] {logging_mixin.py:190} INFO - [2025-10-17T15:00:40.679+0000] {dag.py:4180} INFO - Setting next_dagrun for premier_dag_test to 2025-06-02 00:00:00+00:00, run_after=2025-06-02 01:00:00+00:00
[2025-10-17T15:00:40.695+0000] {processor.py:208} INFO - Processing /opt/airflow/dags/premier_dag.py took 0.214 seconds
[2025-10-17T15:01:10.922+0000] {processor.py:186} INFO - Started process (PID=4802) to work on /opt/airflow/dags/premier_dag.py
[2025-10-17T15:01:10.923+0000] {processor.py:914} INFO - Processing file /opt/airflow/dags/premier_dag.py for tasks to queue
[2025-10-17T15:01:10.925+0000] {logging_mixin.py:190} INFO - [2025-10-17T15:01:10.924+0000] {dagbag.py:588} INFO - Filling up the DagBag from /opt/airflow/dags/premier_dag.py
[2025-10-17T15:01:10.939+0000] {processor.py:925} INFO - DAG(s) 'premier_dag_test' retrieved from /opt/airflow/dags/premier_dag.py
[2025-10-17T15:01:10.961+0000] {logging_mixin.py:190} INFO - [2025-10-17T15:01:10.960+0000] {dag.py:3239} INFO - Sync 1 DAGs
[2025-10-17T15:01:11.096+0000] {logging_mixin.py:190} INFO - [2025-10-17T15:01:11.096+0000] {dag.py:4180} INFO - Setting next_dagrun for premier_dag_test to 2025-06-02 00:00:00+00:00, run_after=2025-06-02 01:00:00+00:00
[2025-10-17T15:01:11.113+0000] {processor.py:208} INFO - Processing /opt/airflow/dags/premier_dag.py took 0.196 seconds
[2025-10-17T15:01:41.328+0000] {processor.py:186} INFO - Started process (PID=4820) to work on /opt/airflow/dags/premier_dag.py
[2025-10-17T15:01:41.329+0000] {processor.py:914} INFO - Processing file /opt/airflow/dags/premier_dag.py for tasks to queue
[2025-10-17T15:01:41.331+0000] {logging_mixin.py:190} INFO - [2025-10-17T15:01:41.330+0000] {dagbag.py:588} INFO - Filling up the DagBag from /opt/airflow/dags/premier_dag.py
[2025-10-17T15:01:41.345+0000] {processor.py:925} INFO - DAG(s) 'premier_dag_test' retrieved from /opt/airflow/dags/premier_dag.py
[2025-10-17T15:01:41.367+0000] {logging_mixin.py:190} INFO - [2025-10-17T15:01:41.367+0000] {dag.py:3239} INFO - Sync 1 DAGs
[2025-10-17T15:01:41.387+0000] {logging_mixin.py:190} INFO - [2025-10-17T15:01:41.387+0000] {dag.py:4180} INFO - Setting next_dagrun for premier_dag_test to 2025-06-02 00:00:00+00:00, run_after=2025-06-02 01:00:00+00:00
[2025-10-17T15:01:41.408+0000] {processor.py:208} INFO - Processing /opt/airflow/dags/premier_dag.py took 0.085 seconds
[2025-10-17T15:02:11.632+0000] {processor.py:186} INFO - Started process (PID=4837) to work on /opt/airflow/dags/premier_dag.py
[2025-10-17T15:02:11.633+0000] {processor.py:914} INFO - Processing file /opt/airflow/dags/premier_dag.py for tasks to queue
[2025-10-17T15:02:11.635+0000] {logging_mixin.py:190} INFO - [2025-10-17T15:02:11.634+0000] {dagbag.py:588} INFO - Filling up the DagBag from /opt/airflow/dags/premier_dag.py
[2025-10-17T15:02:11.649+0000] {processor.py:925} INFO - DAG(s) 'premier_dag_test' retrieved from /opt/airflow/dags/premier_dag.py
[2025-10-17T15:02:11.672+0000] {logging_mixin.py:190} INFO - [2025-10-17T15:02:11.671+0000] {dag.py:3239} INFO - Sync 1 DAGs
[2025-10-17T15:02:11.692+0000] {logging_mixin.py:190} INFO - [2025-10-17T15:02:11.692+0000] {dag.py:4180} INFO - Setting next_dagrun for premier_dag_test to 2025-06-02 00:00:00+00:00, run_after=2025-06-02 01:00:00+00:00
[2025-10-17T15:02:11.709+0000] {processor.py:208} INFO - Processing /opt/airflow/dags/premier_dag.py took 0.082 seconds
[2025-10-17T15:02:41.925+0000] {processor.py:186} INFO - Started process (PID=4854) to work on /opt/airflow/dags/premier_dag.py
[2025-10-17T15:02:41.926+0000] {processor.py:914} INFO - Processing file /opt/airflow/dags/premier_dag.py for tasks to queue
[2025-10-17T15:02:41.928+0000] {logging_mixin.py:190} INFO - [2025-10-17T15:02:41.928+0000] {dagbag.py:588} INFO - Filling up the DagBag from /opt/airflow/dags/premier_dag.py
[2025-10-17T15:02:41.943+0000] {processor.py:925} INFO - DAG(s) 'premier_dag_test' retrieved from /opt/airflow/dags/premier_dag.py
[2025-10-17T15:02:41.965+0000] {logging_mixin.py:190} INFO - [2025-10-17T15:02:41.965+0000] {dag.py:3239} INFO - Sync 1 DAGs
[2025-10-17T15:02:41.984+0000] {logging_mixin.py:190} INFO - [2025-10-17T15:02:41.984+0000] {dag.py:4180} INFO - Setting next_dagrun for premier_dag_test to 2025-06-02 00:00:00+00:00, run_after=2025-06-02 01:00:00+00:00
[2025-10-17T15:02:42.002+0000] {processor.py:208} INFO - Processing /opt/airflow/dags/premier_dag.py took 0.082 seconds
[2025-10-17T15:03:12.213+0000] {processor.py:186} INFO - Started process (PID=4871) to work on /opt/airflow/dags/premier_dag.py
[2025-10-17T15:03:12.215+0000] {processor.py:914} INFO - Processing file /opt/airflow/dags/premier_dag.py for tasks to queue
[2025-10-17T15:03:12.219+0000] {logging_mixin.py:190} INFO - [2025-10-17T15:03:12.219+0000] {dagbag.py:588} INFO - Filling up the DagBag from /opt/airflow/dags/premier_dag.py
[2025-10-17T15:03:12.247+0000] {processor.py:925} INFO - DAG(s) 'premier_dag_test' retrieved from /opt/airflow/dags/premier_dag.py
[2025-10-17T15:03:12.285+0000] {logging_mixin.py:190} INFO - [2025-10-17T15:03:12.285+0000] {dag.py:3239} INFO - Sync 1 DAGs
[2025-10-17T15:03:12.320+0000] {logging_mixin.py:190} INFO - [2025-10-17T15:03:12.319+0000] {dag.py:4180} INFO - Setting next_dagrun for premier_dag_test to 2025-06-02 00:00:00+00:00, run_after=2025-06-02 01:00:00+00:00
[2025-10-17T15:03:12.352+0000] {processor.py:208} INFO - Processing /opt/airflow/dags/premier_dag.py took 0.147 seconds
[2025-10-17T15:03:42.576+0000] {processor.py:186} INFO - Started process (PID=4888) to work on /opt/airflow/dags/premier_dag.py
[2025-10-17T15:03:42.577+0000] {processor.py:914} INFO - Processing file /opt/airflow/dags/premier_dag.py for tasks to queue
[2025-10-17T15:03:42.579+0000] {logging_mixin.py:190} INFO - [2025-10-17T15:03:42.579+0000] {dagbag.py:588} INFO - Filling up the DagBag from /opt/airflow/dags/premier_dag.py
[2025-10-17T15:03:42.593+0000] {processor.py:925} INFO - DAG(s) 'premier_dag_test' retrieved from /opt/airflow/dags/premier_dag.py
[2025-10-17T15:03:42.616+0000] {logging_mixin.py:190} INFO - [2025-10-17T15:03:42.616+0000] {dag.py:3239} INFO - Sync 1 DAGs
[2025-10-17T15:03:42.639+0000] {logging_mixin.py:190} INFO - [2025-10-17T15:03:42.639+0000] {dag.py:4180} INFO - Setting next_dagrun for premier_dag_test to 2025-06-02 00:00:00+00:00, run_after=2025-06-02 01:00:00+00:00
[2025-10-17T15:03:42.784+0000] {processor.py:208} INFO - Processing /opt/airflow/dags/premier_dag.py took 0.214 seconds
[2025-10-17T15:04:13.001+0000] {processor.py:186} INFO - Started process (PID=4936) to work on /opt/airflow/dags/premier_dag.py
[2025-10-17T15:04:13.003+0000] {processor.py:914} INFO - Processing file /opt/airflow/dags/premier_dag.py for tasks to queue
[2025-10-17T15:04:13.006+0000] {logging_mixin.py:190} INFO - [2025-10-17T15:04:13.005+0000] {dagbag.py:588} INFO - Filling up the DagBag from /opt/airflow/dags/premier_dag.py
[2025-10-17T15:04:13.021+0000] {processor.py:925} INFO - DAG(s) 'premier_dag_test' retrieved from /opt/airflow/dags/premier_dag.py
[2025-10-17T15:04:13.045+0000] {logging_mixin.py:190} INFO - [2025-10-17T15:04:13.045+0000] {dag.py:3239} INFO - Sync 1 DAGs
[2025-10-17T15:04:13.198+0000] {logging_mixin.py:190} INFO - [2025-10-17T15:04:13.198+0000] {dag.py:4180} INFO - Setting next_dagrun for premier_dag_test to 2025-06-02 00:00:00+00:00, run_after=2025-06-02 01:00:00+00:00
[2025-10-17T15:04:13.214+0000] {processor.py:208} INFO - Processing /opt/airflow/dags/premier_dag.py took 0.218 seconds
[2025-10-17T15:04:43.425+0000] {processor.py:186} INFO - Started process (PID=4953) to work on /opt/airflow/dags/premier_dag.py
[2025-10-17T15:04:43.426+0000] {processor.py:914} INFO - Processing file /opt/airflow/dags/premier_dag.py for tasks to queue
[2025-10-17T15:04:43.428+0000] {logging_mixin.py:190} INFO - [2025-10-17T15:04:43.428+0000] {dagbag.py:588} INFO - Filling up the DagBag from /opt/airflow/dags/premier_dag.py
[2025-10-17T15:04:43.444+0000] {processor.py:925} INFO - DAG(s) 'premier_dag_test' retrieved from /opt/airflow/dags/premier_dag.py
[2025-10-17T15:04:43.596+0000] {logging_mixin.py:190} INFO - [2025-10-17T15:04:43.595+0000] {dag.py:3239} INFO - Sync 1 DAGs
[2025-10-17T15:04:43.615+0000] {logging_mixin.py:190} INFO - [2025-10-17T15:04:43.615+0000] {dag.py:4180} INFO - Setting next_dagrun for premier_dag_test to 2025-06-02 00:00:00+00:00, run_after=2025-06-02 01:00:00+00:00
[2025-10-17T15:04:43.633+0000] {processor.py:208} INFO - Processing /opt/airflow/dags/premier_dag.py took 0.213 seconds
[2025-10-17T15:05:13.845+0000] {processor.py:186} INFO - Started process (PID=4970) to work on /opt/airflow/dags/premier_dag.py
[2025-10-17T15:05:13.846+0000] {processor.py:914} INFO - Processing file /opt/airflow/dags/premier_dag.py for tasks to queue
[2025-10-17T15:05:13.848+0000] {logging_mixin.py:190} INFO - [2025-10-17T15:05:13.848+0000] {dagbag.py:588} INFO - Filling up the DagBag from /opt/airflow/dags/premier_dag.py
[2025-10-17T15:05:13.863+0000] {processor.py:925} INFO - DAG(s) 'premier_dag_test' retrieved from /opt/airflow/dags/premier_dag.py
[2025-10-17T15:05:13.885+0000] {logging_mixin.py:190} INFO - [2025-10-17T15:05:13.885+0000] {dag.py:3239} INFO - Sync 1 DAGs
[2025-10-17T15:05:13.906+0000] {logging_mixin.py:190} INFO - [2025-10-17T15:05:13.906+0000] {dag.py:4180} INFO - Setting next_dagrun for premier_dag_test to 2025-06-02 00:00:00+00:00, run_after=2025-06-02 01:00:00+00:00
[2025-10-17T15:05:13.926+0000] {processor.py:208} INFO - Processing /opt/airflow/dags/premier_dag.py took 0.086 seconds
[2025-10-17T15:05:44.141+0000] {processor.py:186} INFO - Started process (PID=4987) to work on /opt/airflow/dags/premier_dag.py
[2025-10-17T15:05:44.142+0000] {processor.py:914} INFO - Processing file /opt/airflow/dags/premier_dag.py for tasks to queue
[2025-10-17T15:05:44.145+0000] {logging_mixin.py:190} INFO - [2025-10-17T15:05:44.144+0000] {dagbag.py:588} INFO - Filling up the DagBag from /opt/airflow/dags/premier_dag.py
[2025-10-17T15:05:44.159+0000] {processor.py:925} INFO - DAG(s) 'premier_dag_test' retrieved from /opt/airflow/dags/premier_dag.py
[2025-10-17T15:05:44.181+0000] {logging_mixin.py:190} INFO - [2025-10-17T15:05:44.181+0000] {dag.py:3239} INFO - Sync 1 DAGs
[2025-10-17T15:05:44.202+0000] {logging_mixin.py:190} INFO - [2025-10-17T15:05:44.202+0000] {dag.py:4180} INFO - Setting next_dagrun for premier_dag_test to 2025-06-02 00:00:00+00:00, run_after=2025-06-02 01:00:00+00:00
[2025-10-17T15:05:44.221+0000] {processor.py:208} INFO - Processing /opt/airflow/dags/premier_dag.py took 0.085 seconds
[2025-10-17T15:06:14.427+0000] {processor.py:186} INFO - Started process (PID=5005) to work on /opt/airflow/dags/premier_dag.py
[2025-10-17T15:06:14.428+0000] {processor.py:914} INFO - Processing file /opt/airflow/dags/premier_dag.py for tasks to queue
[2025-10-17T15:06:14.430+0000] {logging_mixin.py:190} INFO - [2025-10-17T15:06:14.430+0000] {dagbag.py:588} INFO - Filling up the DagBag from /opt/airflow/dags/premier_dag.py
[2025-10-17T15:06:14.445+0000] {processor.py:925} INFO - DAG(s) 'premier_dag_test' retrieved from /opt/airflow/dags/premier_dag.py
[2025-10-17T15:06:14.466+0000] {logging_mixin.py:190} INFO - [2025-10-17T15:06:14.465+0000] {dag.py:3239} INFO - Sync 1 DAGs
[2025-10-17T15:06:14.485+0000] {logging_mixin.py:190} INFO - [2025-10-17T15:06:14.485+0000] {dag.py:4180} INFO - Setting next_dagrun for premier_dag_test to 2025-06-02 00:00:00+00:00, run_after=2025-06-02 01:00:00+00:00
[2025-10-17T15:06:14.506+0000] {processor.py:208} INFO - Processing /opt/airflow/dags/premier_dag.py took 0.084 seconds
[2025-10-17T15:06:44.706+0000] {processor.py:186} INFO - Started process (PID=5022) to work on /opt/airflow/dags/premier_dag.py
[2025-10-17T15:06:44.707+0000] {processor.py:914} INFO - Processing file /opt/airflow/dags/premier_dag.py for tasks to queue
[2025-10-17T15:06:44.709+0000] {logging_mixin.py:190} INFO - [2025-10-17T15:06:44.709+0000] {dagbag.py:588} INFO - Filling up the DagBag from /opt/airflow/dags/premier_dag.py
[2025-10-17T15:06:44.724+0000] {processor.py:925} INFO - DAG(s) 'premier_dag_test' retrieved from /opt/airflow/dags/premier_dag.py
[2025-10-17T15:06:44.745+0000] {logging_mixin.py:190} INFO - [2025-10-17T15:06:44.745+0000] {dag.py:3239} INFO - Sync 1 DAGs
[2025-10-17T15:06:44.766+0000] {logging_mixin.py:190} INFO - [2025-10-17T15:06:44.765+0000] {dag.py:4180} INFO - Setting next_dagrun for premier_dag_test to 2025-06-02 00:00:00+00:00, run_after=2025-06-02 01:00:00+00:00
[2025-10-17T15:06:44.910+0000] {processor.py:208} INFO - Processing /opt/airflow/dags/premier_dag.py took 0.209 seconds
[2025-10-17T15:07:15.123+0000] {processor.py:186} INFO - Started process (PID=5039) to work on /opt/airflow/dags/premier_dag.py
[2025-10-17T15:07:15.124+0000] {processor.py:914} INFO - Processing file /opt/airflow/dags/premier_dag.py for tasks to queue
[2025-10-17T15:07:15.127+0000] {logging_mixin.py:190} INFO - [2025-10-17T15:07:15.127+0000] {dagbag.py:588} INFO - Filling up the DagBag from /opt/airflow/dags/premier_dag.py
[2025-10-17T15:07:15.149+0000] {processor.py:925} INFO - DAG(s) 'premier_dag_test' retrieved from /opt/airflow/dags/premier_dag.py
[2025-10-17T15:07:15.175+0000] {logging_mixin.py:190} INFO - [2025-10-17T15:07:15.174+0000] {dag.py:3239} INFO - Sync 1 DAGs
[2025-10-17T15:07:15.332+0000] {logging_mixin.py:190} INFO - [2025-10-17T15:07:15.332+0000] {dag.py:4180} INFO - Setting next_dagrun for premier_dag_test to 2025-06-02 00:00:00+00:00, run_after=2025-06-02 01:00:00+00:00
[2025-10-17T15:07:15.347+0000] {processor.py:208} INFO - Processing /opt/airflow/dags/premier_dag.py took 0.231 seconds
[2025-10-17T15:07:45.564+0000] {processor.py:186} INFO - Started process (PID=5056) to work on /opt/airflow/dags/premier_dag.py
[2025-10-17T15:07:45.566+0000] {processor.py:914} INFO - Processing file /opt/airflow/dags/premier_dag.py for tasks to queue
[2025-10-17T15:07:45.568+0000] {logging_mixin.py:190} INFO - [2025-10-17T15:07:45.568+0000] {dagbag.py:588} INFO - Filling up the DagBag from /opt/airflow/dags/premier_dag.py
[2025-10-17T15:07:45.584+0000] {processor.py:925} INFO - DAG(s) 'premier_dag_test' retrieved from /opt/airflow/dags/premier_dag.py
[2025-10-17T15:07:45.731+0000] {logging_mixin.py:190} INFO - [2025-10-17T15:07:45.731+0000] {dag.py:3239} INFO - Sync 1 DAGs
[2025-10-17T15:07:45.749+0000] {logging_mixin.py:190} INFO - [2025-10-17T15:07:45.749+0000] {dag.py:4180} INFO - Setting next_dagrun for premier_dag_test to 2025-06-02 00:00:00+00:00, run_after=2025-06-02 01:00:00+00:00
[2025-10-17T15:07:45.767+0000] {processor.py:208} INFO - Processing /opt/airflow/dags/premier_dag.py took 0.208 seconds
[2025-10-17T15:08:15.965+0000] {processor.py:186} INFO - Started process (PID=5073) to work on /opt/airflow/dags/premier_dag.py
[2025-10-17T15:08:15.966+0000] {processor.py:914} INFO - Processing file /opt/airflow/dags/premier_dag.py for tasks to queue
[2025-10-17T15:08:15.969+0000] {logging_mixin.py:190} INFO - [2025-10-17T15:08:15.968+0000] {dagbag.py:588} INFO - Filling up the DagBag from /opt/airflow/dags/premier_dag.py
[2025-10-17T15:08:15.983+0000] {processor.py:925} INFO - DAG(s) 'premier_dag_test' retrieved from /opt/airflow/dags/premier_dag.py
[2025-10-17T15:08:16.004+0000] {logging_mixin.py:190} INFO - [2025-10-17T15:08:16.004+0000] {dag.py:3239} INFO - Sync 1 DAGs
[2025-10-17T15:08:16.024+0000] {logging_mixin.py:190} INFO - [2025-10-17T15:08:16.024+0000] {dag.py:4180} INFO - Setting next_dagrun for premier_dag_test to 2025-06-02 00:00:00+00:00, run_after=2025-06-02 01:00:00+00:00
[2025-10-17T15:08:16.045+0000] {processor.py:208} INFO - Processing /opt/airflow/dags/premier_dag.py took 0.085 seconds
[2025-10-17T15:08:46.245+0000] {processor.py:186} INFO - Started process (PID=5090) to work on /opt/airflow/dags/premier_dag.py
[2025-10-17T15:08:46.246+0000] {processor.py:914} INFO - Processing file /opt/airflow/dags/premier_dag.py for tasks to queue
[2025-10-17T15:08:46.249+0000] {logging_mixin.py:190} INFO - [2025-10-17T15:08:46.248+0000] {dagbag.py:588} INFO - Filling up the DagBag from /opt/airflow/dags/premier_dag.py
[2025-10-17T15:08:46.263+0000] {processor.py:925} INFO - DAG(s) 'premier_dag_test' retrieved from /opt/airflow/dags/premier_dag.py
[2025-10-17T15:08:46.288+0000] {logging_mixin.py:190} INFO - [2025-10-17T15:08:46.288+0000] {dag.py:3239} INFO - Sync 1 DAGs
[2025-10-17T15:08:46.312+0000] {logging_mixin.py:190} INFO - [2025-10-17T15:08:46.311+0000] {dag.py:4180} INFO - Setting next_dagrun for premier_dag_test to 2025-06-02 00:00:00+00:00, run_after=2025-06-02 01:00:00+00:00
[2025-10-17T15:08:46.333+0000] {processor.py:208} INFO - Processing /opt/airflow/dags/premier_dag.py took 0.093 seconds
[2025-10-17T15:09:16.520+0000] {processor.py:186} INFO - Started process (PID=5107) to work on /opt/airflow/dags/premier_dag.py
[2025-10-17T15:09:16.521+0000] {processor.py:914} INFO - Processing file /opt/airflow/dags/premier_dag.py for tasks to queue
[2025-10-17T15:09:16.523+0000] {logging_mixin.py:190} INFO - [2025-10-17T15:09:16.523+0000] {dagbag.py:588} INFO - Filling up the DagBag from /opt/airflow/dags/premier_dag.py
[2025-10-17T15:09:16.539+0000] {processor.py:925} INFO - DAG(s) 'premier_dag_test' retrieved from /opt/airflow/dags/premier_dag.py
[2025-10-17T15:09:16.561+0000] {logging_mixin.py:190} INFO - [2025-10-17T15:09:16.561+0000] {dag.py:3239} INFO - Sync 1 DAGs
[2025-10-17T15:09:16.581+0000] {logging_mixin.py:190} INFO - [2025-10-17T15:09:16.581+0000] {dag.py:4180} INFO - Setting next_dagrun for premier_dag_test to 2025-06-02 00:00:00+00:00, run_after=2025-06-02 01:00:00+00:00
[2025-10-17T15:09:16.602+0000] {processor.py:208} INFO - Processing /opt/airflow/dags/premier_dag.py took 0.087 seconds
[2025-10-17T15:09:46.800+0000] {processor.py:186} INFO - Started process (PID=5125) to work on /opt/airflow/dags/premier_dag.py
[2025-10-17T15:09:46.801+0000] {processor.py:914} INFO - Processing file /opt/airflow/dags/premier_dag.py for tasks to queue
[2025-10-17T15:09:46.803+0000] {logging_mixin.py:190} INFO - [2025-10-17T15:09:46.803+0000] {dagbag.py:588} INFO - Filling up the DagBag from /opt/airflow/dags/premier_dag.py
[2025-10-17T15:09:46.818+0000] {processor.py:925} INFO - DAG(s) 'premier_dag_test' retrieved from /opt/airflow/dags/premier_dag.py
[2025-10-17T15:09:46.842+0000] {logging_mixin.py:190} INFO - [2025-10-17T15:09:46.841+0000] {dag.py:3239} INFO - Sync 1 DAGs
[2025-10-17T15:09:46.864+0000] {logging_mixin.py:190} INFO - [2025-10-17T15:09:46.863+0000] {dag.py:4180} INFO - Setting next_dagrun for premier_dag_test to 2025-06-02 00:00:00+00:00, run_after=2025-06-02 01:00:00+00:00
[2025-10-17T15:09:47.004+0000] {processor.py:208} INFO - Processing /opt/airflow/dags/premier_dag.py took 0.209 seconds
[2025-10-17T15:10:17.227+0000] {processor.py:186} INFO - Started process (PID=5143) to work on /opt/airflow/dags/premier_dag.py
[2025-10-17T15:10:17.228+0000] {processor.py:914} INFO - Processing file /opt/airflow/dags/premier_dag.py for tasks to queue
[2025-10-17T15:10:17.230+0000] {logging_mixin.py:190} INFO - [2025-10-17T15:10:17.230+0000] {dagbag.py:588} INFO - Filling up the DagBag from /opt/airflow/dags/premier_dag.py
[2025-10-17T15:10:17.245+0000] {processor.py:925} INFO - DAG(s) 'premier_dag_test' retrieved from /opt/airflow/dags/premier_dag.py
[2025-10-17T15:10:17.268+0000] {logging_mixin.py:190} INFO - [2025-10-17T15:10:17.267+0000] {dag.py:3239} INFO - Sync 1 DAGs
[2025-10-17T15:10:17.429+0000] {logging_mixin.py:190} INFO - [2025-10-17T15:10:17.429+0000] {dag.py:4180} INFO - Setting next_dagrun for premier_dag_test to 2025-06-02 00:00:00+00:00, run_after=2025-06-02 01:00:00+00:00
[2025-10-17T15:10:17.445+0000] {processor.py:208} INFO - Processing /opt/airflow/dags/premier_dag.py took 0.224 seconds
[2025-10-17T15:10:47.665+0000] {processor.py:186} INFO - Started process (PID=5161) to work on /opt/airflow/dags/premier_dag.py
[2025-10-17T15:10:47.666+0000] {processor.py:914} INFO - Processing file /opt/airflow/dags/premier_dag.py for tasks to queue
[2025-10-17T15:10:47.668+0000] {logging_mixin.py:190} INFO - [2025-10-17T15:10:47.667+0000] {dagbag.py:588} INFO - Filling up the DagBag from /opt/airflow/dags/premier_dag.py
[2025-10-17T15:10:47.682+0000] {processor.py:925} INFO - DAG(s) 'premier_dag_test' retrieved from /opt/airflow/dags/premier_dag.py
[2025-10-17T15:10:47.703+0000] {logging_mixin.py:190} INFO - [2025-10-17T15:10:47.703+0000] {dag.py:3239} INFO - Sync 1 DAGs
[2025-10-17T15:10:47.835+0000] {logging_mixin.py:190} INFO - [2025-10-17T15:10:47.834+0000] {dag.py:4180} INFO - Setting next_dagrun for premier_dag_test to 2025-06-02 00:00:00+00:00, run_after=2025-06-02 01:00:00+00:00
[2025-10-17T15:10:47.850+0000] {processor.py:208} INFO - Processing /opt/airflow/dags/premier_dag.py took 0.191 seconds
[2025-10-17T15:11:18.086+0000] {processor.py:186} INFO - Started process (PID=5178) to work on /opt/airflow/dags/premier_dag.py
[2025-10-17T15:11:18.086+0000] {processor.py:914} INFO - Processing file /opt/airflow/dags/premier_dag.py for tasks to queue
[2025-10-17T15:11:18.088+0000] {logging_mixin.py:190} INFO - [2025-10-17T15:11:18.088+0000] {dagbag.py:588} INFO - Filling up the DagBag from /opt/airflow/dags/premier_dag.py
[2025-10-17T15:11:18.103+0000] {processor.py:925} INFO - DAG(s) 'premier_dag_test' retrieved from /opt/airflow/dags/premier_dag.py
[2025-10-17T15:11:18.124+0000] {logging_mixin.py:190} INFO - [2025-10-17T15:11:18.124+0000] {dag.py:3239} INFO - Sync 1 DAGs
[2025-10-17T15:11:18.146+0000] {logging_mixin.py:190} INFO - [2025-10-17T15:11:18.146+0000] {dag.py:4180} INFO - Setting next_dagrun for premier_dag_test to 2025-06-02 00:00:00+00:00, run_after=2025-06-02 01:00:00+00:00
[2025-10-17T15:11:18.162+0000] {processor.py:208} INFO - Processing /opt/airflow/dags/premier_dag.py took 0.082 seconds
[2025-10-17T15:11:48.361+0000] {processor.py:186} INFO - Started process (PID=5195) to work on /opt/airflow/dags/premier_dag.py
[2025-10-17T15:11:48.362+0000] {processor.py:914} INFO - Processing file /opt/airflow/dags/premier_dag.py for tasks to queue
[2025-10-17T15:11:48.364+0000] {logging_mixin.py:190} INFO - [2025-10-17T15:11:48.364+0000] {dagbag.py:588} INFO - Filling up the DagBag from /opt/airflow/dags/premier_dag.py
[2025-10-17T15:11:48.390+0000] {processor.py:925} INFO - DAG(s) 'premier_dag_test' retrieved from /opt/airflow/dags/premier_dag.py
[2025-10-17T15:11:48.417+0000] {logging_mixin.py:190} INFO - [2025-10-17T15:11:48.417+0000] {dag.py:3239} INFO - Sync 1 DAGs
[2025-10-17T15:11:48.441+0000] {logging_mixin.py:190} INFO - [2025-10-17T15:11:48.441+0000] {dag.py:4180} INFO - Setting next_dagrun for premier_dag_test to 2025-06-02 00:00:00+00:00, run_after=2025-06-02 01:00:00+00:00
[2025-10-17T15:11:48.466+0000] {processor.py:208} INFO - Processing /opt/airflow/dags/premier_dag.py took 0.110 seconds
[2025-10-17T15:12:18.672+0000] {processor.py:186} INFO - Started process (PID=5212) to work on /opt/airflow/dags/premier_dag.py
[2025-10-17T15:12:18.673+0000] {processor.py:914} INFO - Processing file /opt/airflow/dags/premier_dag.py for tasks to queue
[2025-10-17T15:12:18.675+0000] {logging_mixin.py:190} INFO - [2025-10-17T15:12:18.675+0000] {dagbag.py:588} INFO - Filling up the DagBag from /opt/airflow/dags/premier_dag.py
[2025-10-17T15:12:18.690+0000] {processor.py:925} INFO - DAG(s) 'premier_dag_test' retrieved from /opt/airflow/dags/premier_dag.py
[2025-10-17T15:12:18.711+0000] {logging_mixin.py:190} INFO - [2025-10-17T15:12:18.711+0000] {dag.py:3239} INFO - Sync 1 DAGs
[2025-10-17T15:12:18.732+0000] {logging_mixin.py:190} INFO - [2025-10-17T15:12:18.732+0000] {dag.py:4180} INFO - Setting next_dagrun for premier_dag_test to 2025-06-02 00:00:00+00:00, run_after=2025-06-02 01:00:00+00:00
[2025-10-17T15:12:18.755+0000] {processor.py:208} INFO - Processing /opt/airflow/dags/premier_dag.py took 0.088 seconds
[2025-10-17T15:12:48.932+0000] {processor.py:186} INFO - Started process (PID=5226) to work on /opt/airflow/dags/premier_dag.py
[2025-10-17T15:12:48.932+0000] {processor.py:914} INFO - Processing file /opt/airflow/dags/premier_dag.py for tasks to queue
[2025-10-17T15:12:48.934+0000] {logging_mixin.py:190} INFO - [2025-10-17T15:12:48.934+0000] {dagbag.py:588} INFO - Filling up the DagBag from /opt/airflow/dags/premier_dag.py
[2025-10-17T15:12:48.949+0000] {processor.py:925} INFO - DAG(s) 'premier_dag_test' retrieved from /opt/airflow/dags/premier_dag.py
[2025-10-17T15:12:48.970+0000] {logging_mixin.py:190} INFO - [2025-10-17T15:12:48.970+0000] {dag.py:3239} INFO - Sync 1 DAGs
[2025-10-17T15:12:48.990+0000] {logging_mixin.py:190} INFO - [2025-10-17T15:12:48.990+0000] {dag.py:4180} INFO - Setting next_dagrun for premier_dag_test to 2025-06-02 00:00:00+00:00, run_after=2025-06-02 01:00:00+00:00
[2025-10-17T15:12:49.132+0000] {processor.py:208} INFO - Processing /opt/airflow/dags/premier_dag.py took 0.206 seconds
[2025-10-17T15:13:19.357+0000] {processor.py:186} INFO - Started process (PID=5240) to work on /opt/airflow/dags/premier_dag.py
[2025-10-17T15:13:19.358+0000] {processor.py:914} INFO - Processing file /opt/airflow/dags/premier_dag.py for tasks to queue
[2025-10-17T15:13:19.360+0000] {logging_mixin.py:190} INFO - [2025-10-17T15:13:19.360+0000] {dagbag.py:588} INFO - Filling up the DagBag from /opt/airflow/dags/premier_dag.py
[2025-10-17T15:13:19.375+0000] {processor.py:925} INFO - DAG(s) 'premier_dag_test' retrieved from /opt/airflow/dags/premier_dag.py
[2025-10-17T15:13:19.399+0000] {logging_mixin.py:190} INFO - [2025-10-17T15:13:19.399+0000] {dag.py:3239} INFO - Sync 1 DAGs
[2025-10-17T15:13:19.544+0000] {logging_mixin.py:190} INFO - [2025-10-17T15:13:19.544+0000] {dag.py:4180} INFO - Setting next_dagrun for premier_dag_test to 2025-06-02 00:00:00+00:00, run_after=2025-06-02 01:00:00+00:00
[2025-10-17T15:13:19.561+0000] {processor.py:208} INFO - Processing /opt/airflow/dags/premier_dag.py took 0.209 seconds
[2025-10-17T15:13:49.785+0000] {processor.py:186} INFO - Started process (PID=5257) to work on /opt/airflow/dags/premier_dag.py
[2025-10-17T15:13:49.786+0000] {processor.py:914} INFO - Processing file /opt/airflow/dags/premier_dag.py for tasks to queue
[2025-10-17T15:13:49.788+0000] {logging_mixin.py:190} INFO - [2025-10-17T15:13:49.788+0000] {dagbag.py:588} INFO - Filling up the DagBag from /opt/airflow/dags/premier_dag.py
[2025-10-17T15:13:49.804+0000] {processor.py:925} INFO - DAG(s) 'premier_dag_test' retrieved from /opt/airflow/dags/premier_dag.py
[2025-10-17T15:13:49.828+0000] {logging_mixin.py:190} INFO - [2025-10-17T15:13:49.827+0000] {dag.py:3239} INFO - Sync 1 DAGs
[2025-10-17T15:13:49.975+0000] {logging_mixin.py:190} INFO - [2025-10-17T15:13:49.975+0000] {dag.py:4180} INFO - Setting next_dagrun for premier_dag_test to 2025-06-02 00:00:00+00:00, run_after=2025-06-02 01:00:00+00:00
[2025-10-17T15:13:49.992+0000] {processor.py:208} INFO - Processing /opt/airflow/dags/premier_dag.py took 0.213 seconds
[2025-10-17T15:14:20.235+0000] {processor.py:186} INFO - Started process (PID=5274) to work on /opt/airflow/dags/premier_dag.py
[2025-10-17T15:14:20.236+0000] {processor.py:914} INFO - Processing file /opt/airflow/dags/premier_dag.py for tasks to queue
[2025-10-17T15:14:20.239+0000] {logging_mixin.py:190} INFO - [2025-10-17T15:14:20.238+0000] {dagbag.py:588} INFO - Filling up the DagBag from /opt/airflow/dags/premier_dag.py
[2025-10-17T15:14:20.255+0000] {processor.py:925} INFO - DAG(s) 'premier_dag_test' retrieved from /opt/airflow/dags/premier_dag.py
[2025-10-17T15:14:20.277+0000] {logging_mixin.py:190} INFO - [2025-10-17T15:14:20.277+0000] {dag.py:3239} INFO - Sync 1 DAGs
[2025-10-17T15:14:20.299+0000] {logging_mixin.py:190} INFO - [2025-10-17T15:14:20.299+0000] {dag.py:4180} INFO - Setting next_dagrun for premier_dag_test to 2025-06-02 00:00:00+00:00, run_after=2025-06-02 01:00:00+00:00
[2025-10-17T15:14:20.321+0000] {processor.py:208} INFO - Processing /opt/airflow/dags/premier_dag.py took 0.092 seconds
[2025-10-17T15:14:50.552+0000] {processor.py:186} INFO - Started process (PID=5291) to work on /opt/airflow/dags/premier_dag.py
[2025-10-17T15:14:50.553+0000] {processor.py:914} INFO - Processing file /opt/airflow/dags/premier_dag.py for tasks to queue
[2025-10-17T15:14:50.555+0000] {logging_mixin.py:190} INFO - [2025-10-17T15:14:50.555+0000] {dagbag.py:588} INFO - Filling up the DagBag from /opt/airflow/dags/premier_dag.py
[2025-10-17T15:14:50.570+0000] {processor.py:925} INFO - DAG(s) 'premier_dag_test' retrieved from /opt/airflow/dags/premier_dag.py
[2025-10-17T15:14:50.591+0000] {logging_mixin.py:190} INFO - [2025-10-17T15:14:50.591+0000] {dag.py:3239} INFO - Sync 1 DAGs
[2025-10-17T15:14:50.610+0000] {logging_mixin.py:190} INFO - [2025-10-17T15:14:50.610+0000] {dag.py:4180} INFO - Setting next_dagrun for premier_dag_test to 2025-06-02 00:00:00+00:00, run_after=2025-06-02 01:00:00+00:00
[2025-10-17T15:14:50.627+0000] {processor.py:208} INFO - Processing /opt/airflow/dags/premier_dag.py took 0.080 seconds
[2025-10-17T15:15:20.855+0000] {processor.py:186} INFO - Started process (PID=5308) to work on /opt/airflow/dags/premier_dag.py
[2025-10-17T15:15:20.856+0000] {processor.py:914} INFO - Processing file /opt/airflow/dags/premier_dag.py for tasks to queue
[2025-10-17T15:15:20.859+0000] {logging_mixin.py:190} INFO - [2025-10-17T15:15:20.859+0000] {dagbag.py:588} INFO - Filling up the DagBag from /opt/airflow/dags/premier_dag.py
[2025-10-17T15:15:20.874+0000] {processor.py:925} INFO - DAG(s) 'premier_dag_test' retrieved from /opt/airflow/dags/premier_dag.py
[2025-10-17T15:15:20.895+0000] {logging_mixin.py:190} INFO - [2025-10-17T15:15:20.895+0000] {dag.py:3239} INFO - Sync 1 DAGs
[2025-10-17T15:15:20.914+0000] {logging_mixin.py:190} INFO - [2025-10-17T15:15:20.913+0000] {dag.py:4180} INFO - Setting next_dagrun for premier_dag_test to 2025-06-02 00:00:00+00:00, run_after=2025-06-02 01:00:00+00:00
[2025-10-17T15:15:20.929+0000] {processor.py:208} INFO - Processing /opt/airflow/dags/premier_dag.py took 0.079 seconds
[2025-10-17T15:15:51.162+0000] {processor.py:186} INFO - Started process (PID=5325) to work on /opt/airflow/dags/premier_dag.py
[2025-10-17T15:15:51.163+0000] {processor.py:914} INFO - Processing file /opt/airflow/dags/premier_dag.py for tasks to queue
[2025-10-17T15:15:51.165+0000] {logging_mixin.py:190} INFO - [2025-10-17T15:15:51.165+0000] {dagbag.py:588} INFO - Filling up the DagBag from /opt/airflow/dags/premier_dag.py
[2025-10-17T15:15:51.180+0000] {processor.py:925} INFO - DAG(s) 'premier_dag_test' retrieved from /opt/airflow/dags/premier_dag.py
[2025-10-17T15:15:51.200+0000] {logging_mixin.py:190} INFO - [2025-10-17T15:15:51.200+0000] {dag.py:3239} INFO - Sync 1 DAGs
[2025-10-17T15:15:51.219+0000] {logging_mixin.py:190} INFO - [2025-10-17T15:15:51.219+0000] {dag.py:4180} INFO - Setting next_dagrun for premier_dag_test to 2025-06-02 00:00:00+00:00, run_after=2025-06-02 01:00:00+00:00
[2025-10-17T15:15:51.355+0000] {processor.py:208} INFO - Processing /opt/airflow/dags/premier_dag.py took 0.197 seconds
[2025-10-17T15:16:21.606+0000] {processor.py:186} INFO - Started process (PID=5342) to work on /opt/airflow/dags/premier_dag.py
[2025-10-17T15:16:21.607+0000] {processor.py:914} INFO - Processing file /opt/airflow/dags/premier_dag.py for tasks to queue
[2025-10-17T15:16:21.609+0000] {logging_mixin.py:190} INFO - [2025-10-17T15:16:21.609+0000] {dagbag.py:588} INFO - Filling up the DagBag from /opt/airflow/dags/premier_dag.py
[2025-10-17T15:16:21.622+0000] {processor.py:925} INFO - DAG(s) 'premier_dag_test' retrieved from /opt/airflow/dags/premier_dag.py
[2025-10-17T15:16:21.643+0000] {logging_mixin.py:190} INFO - [2025-10-17T15:16:21.643+0000] {dag.py:3239} INFO - Sync 1 DAGs
[2025-10-17T15:16:21.775+0000] {logging_mixin.py:190} INFO - [2025-10-17T15:16:21.775+0000] {dag.py:4180} INFO - Setting next_dagrun for premier_dag_test to 2025-06-02 00:00:00+00:00, run_after=2025-06-02 01:00:00+00:00
[2025-10-17T15:16:21.795+0000] {processor.py:208} INFO - Processing /opt/airflow/dags/premier_dag.py took 0.194 seconds
[2025-10-17T15:16:52.036+0000] {processor.py:186} INFO - Started process (PID=5359) to work on /opt/airflow/dags/premier_dag.py
[2025-10-17T15:16:52.037+0000] {processor.py:914} INFO - Processing file /opt/airflow/dags/premier_dag.py for tasks to queue
[2025-10-17T15:16:52.039+0000] {logging_mixin.py:190} INFO - [2025-10-17T15:16:52.039+0000] {dagbag.py:588} INFO - Filling up the DagBag from /opt/airflow/dags/premier_dag.py
[2025-10-17T15:16:52.053+0000] {processor.py:925} INFO - DAG(s) 'premier_dag_test' retrieved from /opt/airflow/dags/premier_dag.py
[2025-10-17T15:16:52.075+0000] {logging_mixin.py:190} INFO - [2025-10-17T15:16:52.075+0000] {dag.py:3239} INFO - Sync 1 DAGs
[2025-10-17T15:16:52.206+0000] {logging_mixin.py:190} INFO - [2025-10-17T15:16:52.206+0000] {dag.py:4180} INFO - Setting next_dagrun for premier_dag_test to 2025-06-02 00:00:00+00:00, run_after=2025-06-02 01:00:00+00:00
[2025-10-17T15:16:52.223+0000] {processor.py:208} INFO - Processing /opt/airflow/dags/premier_dag.py took 0.192 seconds
[2025-10-17T15:17:22.478+0000] {processor.py:186} INFO - Started process (PID=5377) to work on /opt/airflow/dags/premier_dag.py
[2025-10-17T15:17:22.479+0000] {processor.py:914} INFO - Processing file /opt/airflow/dags/premier_dag.py for tasks to queue
[2025-10-17T15:17:22.482+0000] {logging_mixin.py:190} INFO - [2025-10-17T15:17:22.481+0000] {dagbag.py:588} INFO - Filling up the DagBag from /opt/airflow/dags/premier_dag.py
[2025-10-17T15:17:22.500+0000] {processor.py:925} INFO - DAG(s) 'premier_dag_test' retrieved from /opt/airflow/dags/premier_dag.py
[2025-10-17T15:17:22.653+0000] {logging_mixin.py:190} INFO - [2025-10-17T15:17:22.652+0000] {dag.py:3239} INFO - Sync 1 DAGs
[2025-10-17T15:17:22.672+0000] {logging_mixin.py:190} INFO - [2025-10-17T15:17:22.672+0000] {dag.py:4180} INFO - Setting next_dagrun for premier_dag_test to 2025-06-02 00:00:00+00:00, run_after=2025-06-02 01:00:00+00:00
[2025-10-17T15:17:22.691+0000] {processor.py:208} INFO - Processing /opt/airflow/dags/premier_dag.py took 0.220 seconds
[2025-10-17T15:17:52.963+0000] {processor.py:186} INFO - Started process (PID=5394) to work on /opt/airflow/dags/premier_dag.py
[2025-10-17T15:17:52.964+0000] {processor.py:914} INFO - Processing file /opt/airflow/dags/premier_dag.py for tasks to queue
[2025-10-17T15:17:52.967+0000] {logging_mixin.py:190} INFO - [2025-10-17T15:17:52.966+0000] {dagbag.py:588} INFO - Filling up the DagBag from /opt/airflow/dags/premier_dag.py
[2025-10-17T15:17:52.982+0000] {processor.py:925} INFO - DAG(s) 'premier_dag_test' retrieved from /opt/airflow/dags/premier_dag.py
[2025-10-17T15:17:53.003+0000] {logging_mixin.py:190} INFO - [2025-10-17T15:17:53.003+0000] {dag.py:3239} INFO - Sync 1 DAGs
[2025-10-17T15:17:53.023+0000] {logging_mixin.py:190} INFO - [2025-10-17T15:17:53.023+0000] {dag.py:4180} INFO - Setting next_dagrun for premier_dag_test to 2025-06-02 00:00:00+00:00, run_after=2025-06-02 01:00:00+00:00
[2025-10-17T15:17:53.039+0000] {processor.py:208} INFO - Processing /opt/airflow/dags/premier_dag.py took 0.080 seconds
[2025-10-17T15:18:23.284+0000] {processor.py:186} INFO - Started process (PID=5411) to work on /opt/airflow/dags/premier_dag.py
[2025-10-17T15:18:23.285+0000] {processor.py:914} INFO - Processing file /opt/airflow/dags/premier_dag.py for tasks to queue
[2025-10-17T15:18:23.287+0000] {logging_mixin.py:190} INFO - [2025-10-17T15:18:23.287+0000] {dagbag.py:588} INFO - Filling up the DagBag from /opt/airflow/dags/premier_dag.py
[2025-10-17T15:18:23.301+0000] {processor.py:925} INFO - DAG(s) 'premier_dag_test' retrieved from /opt/airflow/dags/premier_dag.py
[2025-10-17T15:18:23.322+0000] {logging_mixin.py:190} INFO - [2025-10-17T15:18:23.322+0000] {dag.py:3239} INFO - Sync 1 DAGs
[2025-10-17T15:18:23.341+0000] {logging_mixin.py:190} INFO - [2025-10-17T15:18:23.341+0000] {dag.py:4180} INFO - Setting next_dagrun for premier_dag_test to 2025-06-02 00:00:00+00:00, run_after=2025-06-02 01:00:00+00:00
[2025-10-17T15:18:23.362+0000] {processor.py:208} INFO - Processing /opt/airflow/dags/premier_dag.py took 0.083 seconds
[2025-10-17T15:18:53.603+0000] {processor.py:186} INFO - Started process (PID=5428) to work on /opt/airflow/dags/premier_dag.py
[2025-10-17T15:18:53.603+0000] {processor.py:914} INFO - Processing file /opt/airflow/dags/premier_dag.py for tasks to queue
[2025-10-17T15:18:53.606+0000] {logging_mixin.py:190} INFO - [2025-10-17T15:18:53.606+0000] {dagbag.py:588} INFO - Filling up the DagBag from /opt/airflow/dags/premier_dag.py
[2025-10-17T15:18:53.619+0000] {processor.py:925} INFO - DAG(s) 'premier_dag_test' retrieved from /opt/airflow/dags/premier_dag.py
[2025-10-17T15:18:53.640+0000] {logging_mixin.py:190} INFO - [2025-10-17T15:18:53.639+0000] {dag.py:3239} INFO - Sync 1 DAGs
[2025-10-17T15:18:53.659+0000] {logging_mixin.py:190} INFO - [2025-10-17T15:18:53.659+0000] {dag.py:4180} INFO - Setting next_dagrun for premier_dag_test to 2025-06-02 00:00:00+00:00, run_after=2025-06-02 01:00:00+00:00
[2025-10-17T15:18:53.797+0000] {processor.py:208} INFO - Processing /opt/airflow/dags/premier_dag.py took 0.200 seconds
[2025-10-17T15:19:24.053+0000] {processor.py:186} INFO - Started process (PID=5445) to work on /opt/airflow/dags/premier_dag.py
[2025-10-17T15:19:24.054+0000] {processor.py:914} INFO - Processing file /opt/airflow/dags/premier_dag.py for tasks to queue
[2025-10-17T15:19:24.056+0000] {logging_mixin.py:190} INFO - [2025-10-17T15:19:24.055+0000] {dagbag.py:588} INFO - Filling up the DagBag from /opt/airflow/dags/premier_dag.py
[2025-10-17T15:19:24.071+0000] {processor.py:925} INFO - DAG(s) 'premier_dag_test' retrieved from /opt/airflow/dags/premier_dag.py
[2025-10-17T15:19:24.091+0000] {logging_mixin.py:190} INFO - [2025-10-17T15:19:24.091+0000] {dag.py:3239} INFO - Sync 1 DAGs
[2025-10-17T15:19:24.225+0000] {logging_mixin.py:190} INFO - [2025-10-17T15:19:24.225+0000] {dag.py:4180} INFO - Setting next_dagrun for premier_dag_test to 2025-06-02 00:00:00+00:00, run_after=2025-06-02 01:00:00+00:00
[2025-10-17T15:19:24.241+0000] {processor.py:208} INFO - Processing /opt/airflow/dags/premier_dag.py took 0.193 seconds
[2025-10-17T15:19:54.493+0000] {processor.py:186} INFO - Started process (PID=5462) to work on /opt/airflow/dags/premier_dag.py
[2025-10-17T15:19:54.494+0000] {processor.py:914} INFO - Processing file /opt/airflow/dags/premier_dag.py for tasks to queue
[2025-10-17T15:19:54.496+0000] {logging_mixin.py:190} INFO - [2025-10-17T15:19:54.495+0000] {dagbag.py:588} INFO - Filling up the DagBag from /opt/airflow/dags/premier_dag.py
[2025-10-17T15:19:54.512+0000] {processor.py:925} INFO - DAG(s) 'premier_dag_test' retrieved from /opt/airflow/dags/premier_dag.py
[2025-10-17T15:19:54.536+0000] {logging_mixin.py:190} INFO - [2025-10-17T15:19:54.535+0000] {dag.py:3239} INFO - Sync 1 DAGs
[2025-10-17T15:19:54.725+0000] {logging_mixin.py:190} INFO - [2025-10-17T15:19:54.725+0000] {dag.py:4180} INFO - Setting next_dagrun for premier_dag_test to 2025-06-02 00:00:00+00:00, run_after=2025-06-02 01:00:00+00:00
[2025-10-17T15:19:54.741+0000] {processor.py:208} INFO - Processing /opt/airflow/dags/premier_dag.py took 0.254 seconds
[2025-10-17T15:20:25.012+0000] {processor.py:186} INFO - Started process (PID=5479) to work on /opt/airflow/dags/premier_dag.py
[2025-10-17T15:20:25.013+0000] {processor.py:914} INFO - Processing file /opt/airflow/dags/premier_dag.py for tasks to queue
[2025-10-17T15:20:25.015+0000] {logging_mixin.py:190} INFO - [2025-10-17T15:20:25.015+0000] {dagbag.py:588} INFO - Filling up the DagBag from /opt/airflow/dags/premier_dag.py
[2025-10-17T15:20:25.030+0000] {processor.py:925} INFO - DAG(s) 'premier_dag_test' retrieved from /opt/airflow/dags/premier_dag.py
[2025-10-17T15:20:25.166+0000] {logging_mixin.py:190} INFO - [2025-10-17T15:20:25.165+0000] {dag.py:3239} INFO - Sync 1 DAGs
[2025-10-17T15:20:25.182+0000] {logging_mixin.py:190} INFO - [2025-10-17T15:20:25.182+0000] {dag.py:4180} INFO - Setting next_dagrun for premier_dag_test to 2025-06-02 00:00:00+00:00, run_after=2025-06-02 01:00:00+00:00
[2025-10-17T15:20:25.197+0000] {processor.py:208} INFO - Processing /opt/airflow/dags/premier_dag.py took 0.189 seconds
[2025-10-17T15:20:55.476+0000] {processor.py:186} INFO - Started process (PID=5496) to work on /opt/airflow/dags/premier_dag.py
[2025-10-17T15:20:55.477+0000] {processor.py:914} INFO - Processing file /opt/airflow/dags/premier_dag.py for tasks to queue
[2025-10-17T15:20:55.479+0000] {logging_mixin.py:190} INFO - [2025-10-17T15:20:55.479+0000] {dagbag.py:588} INFO - Filling up the DagBag from /opt/airflow/dags/premier_dag.py
[2025-10-17T15:20:55.495+0000] {processor.py:925} INFO - DAG(s) 'premier_dag_test' retrieved from /opt/airflow/dags/premier_dag.py
[2025-10-17T15:20:55.517+0000] {logging_mixin.py:190} INFO - [2025-10-17T15:20:55.516+0000] {dag.py:3239} INFO - Sync 1 DAGs
[2025-10-17T15:20:55.536+0000] {logging_mixin.py:190} INFO - [2025-10-17T15:20:55.536+0000] {dag.py:4180} INFO - Setting next_dagrun for premier_dag_test to 2025-06-02 00:00:00+00:00, run_after=2025-06-02 01:00:00+00:00
[2025-10-17T15:20:55.552+0000] {processor.py:208} INFO - Processing /opt/airflow/dags/premier_dag.py took 0.082 seconds
[2025-10-17T15:21:25.808+0000] {processor.py:186} INFO - Started process (PID=5513) to work on /opt/airflow/dags/premier_dag.py
[2025-10-17T15:21:25.809+0000] {processor.py:914} INFO - Processing file /opt/airflow/dags/premier_dag.py for tasks to queue
[2025-10-17T15:21:25.811+0000] {logging_mixin.py:190} INFO - [2025-10-17T15:21:25.811+0000] {dagbag.py:588} INFO - Filling up the DagBag from /opt/airflow/dags/premier_dag.py
[2025-10-17T15:21:25.830+0000] {processor.py:925} INFO - DAG(s) 'premier_dag_test' retrieved from /opt/airflow/dags/premier_dag.py
[2025-10-17T15:21:25.854+0000] {logging_mixin.py:190} INFO - [2025-10-17T15:21:25.854+0000] {dag.py:3239} INFO - Sync 1 DAGs
[2025-10-17T15:21:25.876+0000] {logging_mixin.py:190} INFO - [2025-10-17T15:21:25.876+0000] {dag.py:4180} INFO - Setting next_dagrun for premier_dag_test to 2025-06-02 00:00:00+00:00, run_after=2025-06-02 01:00:00+00:00
[2025-10-17T15:21:25.893+0000] {processor.py:208} INFO - Processing /opt/airflow/dags/premier_dag.py took 0.091 seconds
[2025-10-17T15:21:56.140+0000] {processor.py:186} INFO - Started process (PID=5530) to work on /opt/airflow/dags/premier_dag.py
[2025-10-17T15:21:56.141+0000] {processor.py:914} INFO - Processing file /opt/airflow/dags/premier_dag.py for tasks to queue
[2025-10-17T15:21:56.142+0000] {logging_mixin.py:190} INFO - [2025-10-17T15:21:56.142+0000] {dagbag.py:588} INFO - Filling up the DagBag from /opt/airflow/dags/premier_dag.py
[2025-10-17T15:21:56.157+0000] {processor.py:925} INFO - DAG(s) 'premier_dag_test' retrieved from /opt/airflow/dags/premier_dag.py
[2025-10-17T15:21:56.177+0000] {logging_mixin.py:190} INFO - [2025-10-17T15:21:56.177+0000] {dag.py:3239} INFO - Sync 1 DAGs
[2025-10-17T15:21:56.196+0000] {logging_mixin.py:190} INFO - [2025-10-17T15:21:56.196+0000] {dag.py:4180} INFO - Setting next_dagrun for premier_dag_test to 2025-06-02 00:00:00+00:00, run_after=2025-06-02 01:00:00+00:00
[2025-10-17T15:21:56.213+0000] {processor.py:208} INFO - Processing /opt/airflow/dags/premier_dag.py took 0.078 seconds
[2025-10-17T15:22:26.452+0000] {processor.py:186} INFO - Started process (PID=5547) to work on /opt/airflow/dags/premier_dag.py
[2025-10-17T15:22:26.453+0000] {processor.py:914} INFO - Processing file /opt/airflow/dags/premier_dag.py for tasks to queue
[2025-10-17T15:22:26.454+0000] {logging_mixin.py:190} INFO - [2025-10-17T15:22:26.454+0000] {dagbag.py:588} INFO - Filling up the DagBag from /opt/airflow/dags/premier_dag.py
[2025-10-17T15:22:26.469+0000] {processor.py:925} INFO - DAG(s) 'premier_dag_test' retrieved from /opt/airflow/dags/premier_dag.py
[2025-10-17T15:22:26.491+0000] {logging_mixin.py:190} INFO - [2025-10-17T15:22:26.491+0000] {dag.py:3239} INFO - Sync 1 DAGs
[2025-10-17T15:22:26.625+0000] {logging_mixin.py:190} INFO - [2025-10-17T15:22:26.625+0000] {dag.py:4180} INFO - Setting next_dagrun for premier_dag_test to 2025-06-02 00:00:00+00:00, run_after=2025-06-02 01:00:00+00:00
[2025-10-17T15:22:26.645+0000] {processor.py:208} INFO - Processing /opt/airflow/dags/premier_dag.py took 0.198 seconds
