[2025-10-16T08:25:49.043+0000] {processor.py:186} INFO - Started process (PID=270) to work on /opt/airflow/dags/JO_dag.py
[2025-10-16T08:25:49.044+0000] {processor.py:914} INFO - Processing file /opt/airflow/dags/JO_dag.py for tasks to queue
[2025-10-16T08:25:49.047+0000] {logging_mixin.py:190} INFO - [2025-10-16T08:25:49.046+0000] {dagbag.py:588} INFO - Filling up the DagBag from /opt/airflow/dags/JO_dag.py
[2025-10-16T08:25:50.555+0000] {processor.py:925} INFO - DAG(s) 'etl_pipeline_JO' retrieved from /opt/airflow/dags/JO_dag.py
[2025-10-16T08:25:50.576+0000] {logging_mixin.py:190} INFO - [2025-10-16T08:25:50.575+0000] {dag.py:3239} INFO - Sync 1 DAGs
[2025-10-16T08:25:50.598+0000] {logging_mixin.py:190} INFO - [2025-10-16T08:25:50.597+0000] {dag.py:4180} INFO - Setting next_dagrun for etl_pipeline_JO to 2025-10-16 08:00:00+00:00, run_after=2025-10-16 09:00:00+00:00
[2025-10-16T08:25:50.615+0000] {processor.py:208} INFO - Processing /opt/airflow/dags/JO_dag.py took 1.579 seconds
[2025-10-16T08:26:21.424+0000] {processor.py:186} INFO - Started process (PID=307) to work on /opt/airflow/dags/JO_dag.py
[2025-10-16T08:26:21.425+0000] {processor.py:914} INFO - Processing file /opt/airflow/dags/JO_dag.py for tasks to queue
[2025-10-16T08:26:21.427+0000] {logging_mixin.py:190} INFO - [2025-10-16T08:26:21.426+0000] {dagbag.py:588} INFO - Filling up the DagBag from /opt/airflow/dags/JO_dag.py
[2025-10-16T08:26:21.800+0000] {processor.py:925} INFO - DAG(s) 'etl_pipeline_JO' retrieved from /opt/airflow/dags/JO_dag.py
[2025-10-16T08:26:21.818+0000] {logging_mixin.py:190} INFO - [2025-10-16T08:26:21.817+0000] {dag.py:3239} INFO - Sync 1 DAGs
[2025-10-16T08:26:21.834+0000] {logging_mixin.py:190} INFO - [2025-10-16T08:26:21.833+0000] {dag.py:4180} INFO - Setting next_dagrun for etl_pipeline_JO to 2025-10-16 08:00:00+00:00, run_after=2025-10-16 09:00:00+00:00
[2025-10-16T08:26:21.849+0000] {processor.py:208} INFO - Processing /opt/airflow/dags/JO_dag.py took 0.429 seconds
[2025-10-16T08:26:52.734+0000] {processor.py:186} INFO - Started process (PID=324) to work on /opt/airflow/dags/JO_dag.py
[2025-10-16T08:26:52.735+0000] {processor.py:914} INFO - Processing file /opt/airflow/dags/JO_dag.py for tasks to queue
[2025-10-16T08:26:52.737+0000] {logging_mixin.py:190} INFO - [2025-10-16T08:26:52.736+0000] {dagbag.py:588} INFO - Filling up the DagBag from /opt/airflow/dags/JO_dag.py
[2025-10-16T08:26:53.126+0000] {processor.py:925} INFO - DAG(s) 'etl_pipeline_JO' retrieved from /opt/airflow/dags/JO_dag.py
[2025-10-16T08:26:53.142+0000] {logging_mixin.py:190} INFO - [2025-10-16T08:26:53.141+0000] {dag.py:3239} INFO - Sync 1 DAGs
[2025-10-16T08:26:53.160+0000] {logging_mixin.py:190} INFO - [2025-10-16T08:26:53.159+0000] {dag.py:4180} INFO - Setting next_dagrun for etl_pipeline_JO to 2025-10-16 08:00:00+00:00, run_after=2025-10-16 09:00:00+00:00
[2025-10-16T08:26:53.175+0000] {processor.py:208} INFO - Processing /opt/airflow/dags/JO_dag.py took 0.446 seconds
[2025-10-16T08:27:24.046+0000] {processor.py:186} INFO - Started process (PID=341) to work on /opt/airflow/dags/JO_dag.py
[2025-10-16T08:27:24.047+0000] {processor.py:914} INFO - Processing file /opt/airflow/dags/JO_dag.py for tasks to queue
[2025-10-16T08:27:24.049+0000] {logging_mixin.py:190} INFO - [2025-10-16T08:27:24.049+0000] {dagbag.py:588} INFO - Filling up the DagBag from /opt/airflow/dags/JO_dag.py
[2025-10-16T08:27:24.472+0000] {processor.py:925} INFO - DAG(s) 'etl_pipeline_JO' retrieved from /opt/airflow/dags/JO_dag.py
[2025-10-16T08:27:24.490+0000] {logging_mixin.py:190} INFO - [2025-10-16T08:27:24.490+0000] {dag.py:3239} INFO - Sync 1 DAGs
[2025-10-16T08:27:24.508+0000] {logging_mixin.py:190} INFO - [2025-10-16T08:27:24.508+0000] {dag.py:4180} INFO - Setting next_dagrun for etl_pipeline_JO to 2025-10-16 08:00:00+00:00, run_after=2025-10-16 09:00:00+00:00
[2025-10-16T08:27:24.526+0000] {processor.py:208} INFO - Processing /opt/airflow/dags/JO_dag.py took 0.487 seconds
[2025-10-16T08:27:55.406+0000] {processor.py:186} INFO - Started process (PID=358) to work on /opt/airflow/dags/JO_dag.py
[2025-10-16T08:27:55.407+0000] {processor.py:914} INFO - Processing file /opt/airflow/dags/JO_dag.py for tasks to queue
[2025-10-16T08:27:55.409+0000] {logging_mixin.py:190} INFO - [2025-10-16T08:27:55.409+0000] {dagbag.py:588} INFO - Filling up the DagBag from /opt/airflow/dags/JO_dag.py
[2025-10-16T08:27:55.813+0000] {processor.py:925} INFO - DAG(s) 'etl_pipeline_JO' retrieved from /opt/airflow/dags/JO_dag.py
[2025-10-16T08:27:55.833+0000] {logging_mixin.py:190} INFO - [2025-10-16T08:27:55.832+0000] {dag.py:3239} INFO - Sync 1 DAGs
[2025-10-16T08:27:55.853+0000] {logging_mixin.py:190} INFO - [2025-10-16T08:27:55.852+0000] {dag.py:4180} INFO - Setting next_dagrun for etl_pipeline_JO to 2025-10-16 08:00:00+00:00, run_after=2025-10-16 09:00:00+00:00
[2025-10-16T08:27:55.874+0000] {processor.py:208} INFO - Processing /opt/airflow/dags/JO_dag.py took 0.473 seconds
[2025-10-16T08:28:26.704+0000] {processor.py:186} INFO - Started process (PID=375) to work on /opt/airflow/dags/JO_dag.py
[2025-10-16T08:28:26.705+0000] {processor.py:914} INFO - Processing file /opt/airflow/dags/JO_dag.py for tasks to queue
[2025-10-16T08:28:26.707+0000] {logging_mixin.py:190} INFO - [2025-10-16T08:28:26.706+0000] {dagbag.py:588} INFO - Filling up the DagBag from /opt/airflow/dags/JO_dag.py
[2025-10-16T08:28:27.077+0000] {processor.py:925} INFO - DAG(s) 'etl_pipeline_JO' retrieved from /opt/airflow/dags/JO_dag.py
[2025-10-16T08:28:27.094+0000] {logging_mixin.py:190} INFO - [2025-10-16T08:28:27.093+0000] {dag.py:3239} INFO - Sync 1 DAGs
[2025-10-16T08:28:27.114+0000] {logging_mixin.py:190} INFO - [2025-10-16T08:28:27.114+0000] {dag.py:4180} INFO - Setting next_dagrun for etl_pipeline_JO to 2025-10-16 08:00:00+00:00, run_after=2025-10-16 09:00:00+00:00
[2025-10-16T08:28:27.134+0000] {processor.py:208} INFO - Processing /opt/airflow/dags/JO_dag.py took 0.435 seconds
[2025-10-16T08:28:58.001+0000] {processor.py:186} INFO - Started process (PID=392) to work on /opt/airflow/dags/JO_dag.py
[2025-10-16T08:28:58.002+0000] {processor.py:914} INFO - Processing file /opt/airflow/dags/JO_dag.py for tasks to queue
[2025-10-16T08:28:58.004+0000] {logging_mixin.py:190} INFO - [2025-10-16T08:28:58.003+0000] {dagbag.py:588} INFO - Filling up the DagBag from /opt/airflow/dags/JO_dag.py
[2025-10-16T08:28:58.416+0000] {processor.py:925} INFO - DAG(s) 'etl_pipeline_JO' retrieved from /opt/airflow/dags/JO_dag.py
[2025-10-16T08:28:58.432+0000] {logging_mixin.py:190} INFO - [2025-10-16T08:28:58.432+0000] {dag.py:3239} INFO - Sync 1 DAGs
[2025-10-16T08:28:58.454+0000] {logging_mixin.py:190} INFO - [2025-10-16T08:28:58.454+0000] {dag.py:4180} INFO - Setting next_dagrun for etl_pipeline_JO to 2025-10-16 08:00:00+00:00, run_after=2025-10-16 09:00:00+00:00
[2025-10-16T08:28:58.471+0000] {processor.py:208} INFO - Processing /opt/airflow/dags/JO_dag.py took 0.476 seconds
[2025-10-16T08:29:29.308+0000] {processor.py:186} INFO - Started process (PID=409) to work on /opt/airflow/dags/JO_dag.py
[2025-10-16T08:29:29.309+0000] {processor.py:914} INFO - Processing file /opt/airflow/dags/JO_dag.py for tasks to queue
[2025-10-16T08:29:29.312+0000] {logging_mixin.py:190} INFO - [2025-10-16T08:29:29.311+0000] {dagbag.py:588} INFO - Filling up the DagBag from /opt/airflow/dags/JO_dag.py
[2025-10-16T08:29:29.739+0000] {processor.py:925} INFO - DAG(s) 'etl_pipeline_JO' retrieved from /opt/airflow/dags/JO_dag.py
[2025-10-16T08:29:29.758+0000] {logging_mixin.py:190} INFO - [2025-10-16T08:29:29.757+0000] {dag.py:3239} INFO - Sync 1 DAGs
[2025-10-16T08:29:29.779+0000] {logging_mixin.py:190} INFO - [2025-10-16T08:29:29.779+0000] {dag.py:4180} INFO - Setting next_dagrun for etl_pipeline_JO to 2025-10-16 08:00:00+00:00, run_after=2025-10-16 09:00:00+00:00
[2025-10-16T08:29:29.793+0000] {processor.py:208} INFO - Processing /opt/airflow/dags/JO_dag.py took 0.491 seconds
[2025-10-16T08:30:00.628+0000] {processor.py:186} INFO - Started process (PID=426) to work on /opt/airflow/dags/JO_dag.py
[2025-10-16T08:30:00.629+0000] {processor.py:914} INFO - Processing file /opt/airflow/dags/JO_dag.py for tasks to queue
[2025-10-16T08:30:00.631+0000] {logging_mixin.py:190} INFO - [2025-10-16T08:30:00.631+0000] {dagbag.py:588} INFO - Filling up the DagBag from /opt/airflow/dags/JO_dag.py
[2025-10-16T08:30:01.023+0000] {processor.py:925} INFO - DAG(s) 'etl_pipeline_JO' retrieved from /opt/airflow/dags/JO_dag.py
[2025-10-16T08:30:01.040+0000] {logging_mixin.py:190} INFO - [2025-10-16T08:30:01.040+0000] {dag.py:3239} INFO - Sync 1 DAGs
[2025-10-16T08:30:01.059+0000] {logging_mixin.py:190} INFO - [2025-10-16T08:30:01.059+0000] {dag.py:4180} INFO - Setting next_dagrun for etl_pipeline_JO to 2025-10-16 08:00:00+00:00, run_after=2025-10-16 09:00:00+00:00
[2025-10-16T08:30:01.073+0000] {processor.py:208} INFO - Processing /opt/airflow/dags/JO_dag.py took 0.451 seconds
[2025-10-16T08:30:31.933+0000] {processor.py:186} INFO - Started process (PID=443) to work on /opt/airflow/dags/JO_dag.py
[2025-10-16T08:30:31.934+0000] {processor.py:914} INFO - Processing file /opt/airflow/dags/JO_dag.py for tasks to queue
[2025-10-16T08:30:31.936+0000] {logging_mixin.py:190} INFO - [2025-10-16T08:30:31.936+0000] {dagbag.py:588} INFO - Filling up the DagBag from /opt/airflow/dags/JO_dag.py
[2025-10-16T08:30:32.365+0000] {processor.py:925} INFO - DAG(s) 'etl_pipeline_JO' retrieved from /opt/airflow/dags/JO_dag.py
[2025-10-16T08:30:32.382+0000] {logging_mixin.py:190} INFO - [2025-10-16T08:30:32.381+0000] {dag.py:3239} INFO - Sync 1 DAGs
[2025-10-16T08:30:32.403+0000] {logging_mixin.py:190} INFO - [2025-10-16T08:30:32.402+0000] {dag.py:4180} INFO - Setting next_dagrun for etl_pipeline_JO to 2025-10-16 08:00:00+00:00, run_after=2025-10-16 09:00:00+00:00
[2025-10-16T08:30:32.444+0000] {processor.py:208} INFO - Processing /opt/airflow/dags/JO_dag.py took 0.516 seconds
[2025-10-16T09:02:45.574+0000] {processor.py:186} INFO - Started process (PID=269) to work on /opt/airflow/dags/JO_dag.py
[2025-10-16T09:02:45.575+0000] {processor.py:914} INFO - Processing file /opt/airflow/dags/JO_dag.py for tasks to queue
[2025-10-16T09:02:45.577+0000] {logging_mixin.py:190} INFO - [2025-10-16T09:02:45.577+0000] {dagbag.py:588} INFO - Filling up the DagBag from /opt/airflow/dags/JO_dag.py
[2025-10-16T09:02:47.164+0000] {processor.py:925} INFO - DAG(s) 'etl_pipeline_JO' retrieved from /opt/airflow/dags/JO_dag.py
[2025-10-16T09:02:47.186+0000] {logging_mixin.py:190} INFO - [2025-10-16T09:02:47.185+0000] {dag.py:3239} INFO - Sync 1 DAGs
[2025-10-16T09:02:47.209+0000] {logging_mixin.py:190} INFO - [2025-10-16T09:02:47.208+0000] {dag.py:4180} INFO - Setting next_dagrun for etl_pipeline_JO to 2025-10-16 09:00:00+00:00, run_after=2025-10-16 10:00:00+00:00
[2025-10-16T09:02:47.225+0000] {processor.py:208} INFO - Processing /opt/airflow/dags/JO_dag.py took 1.658 seconds
[2025-10-16T09:03:17.996+0000] {processor.py:186} INFO - Started process (PID=300) to work on /opt/airflow/dags/JO_dag.py
[2025-10-16T09:03:17.997+0000] {processor.py:914} INFO - Processing file /opt/airflow/dags/JO_dag.py for tasks to queue
[2025-10-16T09:03:17.999+0000] {logging_mixin.py:190} INFO - [2025-10-16T09:03:17.998+0000] {dagbag.py:588} INFO - Filling up the DagBag from /opt/airflow/dags/JO_dag.py
[2025-10-16T09:03:18.395+0000] {processor.py:925} INFO - DAG(s) 'etl_pipeline_JO' retrieved from /opt/airflow/dags/JO_dag.py
[2025-10-16T09:03:18.419+0000] {logging_mixin.py:190} INFO - [2025-10-16T09:03:18.419+0000] {dag.py:3239} INFO - Sync 1 DAGs
[2025-10-16T09:03:18.438+0000] {logging_mixin.py:190} INFO - [2025-10-16T09:03:18.438+0000] {dag.py:4180} INFO - Setting next_dagrun for etl_pipeline_JO to 2025-10-16 09:00:00+00:00, run_after=2025-10-16 10:00:00+00:00
[2025-10-16T09:03:18.454+0000] {processor.py:208} INFO - Processing /opt/airflow/dags/JO_dag.py took 0.464 seconds
[2025-10-16T09:03:49.301+0000] {processor.py:186} INFO - Started process (PID=317) to work on /opt/airflow/dags/JO_dag.py
[2025-10-16T09:03:49.302+0000] {processor.py:914} INFO - Processing file /opt/airflow/dags/JO_dag.py for tasks to queue
[2025-10-16T09:03:49.304+0000] {logging_mixin.py:190} INFO - [2025-10-16T09:03:49.304+0000] {dagbag.py:588} INFO - Filling up the DagBag from /opt/airflow/dags/JO_dag.py
[2025-10-16T09:03:49.730+0000] {processor.py:925} INFO - DAG(s) 'etl_pipeline_JO' retrieved from /opt/airflow/dags/JO_dag.py
[2025-10-16T09:03:49.749+0000] {logging_mixin.py:190} INFO - [2025-10-16T09:03:49.749+0000] {dag.py:3239} INFO - Sync 1 DAGs
[2025-10-16T09:03:49.767+0000] {logging_mixin.py:190} INFO - [2025-10-16T09:03:49.767+0000] {dag.py:4180} INFO - Setting next_dagrun for etl_pipeline_JO to 2025-10-16 09:00:00+00:00, run_after=2025-10-16 10:00:00+00:00
[2025-10-16T09:03:49.783+0000] {processor.py:208} INFO - Processing /opt/airflow/dags/JO_dag.py took 0.487 seconds
[2025-10-16T09:04:20.661+0000] {processor.py:186} INFO - Started process (PID=334) to work on /opt/airflow/dags/JO_dag.py
[2025-10-16T09:04:20.662+0000] {processor.py:914} INFO - Processing file /opt/airflow/dags/JO_dag.py for tasks to queue
[2025-10-16T09:04:20.664+0000] {logging_mixin.py:190} INFO - [2025-10-16T09:04:20.663+0000] {dagbag.py:588} INFO - Filling up the DagBag from /opt/airflow/dags/JO_dag.py
[2025-10-16T09:04:21.118+0000] {processor.py:925} INFO - DAG(s) 'etl_pipeline_JO' retrieved from /opt/airflow/dags/JO_dag.py
[2025-10-16T09:04:21.135+0000] {logging_mixin.py:190} INFO - [2025-10-16T09:04:21.135+0000] {dag.py:3239} INFO - Sync 1 DAGs
[2025-10-16T09:04:21.155+0000] {logging_mixin.py:190} INFO - [2025-10-16T09:04:21.155+0000] {dag.py:4180} INFO - Setting next_dagrun for etl_pipeline_JO to 2025-10-16 09:00:00+00:00, run_after=2025-10-16 10:00:00+00:00
[2025-10-16T09:04:21.176+0000] {processor.py:208} INFO - Processing /opt/airflow/dags/JO_dag.py took 0.521 seconds
[2025-10-16T09:04:51.998+0000] {processor.py:186} INFO - Started process (PID=351) to work on /opt/airflow/dags/JO_dag.py
[2025-10-16T09:04:51.999+0000] {processor.py:914} INFO - Processing file /opt/airflow/dags/JO_dag.py for tasks to queue
[2025-10-16T09:04:52.001+0000] {logging_mixin.py:190} INFO - [2025-10-16T09:04:52.001+0000] {dagbag.py:588} INFO - Filling up the DagBag from /opt/airflow/dags/JO_dag.py
[2025-10-16T09:04:52.414+0000] {processor.py:925} INFO - DAG(s) 'etl_pipeline_JO' retrieved from /opt/airflow/dags/JO_dag.py
[2025-10-16T09:04:52.431+0000] {logging_mixin.py:190} INFO - [2025-10-16T09:04:52.431+0000] {dag.py:3239} INFO - Sync 1 DAGs
[2025-10-16T09:04:52.449+0000] {logging_mixin.py:190} INFO - [2025-10-16T09:04:52.449+0000] {dag.py:4180} INFO - Setting next_dagrun for etl_pipeline_JO to 2025-10-16 09:00:00+00:00, run_after=2025-10-16 10:00:00+00:00
[2025-10-16T09:04:52.465+0000] {processor.py:208} INFO - Processing /opt/airflow/dags/JO_dag.py took 0.472 seconds
[2025-10-16T09:05:23.293+0000] {processor.py:186} INFO - Started process (PID=368) to work on /opt/airflow/dags/JO_dag.py
[2025-10-16T09:05:23.294+0000] {processor.py:914} INFO - Processing file /opt/airflow/dags/JO_dag.py for tasks to queue
[2025-10-16T09:05:23.296+0000] {logging_mixin.py:190} INFO - [2025-10-16T09:05:23.295+0000] {dagbag.py:588} INFO - Filling up the DagBag from /opt/airflow/dags/JO_dag.py
[2025-10-16T09:05:23.703+0000] {processor.py:925} INFO - DAG(s) 'etl_pipeline_JO' retrieved from /opt/airflow/dags/JO_dag.py
[2025-10-16T09:05:23.719+0000] {logging_mixin.py:190} INFO - [2025-10-16T09:05:23.719+0000] {dag.py:3239} INFO - Sync 1 DAGs
[2025-10-16T09:05:23.738+0000] {logging_mixin.py:190} INFO - [2025-10-16T09:05:23.737+0000] {dag.py:4180} INFO - Setting next_dagrun for etl_pipeline_JO to 2025-10-16 09:00:00+00:00, run_after=2025-10-16 10:00:00+00:00
[2025-10-16T09:05:23.753+0000] {processor.py:208} INFO - Processing /opt/airflow/dags/JO_dag.py took 0.465 seconds
[2025-10-16T09:05:54.587+0000] {processor.py:186} INFO - Started process (PID=385) to work on /opt/airflow/dags/JO_dag.py
[2025-10-16T09:05:54.588+0000] {processor.py:914} INFO - Processing file /opt/airflow/dags/JO_dag.py for tasks to queue
[2025-10-16T09:05:54.590+0000] {logging_mixin.py:190} INFO - [2025-10-16T09:05:54.590+0000] {dagbag.py:588} INFO - Filling up the DagBag from /opt/airflow/dags/JO_dag.py
[2025-10-16T09:05:54.986+0000] {processor.py:925} INFO - DAG(s) 'etl_pipeline_JO' retrieved from /opt/airflow/dags/JO_dag.py
[2025-10-16T09:05:55.005+0000] {logging_mixin.py:190} INFO - [2025-10-16T09:05:55.004+0000] {dag.py:3239} INFO - Sync 1 DAGs
[2025-10-16T09:05:55.025+0000] {logging_mixin.py:190} INFO - [2025-10-16T09:05:55.025+0000] {dag.py:4180} INFO - Setting next_dagrun for etl_pipeline_JO to 2025-10-16 09:00:00+00:00, run_after=2025-10-16 10:00:00+00:00
[2025-10-16T09:05:55.040+0000] {processor.py:208} INFO - Processing /opt/airflow/dags/JO_dag.py took 0.458 seconds
[2025-10-16T09:06:25.876+0000] {processor.py:186} INFO - Started process (PID=402) to work on /opt/airflow/dags/JO_dag.py
[2025-10-16T09:06:25.877+0000] {processor.py:914} INFO - Processing file /opt/airflow/dags/JO_dag.py for tasks to queue
[2025-10-16T09:06:25.879+0000] {logging_mixin.py:190} INFO - [2025-10-16T09:06:25.878+0000] {dagbag.py:588} INFO - Filling up the DagBag from /opt/airflow/dags/JO_dag.py
[2025-10-16T09:06:26.344+0000] {processor.py:925} INFO - DAG(s) 'etl_pipeline_JO' retrieved from /opt/airflow/dags/JO_dag.py
[2025-10-16T09:06:26.371+0000] {logging_mixin.py:190} INFO - [2025-10-16T09:06:26.370+0000] {dag.py:3239} INFO - Sync 1 DAGs
[2025-10-16T09:06:26.391+0000] {logging_mixin.py:190} INFO - [2025-10-16T09:06:26.391+0000] {dag.py:4180} INFO - Setting next_dagrun for etl_pipeline_JO to 2025-10-16 09:00:00+00:00, run_after=2025-10-16 10:00:00+00:00
[2025-10-16T09:06:26.413+0000] {processor.py:208} INFO - Processing /opt/airflow/dags/JO_dag.py took 0.543 seconds
[2025-10-16T09:06:57.173+0000] {processor.py:186} INFO - Started process (PID=419) to work on /opt/airflow/dags/JO_dag.py
[2025-10-16T09:06:57.174+0000] {processor.py:914} INFO - Processing file /opt/airflow/dags/JO_dag.py for tasks to queue
[2025-10-16T09:06:57.176+0000] {logging_mixin.py:190} INFO - [2025-10-16T09:06:57.176+0000] {dagbag.py:588} INFO - Filling up the DagBag from /opt/airflow/dags/JO_dag.py
[2025-10-16T09:06:57.571+0000] {processor.py:925} INFO - DAG(s) 'etl_pipeline_JO' retrieved from /opt/airflow/dags/JO_dag.py
[2025-10-16T09:06:57.589+0000] {logging_mixin.py:190} INFO - [2025-10-16T09:06:57.588+0000] {dag.py:3239} INFO - Sync 1 DAGs
[2025-10-16T09:06:57.608+0000] {logging_mixin.py:190} INFO - [2025-10-16T09:06:57.608+0000] {dag.py:4180} INFO - Setting next_dagrun for etl_pipeline_JO to 2025-10-16 09:00:00+00:00, run_after=2025-10-16 10:00:00+00:00
[2025-10-16T09:06:57.628+0000] {processor.py:208} INFO - Processing /opt/airflow/dags/JO_dag.py took 0.461 seconds
[2025-10-16T09:07:28.444+0000] {processor.py:186} INFO - Started process (PID=436) to work on /opt/airflow/dags/JO_dag.py
[2025-10-16T09:07:28.445+0000] {processor.py:914} INFO - Processing file /opt/airflow/dags/JO_dag.py for tasks to queue
[2025-10-16T09:07:28.447+0000] {logging_mixin.py:190} INFO - [2025-10-16T09:07:28.447+0000] {dagbag.py:588} INFO - Filling up the DagBag from /opt/airflow/dags/JO_dag.py
[2025-10-16T09:07:28.841+0000] {processor.py:925} INFO - DAG(s) 'etl_pipeline_JO' retrieved from /opt/airflow/dags/JO_dag.py
[2025-10-16T09:07:28.859+0000] {logging_mixin.py:190} INFO - [2025-10-16T09:07:28.859+0000] {dag.py:3239} INFO - Sync 1 DAGs
[2025-10-16T09:07:28.879+0000] {logging_mixin.py:190} INFO - [2025-10-16T09:07:28.878+0000] {dag.py:4180} INFO - Setting next_dagrun for etl_pipeline_JO to 2025-10-16 09:00:00+00:00, run_after=2025-10-16 10:00:00+00:00
[2025-10-16T09:07:28.899+0000] {processor.py:208} INFO - Processing /opt/airflow/dags/JO_dag.py took 0.460 seconds
[2025-10-16T09:07:59.783+0000] {processor.py:186} INFO - Started process (PID=453) to work on /opt/airflow/dags/JO_dag.py
[2025-10-16T09:07:59.784+0000] {processor.py:914} INFO - Processing file /opt/airflow/dags/JO_dag.py for tasks to queue
[2025-10-16T09:07:59.786+0000] {logging_mixin.py:190} INFO - [2025-10-16T09:07:59.785+0000] {dagbag.py:588} INFO - Filling up the DagBag from /opt/airflow/dags/JO_dag.py
[2025-10-16T09:08:00.180+0000] {processor.py:925} INFO - DAG(s) 'etl_pipeline_JO' retrieved from /opt/airflow/dags/JO_dag.py
[2025-10-16T09:08:00.197+0000] {logging_mixin.py:190} INFO - [2025-10-16T09:08:00.197+0000] {dag.py:3239} INFO - Sync 1 DAGs
[2025-10-16T09:08:00.216+0000] {logging_mixin.py:190} INFO - [2025-10-16T09:08:00.216+0000] {dag.py:4180} INFO - Setting next_dagrun for etl_pipeline_JO to 2025-10-16 09:00:00+00:00, run_after=2025-10-16 10:00:00+00:00
[2025-10-16T09:08:00.238+0000] {processor.py:208} INFO - Processing /opt/airflow/dags/JO_dag.py took 0.460 seconds
[2025-10-16T09:08:31.125+0000] {processor.py:186} INFO - Started process (PID=470) to work on /opt/airflow/dags/JO_dag.py
[2025-10-16T09:08:31.126+0000] {processor.py:914} INFO - Processing file /opt/airflow/dags/JO_dag.py for tasks to queue
[2025-10-16T09:08:31.129+0000] {logging_mixin.py:190} INFO - [2025-10-16T09:08:31.128+0000] {dagbag.py:588} INFO - Filling up the DagBag from /opt/airflow/dags/JO_dag.py
[2025-10-16T09:08:31.541+0000] {processor.py:925} INFO - DAG(s) 'etl_pipeline_JO' retrieved from /opt/airflow/dags/JO_dag.py
[2025-10-16T09:08:31.560+0000] {logging_mixin.py:190} INFO - [2025-10-16T09:08:31.560+0000] {dag.py:3239} INFO - Sync 1 DAGs
[2025-10-16T09:08:31.578+0000] {logging_mixin.py:190} INFO - [2025-10-16T09:08:31.578+0000] {dag.py:4180} INFO - Setting next_dagrun for etl_pipeline_JO to 2025-10-16 09:00:00+00:00, run_after=2025-10-16 10:00:00+00:00
[2025-10-16T09:08:31.597+0000] {processor.py:208} INFO - Processing /opt/airflow/dags/JO_dag.py took 0.478 seconds
[2025-10-16T09:09:02.423+0000] {processor.py:186} INFO - Started process (PID=487) to work on /opt/airflow/dags/JO_dag.py
[2025-10-16T09:09:02.424+0000] {processor.py:914} INFO - Processing file /opt/airflow/dags/JO_dag.py for tasks to queue
[2025-10-16T09:09:02.427+0000] {logging_mixin.py:190} INFO - [2025-10-16T09:09:02.426+0000] {dagbag.py:588} INFO - Filling up the DagBag from /opt/airflow/dags/JO_dag.py
[2025-10-16T09:09:02.863+0000] {processor.py:925} INFO - DAG(s) 'etl_pipeline_JO' retrieved from /opt/airflow/dags/JO_dag.py
[2025-10-16T09:09:02.881+0000] {logging_mixin.py:190} INFO - [2025-10-16T09:09:02.880+0000] {dag.py:3239} INFO - Sync 1 DAGs
[2025-10-16T09:09:02.899+0000] {logging_mixin.py:190} INFO - [2025-10-16T09:09:02.899+0000] {dag.py:4180} INFO - Setting next_dagrun for etl_pipeline_JO to 2025-10-16 09:00:00+00:00, run_after=2025-10-16 10:00:00+00:00
[2025-10-16T09:09:02.915+0000] {processor.py:208} INFO - Processing /opt/airflow/dags/JO_dag.py took 0.497 seconds
[2025-10-16T09:09:33.723+0000] {processor.py:186} INFO - Started process (PID=504) to work on /opt/airflow/dags/JO_dag.py
[2025-10-16T09:09:33.724+0000] {processor.py:914} INFO - Processing file /opt/airflow/dags/JO_dag.py for tasks to queue
[2025-10-16T09:09:33.726+0000] {logging_mixin.py:190} INFO - [2025-10-16T09:09:33.726+0000] {dagbag.py:588} INFO - Filling up the DagBag from /opt/airflow/dags/JO_dag.py
[2025-10-16T09:09:34.134+0000] {processor.py:925} INFO - DAG(s) 'etl_pipeline_JO' retrieved from /opt/airflow/dags/JO_dag.py
[2025-10-16T09:09:34.152+0000] {logging_mixin.py:190} INFO - [2025-10-16T09:09:34.151+0000] {dag.py:3239} INFO - Sync 1 DAGs
[2025-10-16T09:09:34.170+0000] {logging_mixin.py:190} INFO - [2025-10-16T09:09:34.170+0000] {dag.py:4180} INFO - Setting next_dagrun for etl_pipeline_JO to 2025-10-16 09:00:00+00:00, run_after=2025-10-16 10:00:00+00:00
[2025-10-16T09:09:34.187+0000] {processor.py:208} INFO - Processing /opt/airflow/dags/JO_dag.py took 0.469 seconds
[2025-10-16T09:10:05.003+0000] {processor.py:186} INFO - Started process (PID=521) to work on /opt/airflow/dags/JO_dag.py
[2025-10-16T09:10:05.004+0000] {processor.py:914} INFO - Processing file /opt/airflow/dags/JO_dag.py for tasks to queue
[2025-10-16T09:10:05.006+0000] {logging_mixin.py:190} INFO - [2025-10-16T09:10:05.006+0000] {dagbag.py:588} INFO - Filling up the DagBag from /opt/airflow/dags/JO_dag.py
[2025-10-16T09:10:05.412+0000] {processor.py:925} INFO - DAG(s) 'etl_pipeline_JO' retrieved from /opt/airflow/dags/JO_dag.py
[2025-10-16T09:10:05.430+0000] {logging_mixin.py:190} INFO - [2025-10-16T09:10:05.430+0000] {dag.py:3239} INFO - Sync 1 DAGs
[2025-10-16T09:10:05.448+0000] {logging_mixin.py:190} INFO - [2025-10-16T09:10:05.448+0000] {dag.py:4180} INFO - Setting next_dagrun for etl_pipeline_JO to 2025-10-16 09:00:00+00:00, run_after=2025-10-16 10:00:00+00:00
[2025-10-16T09:10:05.465+0000] {processor.py:208} INFO - Processing /opt/airflow/dags/JO_dag.py took 0.468 seconds
[2025-10-16T09:10:36.310+0000] {processor.py:186} INFO - Started process (PID=538) to work on /opt/airflow/dags/JO_dag.py
[2025-10-16T09:10:36.311+0000] {processor.py:914} INFO - Processing file /opt/airflow/dags/JO_dag.py for tasks to queue
[2025-10-16T09:10:36.313+0000] {logging_mixin.py:190} INFO - [2025-10-16T09:10:36.312+0000] {dagbag.py:588} INFO - Filling up the DagBag from /opt/airflow/dags/JO_dag.py
[2025-10-16T09:10:36.803+0000] {processor.py:925} INFO - DAG(s) 'etl_pipeline_JO' retrieved from /opt/airflow/dags/JO_dag.py
[2025-10-16T09:10:36.825+0000] {logging_mixin.py:190} INFO - [2025-10-16T09:10:36.825+0000] {dag.py:3239} INFO - Sync 1 DAGs
[2025-10-16T09:10:36.846+0000] {logging_mixin.py:190} INFO - [2025-10-16T09:10:36.846+0000] {dag.py:4180} INFO - Setting next_dagrun for etl_pipeline_JO to 2025-10-16 09:00:00+00:00, run_after=2025-10-16 10:00:00+00:00
[2025-10-16T09:10:36.870+0000] {processor.py:208} INFO - Processing /opt/airflow/dags/JO_dag.py took 0.565 seconds
[2025-10-16T09:11:07.606+0000] {processor.py:186} INFO - Started process (PID=555) to work on /opt/airflow/dags/JO_dag.py
[2025-10-16T09:11:07.607+0000] {processor.py:914} INFO - Processing file /opt/airflow/dags/JO_dag.py for tasks to queue
[2025-10-16T09:11:07.609+0000] {logging_mixin.py:190} INFO - [2025-10-16T09:11:07.609+0000] {dagbag.py:588} INFO - Filling up the DagBag from /opt/airflow/dags/JO_dag.py
[2025-10-16T09:11:08.012+0000] {processor.py:925} INFO - DAG(s) 'etl_pipeline_JO' retrieved from /opt/airflow/dags/JO_dag.py
[2025-10-16T09:11:08.032+0000] {logging_mixin.py:190} INFO - [2025-10-16T09:11:08.031+0000] {dag.py:3239} INFO - Sync 1 DAGs
[2025-10-16T09:11:08.051+0000] {logging_mixin.py:190} INFO - [2025-10-16T09:11:08.051+0000] {dag.py:4180} INFO - Setting next_dagrun for etl_pipeline_JO to 2025-10-16 09:00:00+00:00, run_after=2025-10-16 10:00:00+00:00
[2025-10-16T09:11:08.069+0000] {processor.py:208} INFO - Processing /opt/airflow/dags/JO_dag.py took 0.468 seconds
[2025-10-16T09:11:38.918+0000] {processor.py:186} INFO - Started process (PID=572) to work on /opt/airflow/dags/JO_dag.py
[2025-10-16T09:11:38.919+0000] {processor.py:914} INFO - Processing file /opt/airflow/dags/JO_dag.py for tasks to queue
[2025-10-16T09:11:38.921+0000] {logging_mixin.py:190} INFO - [2025-10-16T09:11:38.921+0000] {dagbag.py:588} INFO - Filling up the DagBag from /opt/airflow/dags/JO_dag.py
[2025-10-16T09:11:39.332+0000] {processor.py:925} INFO - DAG(s) 'etl_pipeline_JO' retrieved from /opt/airflow/dags/JO_dag.py
[2025-10-16T09:11:39.349+0000] {logging_mixin.py:190} INFO - [2025-10-16T09:11:39.348+0000] {dag.py:3239} INFO - Sync 1 DAGs
[2025-10-16T09:11:39.369+0000] {logging_mixin.py:190} INFO - [2025-10-16T09:11:39.369+0000] {dag.py:4180} INFO - Setting next_dagrun for etl_pipeline_JO to 2025-10-16 09:00:00+00:00, run_after=2025-10-16 10:00:00+00:00
[2025-10-16T09:11:39.389+0000] {processor.py:208} INFO - Processing /opt/airflow/dags/JO_dag.py took 0.476 seconds
[2025-10-16T09:12:10.216+0000] {processor.py:186} INFO - Started process (PID=589) to work on /opt/airflow/dags/JO_dag.py
[2025-10-16T09:12:10.217+0000] {processor.py:914} INFO - Processing file /opt/airflow/dags/JO_dag.py for tasks to queue
[2025-10-16T09:12:10.219+0000] {logging_mixin.py:190} INFO - [2025-10-16T09:12:10.218+0000] {dagbag.py:588} INFO - Filling up the DagBag from /opt/airflow/dags/JO_dag.py
[2025-10-16T09:12:10.615+0000] {processor.py:925} INFO - DAG(s) 'etl_pipeline_JO' retrieved from /opt/airflow/dags/JO_dag.py
[2025-10-16T09:12:10.634+0000] {logging_mixin.py:190} INFO - [2025-10-16T09:12:10.633+0000] {dag.py:3239} INFO - Sync 1 DAGs
[2025-10-16T09:12:10.652+0000] {logging_mixin.py:190} INFO - [2025-10-16T09:12:10.652+0000] {dag.py:4180} INFO - Setting next_dagrun for etl_pipeline_JO to 2025-10-16 09:00:00+00:00, run_after=2025-10-16 10:00:00+00:00
[2025-10-16T09:12:10.668+0000] {processor.py:208} INFO - Processing /opt/airflow/dags/JO_dag.py took 0.458 seconds
[2025-10-16T09:12:41.497+0000] {processor.py:186} INFO - Started process (PID=606) to work on /opt/airflow/dags/JO_dag.py
[2025-10-16T09:12:41.498+0000] {processor.py:914} INFO - Processing file /opt/airflow/dags/JO_dag.py for tasks to queue
[2025-10-16T09:12:41.500+0000] {logging_mixin.py:190} INFO - [2025-10-16T09:12:41.499+0000] {dagbag.py:588} INFO - Filling up the DagBag from /opt/airflow/dags/JO_dag.py
[2025-10-16T09:12:41.902+0000] {processor.py:925} INFO - DAG(s) 'etl_pipeline_JO' retrieved from /opt/airflow/dags/JO_dag.py
[2025-10-16T09:12:41.919+0000] {logging_mixin.py:190} INFO - [2025-10-16T09:12:41.919+0000] {dag.py:3239} INFO - Sync 1 DAGs
[2025-10-16T09:12:41.938+0000] {logging_mixin.py:190} INFO - [2025-10-16T09:12:41.937+0000] {dag.py:4180} INFO - Setting next_dagrun for etl_pipeline_JO to 2025-10-16 09:00:00+00:00, run_after=2025-10-16 10:00:00+00:00
[2025-10-16T09:12:41.953+0000] {processor.py:208} INFO - Processing /opt/airflow/dags/JO_dag.py took 0.461 seconds
[2025-10-16T09:13:12.787+0000] {processor.py:186} INFO - Started process (PID=629) to work on /opt/airflow/dags/JO_dag.py
[2025-10-16T09:13:12.787+0000] {processor.py:914} INFO - Processing file /opt/airflow/dags/JO_dag.py for tasks to queue
[2025-10-16T09:13:12.789+0000] {logging_mixin.py:190} INFO - [2025-10-16T09:13:12.789+0000] {dagbag.py:588} INFO - Filling up the DagBag from /opt/airflow/dags/JO_dag.py
[2025-10-16T09:13:13.179+0000] {processor.py:925} INFO - DAG(s) 'etl_pipeline_JO' retrieved from /opt/airflow/dags/JO_dag.py
[2025-10-16T09:13:13.196+0000] {logging_mixin.py:190} INFO - [2025-10-16T09:13:13.195+0000] {dag.py:3239} INFO - Sync 1 DAGs
[2025-10-16T09:13:13.214+0000] {logging_mixin.py:190} INFO - [2025-10-16T09:13:13.214+0000] {dag.py:4180} INFO - Setting next_dagrun for etl_pipeline_JO to 2025-10-16 09:00:00+00:00, run_after=2025-10-16 10:00:00+00:00
[2025-10-16T09:13:13.229+0000] {processor.py:208} INFO - Processing /opt/airflow/dags/JO_dag.py took 0.447 seconds
[2025-10-16T09:13:44.082+0000] {processor.py:186} INFO - Started process (PID=646) to work on /opt/airflow/dags/JO_dag.py
[2025-10-16T09:13:44.083+0000] {processor.py:914} INFO - Processing file /opt/airflow/dags/JO_dag.py for tasks to queue
[2025-10-16T09:13:44.085+0000] {logging_mixin.py:190} INFO - [2025-10-16T09:13:44.085+0000] {dagbag.py:588} INFO - Filling up the DagBag from /opt/airflow/dags/JO_dag.py
[2025-10-16T09:13:44.473+0000] {processor.py:925} INFO - DAG(s) 'etl_pipeline_JO' retrieved from /opt/airflow/dags/JO_dag.py
[2025-10-16T09:13:44.491+0000] {logging_mixin.py:190} INFO - [2025-10-16T09:13:44.490+0000] {dag.py:3239} INFO - Sync 1 DAGs
[2025-10-16T09:13:44.510+0000] {logging_mixin.py:190} INFO - [2025-10-16T09:13:44.509+0000] {dag.py:4180} INFO - Setting next_dagrun for etl_pipeline_JO to 2025-10-16 09:00:00+00:00, run_after=2025-10-16 10:00:00+00:00
[2025-10-16T09:13:44.525+0000] {processor.py:208} INFO - Processing /opt/airflow/dags/JO_dag.py took 0.448 seconds
[2025-10-16T09:14:15.379+0000] {processor.py:186} INFO - Started process (PID=663) to work on /opt/airflow/dags/JO_dag.py
[2025-10-16T09:14:15.380+0000] {processor.py:914} INFO - Processing file /opt/airflow/dags/JO_dag.py for tasks to queue
[2025-10-16T09:14:15.382+0000] {logging_mixin.py:190} INFO - [2025-10-16T09:14:15.382+0000] {dagbag.py:588} INFO - Filling up the DagBag from /opt/airflow/dags/JO_dag.py
[2025-10-16T09:14:15.792+0000] {processor.py:925} INFO - DAG(s) 'etl_pipeline_JO' retrieved from /opt/airflow/dags/JO_dag.py
[2025-10-16T09:14:15.815+0000] {logging_mixin.py:190} INFO - [2025-10-16T09:14:15.815+0000] {dag.py:3239} INFO - Sync 1 DAGs
[2025-10-16T09:14:15.837+0000] {logging_mixin.py:190} INFO - [2025-10-16T09:14:15.837+0000] {dag.py:4180} INFO - Setting next_dagrun for etl_pipeline_JO to 2025-10-16 09:00:00+00:00, run_after=2025-10-16 10:00:00+00:00
[2025-10-16T09:14:15.859+0000] {processor.py:208} INFO - Processing /opt/airflow/dags/JO_dag.py took 0.485 seconds
[2025-10-16T09:14:46.676+0000] {processor.py:186} INFO - Started process (PID=680) to work on /opt/airflow/dags/JO_dag.py
[2025-10-16T09:14:46.677+0000] {processor.py:914} INFO - Processing file /opt/airflow/dags/JO_dag.py for tasks to queue
[2025-10-16T09:14:46.680+0000] {logging_mixin.py:190} INFO - [2025-10-16T09:14:46.679+0000] {dagbag.py:588} INFO - Filling up the DagBag from /opt/airflow/dags/JO_dag.py
[2025-10-16T09:14:47.156+0000] {processor.py:925} INFO - DAG(s) 'etl_pipeline_JO' retrieved from /opt/airflow/dags/JO_dag.py
[2025-10-16T09:14:47.174+0000] {logging_mixin.py:190} INFO - [2025-10-16T09:14:47.174+0000] {dag.py:3239} INFO - Sync 1 DAGs
[2025-10-16T09:14:47.195+0000] {logging_mixin.py:190} INFO - [2025-10-16T09:14:47.195+0000] {dag.py:4180} INFO - Setting next_dagrun for etl_pipeline_JO to 2025-10-16 09:00:00+00:00, run_after=2025-10-16 10:00:00+00:00
[2025-10-16T09:14:47.212+0000] {processor.py:208} INFO - Processing /opt/airflow/dags/JO_dag.py took 0.541 seconds
[2025-10-16T09:15:18.000+0000] {processor.py:186} INFO - Started process (PID=697) to work on /opt/airflow/dags/JO_dag.py
[2025-10-16T09:15:18.001+0000] {processor.py:914} INFO - Processing file /opt/airflow/dags/JO_dag.py for tasks to queue
[2025-10-16T09:15:18.003+0000] {logging_mixin.py:190} INFO - [2025-10-16T09:15:18.003+0000] {dagbag.py:588} INFO - Filling up the DagBag from /opt/airflow/dags/JO_dag.py
[2025-10-16T09:15:18.441+0000] {processor.py:925} INFO - DAG(s) 'etl_pipeline_JO' retrieved from /opt/airflow/dags/JO_dag.py
[2025-10-16T09:15:18.459+0000] {logging_mixin.py:190} INFO - [2025-10-16T09:15:18.459+0000] {dag.py:3239} INFO - Sync 1 DAGs
[2025-10-16T09:15:18.479+0000] {logging_mixin.py:190} INFO - [2025-10-16T09:15:18.479+0000] {dag.py:4180} INFO - Setting next_dagrun for etl_pipeline_JO to 2025-10-16 09:00:00+00:00, run_after=2025-10-16 10:00:00+00:00
[2025-10-16T09:15:18.495+0000] {processor.py:208} INFO - Processing /opt/airflow/dags/JO_dag.py took 0.500 seconds
[2025-10-16T09:15:49.255+0000] {processor.py:186} INFO - Started process (PID=714) to work on /opt/airflow/dags/JO_dag.py
[2025-10-16T09:15:49.256+0000] {processor.py:914} INFO - Processing file /opt/airflow/dags/JO_dag.py for tasks to queue
[2025-10-16T09:15:49.258+0000] {logging_mixin.py:190} INFO - [2025-10-16T09:15:49.258+0000] {dagbag.py:588} INFO - Filling up the DagBag from /opt/airflow/dags/JO_dag.py
[2025-10-16T09:15:49.683+0000] {processor.py:925} INFO - DAG(s) 'etl_pipeline_JO' retrieved from /opt/airflow/dags/JO_dag.py
[2025-10-16T09:15:49.700+0000] {logging_mixin.py:190} INFO - [2025-10-16T09:15:49.699+0000] {dag.py:3239} INFO - Sync 1 DAGs
[2025-10-16T09:15:49.718+0000] {logging_mixin.py:190} INFO - [2025-10-16T09:15:49.718+0000] {dag.py:4180} INFO - Setting next_dagrun for etl_pipeline_JO to 2025-10-16 09:00:00+00:00, run_after=2025-10-16 10:00:00+00:00
[2025-10-16T09:15:49.735+0000] {processor.py:208} INFO - Processing /opt/airflow/dags/JO_dag.py took 0.486 seconds
[2025-10-16T09:16:20.541+0000] {processor.py:186} INFO - Started process (PID=731) to work on /opt/airflow/dags/JO_dag.py
[2025-10-16T09:16:20.542+0000] {processor.py:914} INFO - Processing file /opt/airflow/dags/JO_dag.py for tasks to queue
[2025-10-16T09:16:20.543+0000] {logging_mixin.py:190} INFO - [2025-10-16T09:16:20.543+0000] {dagbag.py:588} INFO - Filling up the DagBag from /opt/airflow/dags/JO_dag.py
[2025-10-16T09:16:20.933+0000] {processor.py:925} INFO - DAG(s) 'etl_pipeline_JO' retrieved from /opt/airflow/dags/JO_dag.py
[2025-10-16T09:16:20.950+0000] {logging_mixin.py:190} INFO - [2025-10-16T09:16:20.949+0000] {dag.py:3239} INFO - Sync 1 DAGs
[2025-10-16T09:16:20.968+0000] {logging_mixin.py:190} INFO - [2025-10-16T09:16:20.967+0000] {dag.py:4180} INFO - Setting next_dagrun for etl_pipeline_JO to 2025-10-16 09:00:00+00:00, run_after=2025-10-16 10:00:00+00:00
[2025-10-16T09:16:20.987+0000] {processor.py:208} INFO - Processing /opt/airflow/dags/JO_dag.py took 0.451 seconds
[2025-10-16T09:16:51.815+0000] {processor.py:186} INFO - Started process (PID=748) to work on /opt/airflow/dags/JO_dag.py
[2025-10-16T09:16:51.816+0000] {processor.py:914} INFO - Processing file /opt/airflow/dags/JO_dag.py for tasks to queue
[2025-10-16T09:16:51.818+0000] {logging_mixin.py:190} INFO - [2025-10-16T09:16:51.818+0000] {dagbag.py:588} INFO - Filling up the DagBag from /opt/airflow/dags/JO_dag.py
[2025-10-16T09:16:52.251+0000] {processor.py:925} INFO - DAG(s) 'etl_pipeline_JO' retrieved from /opt/airflow/dags/JO_dag.py
[2025-10-16T09:16:52.268+0000] {logging_mixin.py:190} INFO - [2025-10-16T09:16:52.268+0000] {dag.py:3239} INFO - Sync 1 DAGs
[2025-10-16T09:16:52.287+0000] {logging_mixin.py:190} INFO - [2025-10-16T09:16:52.287+0000] {dag.py:4180} INFO - Setting next_dagrun for etl_pipeline_JO to 2025-10-16 09:00:00+00:00, run_after=2025-10-16 10:00:00+00:00
[2025-10-16T09:16:52.303+0000] {processor.py:208} INFO - Processing /opt/airflow/dags/JO_dag.py took 0.495 seconds
[2025-10-16T09:17:23.089+0000] {processor.py:186} INFO - Started process (PID=765) to work on /opt/airflow/dags/JO_dag.py
[2025-10-16T09:17:23.090+0000] {processor.py:914} INFO - Processing file /opt/airflow/dags/JO_dag.py for tasks to queue
[2025-10-16T09:17:23.092+0000] {logging_mixin.py:190} INFO - [2025-10-16T09:17:23.091+0000] {dagbag.py:588} INFO - Filling up the DagBag from /opt/airflow/dags/JO_dag.py
[2025-10-16T09:17:23.501+0000] {processor.py:925} INFO - DAG(s) 'etl_pipeline_JO' retrieved from /opt/airflow/dags/JO_dag.py
[2025-10-16T09:17:23.519+0000] {logging_mixin.py:190} INFO - [2025-10-16T09:17:23.519+0000] {dag.py:3239} INFO - Sync 1 DAGs
[2025-10-16T09:17:23.540+0000] {logging_mixin.py:190} INFO - [2025-10-16T09:17:23.540+0000] {dag.py:4180} INFO - Setting next_dagrun for etl_pipeline_JO to 2025-10-16 09:00:00+00:00, run_after=2025-10-16 10:00:00+00:00
[2025-10-16T09:17:23.555+0000] {processor.py:208} INFO - Processing /opt/airflow/dags/JO_dag.py took 0.471 seconds
[2025-10-16T09:17:54.412+0000] {processor.py:186} INFO - Started process (PID=782) to work on /opt/airflow/dags/JO_dag.py
[2025-10-16T09:17:54.412+0000] {processor.py:914} INFO - Processing file /opt/airflow/dags/JO_dag.py for tasks to queue
[2025-10-16T09:17:54.415+0000] {logging_mixin.py:190} INFO - [2025-10-16T09:17:54.415+0000] {dagbag.py:588} INFO - Filling up the DagBag from /opt/airflow/dags/JO_dag.py
[2025-10-16T09:17:54.817+0000] {processor.py:925} INFO - DAG(s) 'etl_pipeline_JO' retrieved from /opt/airflow/dags/JO_dag.py
[2025-10-16T09:17:54.837+0000] {logging_mixin.py:190} INFO - [2025-10-16T09:17:54.836+0000] {dag.py:3239} INFO - Sync 1 DAGs
[2025-10-16T09:17:54.858+0000] {logging_mixin.py:190} INFO - [2025-10-16T09:17:54.858+0000] {dag.py:4180} INFO - Setting next_dagrun for etl_pipeline_JO to 2025-10-16 09:00:00+00:00, run_after=2025-10-16 10:00:00+00:00
[2025-10-16T09:17:54.872+0000] {processor.py:208} INFO - Processing /opt/airflow/dags/JO_dag.py took 0.465 seconds
[2025-10-16T09:18:25.726+0000] {processor.py:186} INFO - Started process (PID=804) to work on /opt/airflow/dags/JO_dag.py
[2025-10-16T09:18:25.727+0000] {processor.py:914} INFO - Processing file /opt/airflow/dags/JO_dag.py for tasks to queue
[2025-10-16T09:18:25.729+0000] {logging_mixin.py:190} INFO - [2025-10-16T09:18:25.729+0000] {dagbag.py:588} INFO - Filling up the DagBag from /opt/airflow/dags/JO_dag.py
[2025-10-16T09:18:26.129+0000] {processor.py:925} INFO - DAG(s) 'etl_pipeline_JO' retrieved from /opt/airflow/dags/JO_dag.py
[2025-10-16T09:18:26.147+0000] {logging_mixin.py:190} INFO - [2025-10-16T09:18:26.146+0000] {dag.py:3239} INFO - Sync 1 DAGs
[2025-10-16T09:18:26.164+0000] {logging_mixin.py:190} INFO - [2025-10-16T09:18:26.164+0000] {dag.py:4180} INFO - Setting next_dagrun for etl_pipeline_JO to 2025-10-16 09:00:00+00:00, run_after=2025-10-16 10:00:00+00:00
[2025-10-16T09:18:26.181+0000] {processor.py:208} INFO - Processing /opt/airflow/dags/JO_dag.py took 0.459 seconds
[2025-10-16T09:18:57.042+0000] {processor.py:186} INFO - Started process (PID=821) to work on /opt/airflow/dags/JO_dag.py
[2025-10-16T09:18:57.044+0000] {processor.py:914} INFO - Processing file /opt/airflow/dags/JO_dag.py for tasks to queue
[2025-10-16T09:18:57.047+0000] {logging_mixin.py:190} INFO - [2025-10-16T09:18:57.046+0000] {dagbag.py:588} INFO - Filling up the DagBag from /opt/airflow/dags/JO_dag.py
[2025-10-16T09:18:57.515+0000] {processor.py:925} INFO - DAG(s) 'etl_pipeline_JO' retrieved from /opt/airflow/dags/JO_dag.py
[2025-10-16T09:18:57.534+0000] {logging_mixin.py:190} INFO - [2025-10-16T09:18:57.534+0000] {dag.py:3239} INFO - Sync 1 DAGs
[2025-10-16T09:18:57.554+0000] {logging_mixin.py:190} INFO - [2025-10-16T09:18:57.554+0000] {dag.py:4180} INFO - Setting next_dagrun for etl_pipeline_JO to 2025-10-16 09:00:00+00:00, run_after=2025-10-16 10:00:00+00:00
[2025-10-16T09:18:57.571+0000] {processor.py:208} INFO - Processing /opt/airflow/dags/JO_dag.py took 0.536 seconds
[2025-10-16T09:19:28.361+0000] {processor.py:186} INFO - Started process (PID=838) to work on /opt/airflow/dags/JO_dag.py
[2025-10-16T09:19:28.362+0000] {processor.py:914} INFO - Processing file /opt/airflow/dags/JO_dag.py for tasks to queue
[2025-10-16T09:19:28.364+0000] {logging_mixin.py:190} INFO - [2025-10-16T09:19:28.364+0000] {dagbag.py:588} INFO - Filling up the DagBag from /opt/airflow/dags/JO_dag.py
[2025-10-16T09:19:28.756+0000] {processor.py:925} INFO - DAG(s) 'etl_pipeline_JO' retrieved from /opt/airflow/dags/JO_dag.py
[2025-10-16T09:19:28.774+0000] {logging_mixin.py:190} INFO - [2025-10-16T09:19:28.774+0000] {dag.py:3239} INFO - Sync 1 DAGs
[2025-10-16T09:19:28.791+0000] {logging_mixin.py:190} INFO - [2025-10-16T09:19:28.791+0000] {dag.py:4180} INFO - Setting next_dagrun for etl_pipeline_JO to 2025-10-16 09:00:00+00:00, run_after=2025-10-16 10:00:00+00:00
[2025-10-16T09:19:28.806+0000] {processor.py:208} INFO - Processing /opt/airflow/dags/JO_dag.py took 0.451 seconds
[2025-10-16T09:19:59.652+0000] {processor.py:186} INFO - Started process (PID=855) to work on /opt/airflow/dags/JO_dag.py
[2025-10-16T09:19:59.653+0000] {processor.py:914} INFO - Processing file /opt/airflow/dags/JO_dag.py for tasks to queue
[2025-10-16T09:19:59.655+0000] {logging_mixin.py:190} INFO - [2025-10-16T09:19:59.655+0000] {dagbag.py:588} INFO - Filling up the DagBag from /opt/airflow/dags/JO_dag.py
[2025-10-16T09:20:00.068+0000] {processor.py:925} INFO - DAG(s) 'etl_pipeline_JO' retrieved from /opt/airflow/dags/JO_dag.py
[2025-10-16T09:20:00.086+0000] {logging_mixin.py:190} INFO - [2025-10-16T09:20:00.085+0000] {dag.py:3239} INFO - Sync 1 DAGs
[2025-10-16T09:20:00.104+0000] {logging_mixin.py:190} INFO - [2025-10-16T09:20:00.104+0000] {dag.py:4180} INFO - Setting next_dagrun for etl_pipeline_JO to 2025-10-16 09:00:00+00:00, run_after=2025-10-16 10:00:00+00:00
[2025-10-16T09:20:00.123+0000] {processor.py:208} INFO - Processing /opt/airflow/dags/JO_dag.py took 0.476 seconds
[2025-10-16T09:20:30.955+0000] {processor.py:186} INFO - Started process (PID=872) to work on /opt/airflow/dags/JO_dag.py
[2025-10-16T09:20:30.956+0000] {processor.py:914} INFO - Processing file /opt/airflow/dags/JO_dag.py for tasks to queue
[2025-10-16T09:20:30.958+0000] {logging_mixin.py:190} INFO - [2025-10-16T09:20:30.958+0000] {dagbag.py:588} INFO - Filling up the DagBag from /opt/airflow/dags/JO_dag.py
[2025-10-16T09:20:31.367+0000] {processor.py:925} INFO - DAG(s) 'etl_pipeline_JO' retrieved from /opt/airflow/dags/JO_dag.py
[2025-10-16T09:20:31.384+0000] {logging_mixin.py:190} INFO - [2025-10-16T09:20:31.383+0000] {dag.py:3239} INFO - Sync 1 DAGs
[2025-10-16T09:20:31.402+0000] {logging_mixin.py:190} INFO - [2025-10-16T09:20:31.402+0000] {dag.py:4180} INFO - Setting next_dagrun for etl_pipeline_JO to 2025-10-16 09:00:00+00:00, run_after=2025-10-16 10:00:00+00:00
[2025-10-16T09:20:31.416+0000] {processor.py:208} INFO - Processing /opt/airflow/dags/JO_dag.py took 0.466 seconds
[2025-10-16T09:21:02.261+0000] {processor.py:186} INFO - Started process (PID=889) to work on /opt/airflow/dags/JO_dag.py
[2025-10-16T09:21:02.262+0000] {processor.py:914} INFO - Processing file /opt/airflow/dags/JO_dag.py for tasks to queue
[2025-10-16T09:21:02.264+0000] {logging_mixin.py:190} INFO - [2025-10-16T09:21:02.263+0000] {dagbag.py:588} INFO - Filling up the DagBag from /opt/airflow/dags/JO_dag.py
[2025-10-16T09:21:02.746+0000] {processor.py:925} INFO - DAG(s) 'etl_pipeline_JO' retrieved from /opt/airflow/dags/JO_dag.py
[2025-10-16T09:21:02.766+0000] {logging_mixin.py:190} INFO - [2025-10-16T09:21:02.765+0000] {dag.py:3239} INFO - Sync 1 DAGs
[2025-10-16T09:21:02.786+0000] {logging_mixin.py:190} INFO - [2025-10-16T09:21:02.785+0000] {dag.py:4180} INFO - Setting next_dagrun for etl_pipeline_JO to 2025-10-16 09:00:00+00:00, run_after=2025-10-16 10:00:00+00:00
[2025-10-16T09:21:02.804+0000] {processor.py:208} INFO - Processing /opt/airflow/dags/JO_dag.py took 0.549 seconds
[2025-10-16T09:21:33.574+0000] {processor.py:186} INFO - Started process (PID=906) to work on /opt/airflow/dags/JO_dag.py
[2025-10-16T09:21:33.575+0000] {processor.py:914} INFO - Processing file /opt/airflow/dags/JO_dag.py for tasks to queue
[2025-10-16T09:21:33.578+0000] {logging_mixin.py:190} INFO - [2025-10-16T09:21:33.577+0000] {dagbag.py:588} INFO - Filling up the DagBag from /opt/airflow/dags/JO_dag.py
[2025-10-16T09:21:33.999+0000] {processor.py:925} INFO - DAG(s) 'etl_pipeline_JO' retrieved from /opt/airflow/dags/JO_dag.py
[2025-10-16T09:21:34.018+0000] {logging_mixin.py:190} INFO - [2025-10-16T09:21:34.018+0000] {dag.py:3239} INFO - Sync 1 DAGs
[2025-10-16T09:21:34.036+0000] {logging_mixin.py:190} INFO - [2025-10-16T09:21:34.036+0000] {dag.py:4180} INFO - Setting next_dagrun for etl_pipeline_JO to 2025-10-16 09:00:00+00:00, run_after=2025-10-16 10:00:00+00:00
[2025-10-16T09:21:34.051+0000] {processor.py:208} INFO - Processing /opt/airflow/dags/JO_dag.py took 0.482 seconds
[2025-10-16T09:22:04.857+0000] {processor.py:186} INFO - Started process (PID=923) to work on /opt/airflow/dags/JO_dag.py
[2025-10-16T09:22:04.858+0000] {processor.py:914} INFO - Processing file /opt/airflow/dags/JO_dag.py for tasks to queue
[2025-10-16T09:22:04.861+0000] {logging_mixin.py:190} INFO - [2025-10-16T09:22:04.860+0000] {dagbag.py:588} INFO - Filling up the DagBag from /opt/airflow/dags/JO_dag.py
[2025-10-16T09:22:05.281+0000] {processor.py:925} INFO - DAG(s) 'etl_pipeline_JO' retrieved from /opt/airflow/dags/JO_dag.py
[2025-10-16T09:22:05.299+0000] {logging_mixin.py:190} INFO - [2025-10-16T09:22:05.298+0000] {dag.py:3239} INFO - Sync 1 DAGs
[2025-10-16T09:22:05.317+0000] {logging_mixin.py:190} INFO - [2025-10-16T09:22:05.317+0000] {dag.py:4180} INFO - Setting next_dagrun for etl_pipeline_JO to 2025-10-16 09:00:00+00:00, run_after=2025-10-16 10:00:00+00:00
[2025-10-16T09:22:05.336+0000] {processor.py:208} INFO - Processing /opt/airflow/dags/JO_dag.py took 0.484 seconds
[2025-10-16T09:22:36.180+0000] {processor.py:186} INFO - Started process (PID=940) to work on /opt/airflow/dags/JO_dag.py
[2025-10-16T09:22:36.181+0000] {processor.py:914} INFO - Processing file /opt/airflow/dags/JO_dag.py for tasks to queue
[2025-10-16T09:22:36.183+0000] {logging_mixin.py:190} INFO - [2025-10-16T09:22:36.183+0000] {dagbag.py:588} INFO - Filling up the DagBag from /opt/airflow/dags/JO_dag.py
[2025-10-16T09:22:36.577+0000] {processor.py:925} INFO - DAG(s) 'etl_pipeline_JO' retrieved from /opt/airflow/dags/JO_dag.py
[2025-10-16T09:22:36.600+0000] {logging_mixin.py:190} INFO - [2025-10-16T09:22:36.599+0000] {dag.py:3239} INFO - Sync 1 DAGs
[2025-10-16T09:22:36.630+0000] {logging_mixin.py:190} INFO - [2025-10-16T09:22:36.630+0000] {dag.py:4180} INFO - Setting next_dagrun for etl_pipeline_JO to 2025-10-16 09:00:00+00:00, run_after=2025-10-16 10:00:00+00:00
[2025-10-16T09:22:36.657+0000] {processor.py:208} INFO - Processing /opt/airflow/dags/JO_dag.py took 0.482 seconds
[2025-10-16T09:23:07.579+0000] {processor.py:186} INFO - Started process (PID=957) to work on /opt/airflow/dags/JO_dag.py
[2025-10-16T09:23:07.580+0000] {processor.py:914} INFO - Processing file /opt/airflow/dags/JO_dag.py for tasks to queue
[2025-10-16T09:23:07.582+0000] {logging_mixin.py:190} INFO - [2025-10-16T09:23:07.581+0000] {dagbag.py:588} INFO - Filling up the DagBag from /opt/airflow/dags/JO_dag.py
[2025-10-16T09:23:08.005+0000] {processor.py:925} INFO - DAG(s) 'etl_pipeline_JO' retrieved from /opt/airflow/dags/JO_dag.py
[2025-10-16T09:23:08.026+0000] {logging_mixin.py:190} INFO - [2025-10-16T09:23:08.026+0000] {dag.py:3239} INFO - Sync 1 DAGs
[2025-10-16T09:23:08.046+0000] {logging_mixin.py:190} INFO - [2025-10-16T09:23:08.046+0000] {dag.py:4180} INFO - Setting next_dagrun for etl_pipeline_JO to 2025-10-16 09:00:00+00:00, run_after=2025-10-16 10:00:00+00:00
[2025-10-16T09:23:08.064+0000] {processor.py:208} INFO - Processing /opt/airflow/dags/JO_dag.py took 0.490 seconds
[2025-10-16T09:23:38.873+0000] {processor.py:186} INFO - Started process (PID=974) to work on /opt/airflow/dags/JO_dag.py
[2025-10-16T09:23:38.873+0000] {processor.py:914} INFO - Processing file /opt/airflow/dags/JO_dag.py for tasks to queue
[2025-10-16T09:23:38.875+0000] {logging_mixin.py:190} INFO - [2025-10-16T09:23:38.875+0000] {dagbag.py:588} INFO - Filling up the DagBag from /opt/airflow/dags/JO_dag.py
[2025-10-16T09:23:39.284+0000] {processor.py:925} INFO - DAG(s) 'etl_pipeline_JO' retrieved from /opt/airflow/dags/JO_dag.py
[2025-10-16T09:23:39.301+0000] {logging_mixin.py:190} INFO - [2025-10-16T09:23:39.301+0000] {dag.py:3239} INFO - Sync 1 DAGs
[2025-10-16T09:23:39.322+0000] {logging_mixin.py:190} INFO - [2025-10-16T09:23:39.322+0000] {dag.py:4180} INFO - Setting next_dagrun for etl_pipeline_JO to 2025-10-16 09:00:00+00:00, run_after=2025-10-16 10:00:00+00:00
[2025-10-16T09:23:39.342+0000] {processor.py:208} INFO - Processing /opt/airflow/dags/JO_dag.py took 0.474 seconds
[2025-10-16T09:24:10.192+0000] {processor.py:186} INFO - Started process (PID=991) to work on /opt/airflow/dags/JO_dag.py
[2025-10-16T09:24:10.193+0000] {processor.py:914} INFO - Processing file /opt/airflow/dags/JO_dag.py for tasks to queue
[2025-10-16T09:24:10.195+0000] {logging_mixin.py:190} INFO - [2025-10-16T09:24:10.195+0000] {dagbag.py:588} INFO - Filling up the DagBag from /opt/airflow/dags/JO_dag.py
[2025-10-16T09:24:10.620+0000] {processor.py:925} INFO - DAG(s) 'etl_pipeline_JO' retrieved from /opt/airflow/dags/JO_dag.py
[2025-10-16T09:24:10.636+0000] {logging_mixin.py:190} INFO - [2025-10-16T09:24:10.636+0000] {dag.py:3239} INFO - Sync 1 DAGs
[2025-10-16T09:24:10.656+0000] {logging_mixin.py:190} INFO - [2025-10-16T09:24:10.656+0000] {dag.py:4180} INFO - Setting next_dagrun for etl_pipeline_JO to 2025-10-16 09:00:00+00:00, run_after=2025-10-16 10:00:00+00:00
[2025-10-16T09:24:10.676+0000] {processor.py:208} INFO - Processing /opt/airflow/dags/JO_dag.py took 0.490 seconds
[2025-10-16T09:24:41.469+0000] {processor.py:186} INFO - Started process (PID=1009) to work on /opt/airflow/dags/JO_dag.py
[2025-10-16T09:24:41.470+0000] {processor.py:914} INFO - Processing file /opt/airflow/dags/JO_dag.py for tasks to queue
[2025-10-16T09:24:41.472+0000] {logging_mixin.py:190} INFO - [2025-10-16T09:24:41.472+0000] {dagbag.py:588} INFO - Filling up the DagBag from /opt/airflow/dags/JO_dag.py
[2025-10-16T09:24:41.876+0000] {processor.py:925} INFO - DAG(s) 'etl_pipeline_JO' retrieved from /opt/airflow/dags/JO_dag.py
[2025-10-16T09:24:41.895+0000] {logging_mixin.py:190} INFO - [2025-10-16T09:24:41.894+0000] {dag.py:3239} INFO - Sync 1 DAGs
[2025-10-16T09:24:41.914+0000] {logging_mixin.py:190} INFO - [2025-10-16T09:24:41.914+0000] {dag.py:4180} INFO - Setting next_dagrun for etl_pipeline_JO to 2025-10-16 09:00:00+00:00, run_after=2025-10-16 10:00:00+00:00
[2025-10-16T09:24:41.932+0000] {processor.py:208} INFO - Processing /opt/airflow/dags/JO_dag.py took 0.468 seconds
[2025-10-16T09:25:12.760+0000] {processor.py:186} INFO - Started process (PID=1032) to work on /opt/airflow/dags/JO_dag.py
[2025-10-16T09:25:12.761+0000] {processor.py:914} INFO - Processing file /opt/airflow/dags/JO_dag.py for tasks to queue
[2025-10-16T09:25:12.763+0000] {logging_mixin.py:190} INFO - [2025-10-16T09:25:12.762+0000] {dagbag.py:588} INFO - Filling up the DagBag from /opt/airflow/dags/JO_dag.py
[2025-10-16T09:25:13.153+0000] {processor.py:925} INFO - DAG(s) 'etl_pipeline_JO' retrieved from /opt/airflow/dags/JO_dag.py
[2025-10-16T09:25:13.171+0000] {logging_mixin.py:190} INFO - [2025-10-16T09:25:13.171+0000] {dag.py:3239} INFO - Sync 1 DAGs
[2025-10-16T09:25:13.190+0000] {logging_mixin.py:190} INFO - [2025-10-16T09:25:13.190+0000] {dag.py:4180} INFO - Setting next_dagrun for etl_pipeline_JO to 2025-10-16 09:00:00+00:00, run_after=2025-10-16 10:00:00+00:00
[2025-10-16T09:25:13.214+0000] {processor.py:208} INFO - Processing /opt/airflow/dags/JO_dag.py took 0.459 seconds
[2025-10-16T09:25:44.055+0000] {processor.py:186} INFO - Started process (PID=1049) to work on /opt/airflow/dags/JO_dag.py
[2025-10-16T09:25:44.056+0000] {processor.py:914} INFO - Processing file /opt/airflow/dags/JO_dag.py for tasks to queue
[2025-10-16T09:25:44.057+0000] {logging_mixin.py:190} INFO - [2025-10-16T09:25:44.057+0000] {dagbag.py:588} INFO - Filling up the DagBag from /opt/airflow/dags/JO_dag.py
[2025-10-16T09:25:44.462+0000] {processor.py:925} INFO - DAG(s) 'etl_pipeline_JO' retrieved from /opt/airflow/dags/JO_dag.py
[2025-10-16T09:25:44.478+0000] {logging_mixin.py:190} INFO - [2025-10-16T09:25:44.478+0000] {dag.py:3239} INFO - Sync 1 DAGs
[2025-10-16T09:25:44.495+0000] {logging_mixin.py:190} INFO - [2025-10-16T09:25:44.495+0000] {dag.py:4180} INFO - Setting next_dagrun for etl_pipeline_JO to 2025-10-16 09:00:00+00:00, run_after=2025-10-16 10:00:00+00:00
[2025-10-16T09:25:44.510+0000] {processor.py:208} INFO - Processing /opt/airflow/dags/JO_dag.py took 0.460 seconds
[2025-10-16T09:26:15.340+0000] {processor.py:186} INFO - Started process (PID=1066) to work on /opt/airflow/dags/JO_dag.py
[2025-10-16T09:26:15.341+0000] {processor.py:914} INFO - Processing file /opt/airflow/dags/JO_dag.py for tasks to queue
[2025-10-16T09:26:15.343+0000] {logging_mixin.py:190} INFO - [2025-10-16T09:26:15.343+0000] {dagbag.py:588} INFO - Filling up the DagBag from /opt/airflow/dags/JO_dag.py
[2025-10-16T09:26:15.745+0000] {processor.py:925} INFO - DAG(s) 'etl_pipeline_JO' retrieved from /opt/airflow/dags/JO_dag.py
[2025-10-16T09:26:15.762+0000] {logging_mixin.py:190} INFO - [2025-10-16T09:26:15.761+0000] {dag.py:3239} INFO - Sync 1 DAGs
[2025-10-16T09:26:15.779+0000] {logging_mixin.py:190} INFO - [2025-10-16T09:26:15.779+0000] {dag.py:4180} INFO - Setting next_dagrun for etl_pipeline_JO to 2025-10-16 09:00:00+00:00, run_after=2025-10-16 10:00:00+00:00
[2025-10-16T09:26:15.799+0000] {processor.py:208} INFO - Processing /opt/airflow/dags/JO_dag.py took 0.464 seconds
[2025-10-16T09:26:46.643+0000] {processor.py:186} INFO - Started process (PID=1083) to work on /opt/airflow/dags/JO_dag.py
[2025-10-16T09:26:46.644+0000] {processor.py:914} INFO - Processing file /opt/airflow/dags/JO_dag.py for tasks to queue
[2025-10-16T09:26:46.646+0000] {logging_mixin.py:190} INFO - [2025-10-16T09:26:46.646+0000] {dagbag.py:588} INFO - Filling up the DagBag from /opt/airflow/dags/JO_dag.py
[2025-10-16T09:26:47.055+0000] {processor.py:925} INFO - DAG(s) 'etl_pipeline_JO' retrieved from /opt/airflow/dags/JO_dag.py
[2025-10-16T09:26:47.073+0000] {logging_mixin.py:190} INFO - [2025-10-16T09:26:47.072+0000] {dag.py:3239} INFO - Sync 1 DAGs
[2025-10-16T09:26:47.092+0000] {logging_mixin.py:190} INFO - [2025-10-16T09:26:47.092+0000] {dag.py:4180} INFO - Setting next_dagrun for etl_pipeline_JO to 2025-10-16 09:00:00+00:00, run_after=2025-10-16 10:00:00+00:00
[2025-10-16T09:26:47.109+0000] {processor.py:208} INFO - Processing /opt/airflow/dags/JO_dag.py took 0.471 seconds
[2025-10-16T09:27:17.926+0000] {processor.py:186} INFO - Started process (PID=1100) to work on /opt/airflow/dags/JO_dag.py
[2025-10-16T09:27:17.927+0000] {processor.py:914} INFO - Processing file /opt/airflow/dags/JO_dag.py for tasks to queue
[2025-10-16T09:27:17.929+0000] {logging_mixin.py:190} INFO - [2025-10-16T09:27:17.929+0000] {dagbag.py:588} INFO - Filling up the DagBag from /opt/airflow/dags/JO_dag.py
[2025-10-16T09:27:18.329+0000] {processor.py:925} INFO - DAG(s) 'etl_pipeline_JO' retrieved from /opt/airflow/dags/JO_dag.py
[2025-10-16T09:27:18.351+0000] {logging_mixin.py:190} INFO - [2025-10-16T09:27:18.350+0000] {dag.py:3239} INFO - Sync 1 DAGs
[2025-10-16T09:27:18.372+0000] {logging_mixin.py:190} INFO - [2025-10-16T09:27:18.372+0000] {dag.py:4180} INFO - Setting next_dagrun for etl_pipeline_JO to 2025-10-16 09:00:00+00:00, run_after=2025-10-16 10:00:00+00:00
[2025-10-16T09:27:18.390+0000] {processor.py:208} INFO - Processing /opt/airflow/dags/JO_dag.py took 0.470 seconds
[2025-10-16T09:27:49.250+0000] {processor.py:186} INFO - Started process (PID=1118) to work on /opt/airflow/dags/JO_dag.py
[2025-10-16T09:27:49.251+0000] {processor.py:914} INFO - Processing file /opt/airflow/dags/JO_dag.py for tasks to queue
[2025-10-16T09:27:49.253+0000] {logging_mixin.py:190} INFO - [2025-10-16T09:27:49.253+0000] {dagbag.py:588} INFO - Filling up the DagBag from /opt/airflow/dags/JO_dag.py
[2025-10-16T09:27:49.671+0000] {processor.py:925} INFO - DAG(s) 'etl_pipeline_JO' retrieved from /opt/airflow/dags/JO_dag.py
[2025-10-16T09:27:49.690+0000] {logging_mixin.py:190} INFO - [2025-10-16T09:27:49.690+0000] {dag.py:3239} INFO - Sync 1 DAGs
[2025-10-16T09:27:49.709+0000] {logging_mixin.py:190} INFO - [2025-10-16T09:27:49.708+0000] {dag.py:4180} INFO - Setting next_dagrun for etl_pipeline_JO to 2025-10-16 09:00:00+00:00, run_after=2025-10-16 10:00:00+00:00
[2025-10-16T09:27:49.723+0000] {processor.py:208} INFO - Processing /opt/airflow/dags/JO_dag.py took 0.478 seconds
[2025-10-16T09:28:20.493+0000] {processor.py:186} INFO - Started process (PID=1135) to work on /opt/airflow/dags/JO_dag.py
[2025-10-16T09:28:20.495+0000] {processor.py:914} INFO - Processing file /opt/airflow/dags/JO_dag.py for tasks to queue
[2025-10-16T09:28:20.497+0000] {logging_mixin.py:190} INFO - [2025-10-16T09:28:20.496+0000] {dagbag.py:588} INFO - Filling up the DagBag from /opt/airflow/dags/JO_dag.py
[2025-10-16T09:28:20.903+0000] {processor.py:925} INFO - DAG(s) 'etl_pipeline_JO' retrieved from /opt/airflow/dags/JO_dag.py
[2025-10-16T09:28:20.920+0000] {logging_mixin.py:190} INFO - [2025-10-16T09:28:20.919+0000] {dag.py:3239} INFO - Sync 1 DAGs
[2025-10-16T09:28:20.936+0000] {logging_mixin.py:190} INFO - [2025-10-16T09:28:20.936+0000] {dag.py:4180} INFO - Setting next_dagrun for etl_pipeline_JO to 2025-10-16 09:00:00+00:00, run_after=2025-10-16 10:00:00+00:00
[2025-10-16T09:28:20.950+0000] {processor.py:208} INFO - Processing /opt/airflow/dags/JO_dag.py took 0.463 seconds
[2025-10-16T09:28:51.771+0000] {processor.py:186} INFO - Started process (PID=1152) to work on /opt/airflow/dags/JO_dag.py
[2025-10-16T09:28:51.772+0000] {processor.py:914} INFO - Processing file /opt/airflow/dags/JO_dag.py for tasks to queue
[2025-10-16T09:28:51.774+0000] {logging_mixin.py:190} INFO - [2025-10-16T09:28:51.774+0000] {dagbag.py:588} INFO - Filling up the DagBag from /opt/airflow/dags/JO_dag.py
[2025-10-16T09:28:52.176+0000] {processor.py:925} INFO - DAG(s) 'etl_pipeline_JO' retrieved from /opt/airflow/dags/JO_dag.py
[2025-10-16T09:28:52.195+0000] {logging_mixin.py:190} INFO - [2025-10-16T09:28:52.194+0000] {dag.py:3239} INFO - Sync 1 DAGs
[2025-10-16T09:28:52.215+0000] {logging_mixin.py:190} INFO - [2025-10-16T09:28:52.215+0000] {dag.py:4180} INFO - Setting next_dagrun for etl_pipeline_JO to 2025-10-16 09:00:00+00:00, run_after=2025-10-16 10:00:00+00:00
[2025-10-16T09:28:52.233+0000] {processor.py:208} INFO - Processing /opt/airflow/dags/JO_dag.py took 0.467 seconds
[2025-10-16T09:29:23.051+0000] {processor.py:186} INFO - Started process (PID=1169) to work on /opt/airflow/dags/JO_dag.py
[2025-10-16T09:29:23.052+0000] {processor.py:914} INFO - Processing file /opt/airflow/dags/JO_dag.py for tasks to queue
[2025-10-16T09:29:23.054+0000] {logging_mixin.py:190} INFO - [2025-10-16T09:29:23.054+0000] {dagbag.py:588} INFO - Filling up the DagBag from /opt/airflow/dags/JO_dag.py
[2025-10-16T09:29:23.463+0000] {processor.py:925} INFO - DAG(s) 'etl_pipeline_JO' retrieved from /opt/airflow/dags/JO_dag.py
[2025-10-16T09:29:23.481+0000] {logging_mixin.py:190} INFO - [2025-10-16T09:29:23.481+0000] {dag.py:3239} INFO - Sync 1 DAGs
[2025-10-16T09:29:23.502+0000] {logging_mixin.py:190} INFO - [2025-10-16T09:29:23.502+0000] {dag.py:4180} INFO - Setting next_dagrun for etl_pipeline_JO to 2025-10-16 09:00:00+00:00, run_after=2025-10-16 10:00:00+00:00
[2025-10-16T09:29:23.523+0000] {processor.py:208} INFO - Processing /opt/airflow/dags/JO_dag.py took 0.478 seconds
[2025-10-16T09:29:54.375+0000] {processor.py:186} INFO - Started process (PID=1186) to work on /opt/airflow/dags/JO_dag.py
[2025-10-16T09:29:54.376+0000] {processor.py:914} INFO - Processing file /opt/airflow/dags/JO_dag.py for tasks to queue
[2025-10-16T09:29:54.378+0000] {logging_mixin.py:190} INFO - [2025-10-16T09:29:54.377+0000] {dagbag.py:588} INFO - Filling up the DagBag from /opt/airflow/dags/JO_dag.py
[2025-10-16T09:29:54.800+0000] {processor.py:925} INFO - DAG(s) 'etl_pipeline_JO' retrieved from /opt/airflow/dags/JO_dag.py
[2025-10-16T09:29:54.818+0000] {logging_mixin.py:190} INFO - [2025-10-16T09:29:54.818+0000] {dag.py:3239} INFO - Sync 1 DAGs
[2025-10-16T09:29:54.840+0000] {logging_mixin.py:190} INFO - [2025-10-16T09:29:54.840+0000] {dag.py:4180} INFO - Setting next_dagrun for etl_pipeline_JO to 2025-10-16 09:00:00+00:00, run_after=2025-10-16 10:00:00+00:00
[2025-10-16T09:29:54.859+0000] {processor.py:208} INFO - Processing /opt/airflow/dags/JO_dag.py took 0.491 seconds
[2025-10-16T09:30:25.695+0000] {processor.py:186} INFO - Started process (PID=1203) to work on /opt/airflow/dags/JO_dag.py
[2025-10-16T09:30:25.696+0000] {processor.py:914} INFO - Processing file /opt/airflow/dags/JO_dag.py for tasks to queue
[2025-10-16T09:30:25.699+0000] {logging_mixin.py:190} INFO - [2025-10-16T09:30:25.698+0000] {dagbag.py:588} INFO - Filling up the DagBag from /opt/airflow/dags/JO_dag.py
[2025-10-16T09:30:26.144+0000] {processor.py:925} INFO - DAG(s) 'etl_pipeline_JO' retrieved from /opt/airflow/dags/JO_dag.py
[2025-10-16T09:30:26.163+0000] {logging_mixin.py:190} INFO - [2025-10-16T09:30:26.162+0000] {dag.py:3239} INFO - Sync 1 DAGs
[2025-10-16T09:30:26.181+0000] {logging_mixin.py:190} INFO - [2025-10-16T09:30:26.181+0000] {dag.py:4180} INFO - Setting next_dagrun for etl_pipeline_JO to 2025-10-16 09:00:00+00:00, run_after=2025-10-16 10:00:00+00:00
[2025-10-16T09:30:26.201+0000] {processor.py:208} INFO - Processing /opt/airflow/dags/JO_dag.py took 0.511 seconds
[2025-10-16T09:30:57.002+0000] {processor.py:186} INFO - Started process (PID=1220) to work on /opt/airflow/dags/JO_dag.py
[2025-10-16T09:30:57.003+0000] {processor.py:914} INFO - Processing file /opt/airflow/dags/JO_dag.py for tasks to queue
[2025-10-16T09:30:57.005+0000] {logging_mixin.py:190} INFO - [2025-10-16T09:30:57.004+0000] {dagbag.py:588} INFO - Filling up the DagBag from /opt/airflow/dags/JO_dag.py
[2025-10-16T09:30:57.391+0000] {processor.py:925} INFO - DAG(s) 'etl_pipeline_JO' retrieved from /opt/airflow/dags/JO_dag.py
[2025-10-16T09:30:57.408+0000] {logging_mixin.py:190} INFO - [2025-10-16T09:30:57.407+0000] {dag.py:3239} INFO - Sync 1 DAGs
[2025-10-16T09:30:57.424+0000] {logging_mixin.py:190} INFO - [2025-10-16T09:30:57.424+0000] {dag.py:4180} INFO - Setting next_dagrun for etl_pipeline_JO to 2025-10-16 09:00:00+00:00, run_after=2025-10-16 10:00:00+00:00
[2025-10-16T09:30:57.436+0000] {processor.py:208} INFO - Processing /opt/airflow/dags/JO_dag.py took 0.440 seconds
[2025-10-16T09:31:28.308+0000] {processor.py:186} INFO - Started process (PID=1237) to work on /opt/airflow/dags/JO_dag.py
[2025-10-16T09:31:28.309+0000] {processor.py:914} INFO - Processing file /opt/airflow/dags/JO_dag.py for tasks to queue
[2025-10-16T09:31:28.311+0000] {logging_mixin.py:190} INFO - [2025-10-16T09:31:28.311+0000] {dagbag.py:588} INFO - Filling up the DagBag from /opt/airflow/dags/JO_dag.py
[2025-10-16T09:31:28.736+0000] {processor.py:925} INFO - DAG(s) 'etl_pipeline_JO' retrieved from /opt/airflow/dags/JO_dag.py
[2025-10-16T09:31:28.756+0000] {logging_mixin.py:190} INFO - [2025-10-16T09:31:28.755+0000] {dag.py:3239} INFO - Sync 1 DAGs
[2025-10-16T09:31:28.775+0000] {logging_mixin.py:190} INFO - [2025-10-16T09:31:28.775+0000] {dag.py:4180} INFO - Setting next_dagrun for etl_pipeline_JO to 2025-10-16 09:00:00+00:00, run_after=2025-10-16 10:00:00+00:00
[2025-10-16T09:31:28.791+0000] {processor.py:208} INFO - Processing /opt/airflow/dags/JO_dag.py took 0.489 seconds
[2025-10-16T09:31:59.603+0000] {processor.py:186} INFO - Started process (PID=1254) to work on /opt/airflow/dags/JO_dag.py
[2025-10-16T09:31:59.604+0000] {processor.py:914} INFO - Processing file /opt/airflow/dags/JO_dag.py for tasks to queue
[2025-10-16T09:31:59.606+0000] {logging_mixin.py:190} INFO - [2025-10-16T09:31:59.606+0000] {dagbag.py:588} INFO - Filling up the DagBag from /opt/airflow/dags/JO_dag.py
[2025-10-16T09:31:59.993+0000] {processor.py:925} INFO - DAG(s) 'etl_pipeline_JO' retrieved from /opt/airflow/dags/JO_dag.py
[2025-10-16T09:32:00.011+0000] {logging_mixin.py:190} INFO - [2025-10-16T09:32:00.010+0000] {dag.py:3239} INFO - Sync 1 DAGs
[2025-10-16T09:32:00.030+0000] {logging_mixin.py:190} INFO - [2025-10-16T09:32:00.029+0000] {dag.py:4180} INFO - Setting next_dagrun for etl_pipeline_JO to 2025-10-16 09:00:00+00:00, run_after=2025-10-16 10:00:00+00:00
[2025-10-16T09:32:00.047+0000] {processor.py:208} INFO - Processing /opt/airflow/dags/JO_dag.py took 0.450 seconds
[2025-10-16T09:32:30.891+0000] {processor.py:186} INFO - Started process (PID=1271) to work on /opt/airflow/dags/JO_dag.py
[2025-10-16T09:32:30.892+0000] {processor.py:914} INFO - Processing file /opt/airflow/dags/JO_dag.py for tasks to queue
[2025-10-16T09:32:30.894+0000] {logging_mixin.py:190} INFO - [2025-10-16T09:32:30.894+0000] {dagbag.py:588} INFO - Filling up the DagBag from /opt/airflow/dags/JO_dag.py
[2025-10-16T09:32:31.294+0000] {processor.py:925} INFO - DAG(s) 'etl_pipeline_JO' retrieved from /opt/airflow/dags/JO_dag.py
[2025-10-16T09:32:31.312+0000] {logging_mixin.py:190} INFO - [2025-10-16T09:32:31.311+0000] {dag.py:3239} INFO - Sync 1 DAGs
[2025-10-16T09:32:31.331+0000] {logging_mixin.py:190} INFO - [2025-10-16T09:32:31.331+0000] {dag.py:4180} INFO - Setting next_dagrun for etl_pipeline_JO to 2025-10-16 09:00:00+00:00, run_after=2025-10-16 10:00:00+00:00
[2025-10-16T09:32:31.345+0000] {processor.py:208} INFO - Processing /opt/airflow/dags/JO_dag.py took 0.460 seconds
[2025-10-16T09:33:02.202+0000] {processor.py:186} INFO - Started process (PID=1288) to work on /opt/airflow/dags/JO_dag.py
[2025-10-16T09:33:02.203+0000] {processor.py:914} INFO - Processing file /opt/airflow/dags/JO_dag.py for tasks to queue
[2025-10-16T09:33:02.205+0000] {logging_mixin.py:190} INFO - [2025-10-16T09:33:02.205+0000] {dagbag.py:588} INFO - Filling up the DagBag from /opt/airflow/dags/JO_dag.py
[2025-10-16T09:33:02.629+0000] {processor.py:925} INFO - DAG(s) 'etl_pipeline_JO' retrieved from /opt/airflow/dags/JO_dag.py
[2025-10-16T09:33:02.647+0000] {logging_mixin.py:190} INFO - [2025-10-16T09:33:02.647+0000] {dag.py:3239} INFO - Sync 1 DAGs
[2025-10-16T09:33:02.667+0000] {logging_mixin.py:190} INFO - [2025-10-16T09:33:02.667+0000] {dag.py:4180} INFO - Setting next_dagrun for etl_pipeline_JO to 2025-10-16 09:00:00+00:00, run_after=2025-10-16 10:00:00+00:00
[2025-10-16T09:33:02.682+0000] {processor.py:208} INFO - Processing /opt/airflow/dags/JO_dag.py took 0.486 seconds
[2025-10-16T09:33:33.451+0000] {processor.py:186} INFO - Started process (PID=1305) to work on /opt/airflow/dags/JO_dag.py
[2025-10-16T09:33:33.452+0000] {processor.py:914} INFO - Processing file /opt/airflow/dags/JO_dag.py for tasks to queue
[2025-10-16T09:33:33.454+0000] {logging_mixin.py:190} INFO - [2025-10-16T09:33:33.454+0000] {dagbag.py:588} INFO - Filling up the DagBag from /opt/airflow/dags/JO_dag.py
[2025-10-16T09:33:33.848+0000] {processor.py:925} INFO - DAG(s) 'etl_pipeline_JO' retrieved from /opt/airflow/dags/JO_dag.py
[2025-10-16T09:33:33.866+0000] {logging_mixin.py:190} INFO - [2025-10-16T09:33:33.866+0000] {dag.py:3239} INFO - Sync 1 DAGs
[2025-10-16T09:33:33.885+0000] {logging_mixin.py:190} INFO - [2025-10-16T09:33:33.885+0000] {dag.py:4180} INFO - Setting next_dagrun for etl_pipeline_JO to 2025-10-16 09:00:00+00:00, run_after=2025-10-16 10:00:00+00:00
[2025-10-16T09:33:33.902+0000] {processor.py:208} INFO - Processing /opt/airflow/dags/JO_dag.py took 0.456 seconds
[2025-10-16T09:34:04.769+0000] {processor.py:186} INFO - Started process (PID=1327) to work on /opt/airflow/dags/JO_dag.py
[2025-10-16T09:34:04.770+0000] {processor.py:914} INFO - Processing file /opt/airflow/dags/JO_dag.py for tasks to queue
[2025-10-16T09:34:04.772+0000] {logging_mixin.py:190} INFO - [2025-10-16T09:34:04.772+0000] {dagbag.py:588} INFO - Filling up the DagBag from /opt/airflow/dags/JO_dag.py
[2025-10-16T09:34:05.154+0000] {processor.py:925} INFO - DAG(s) 'etl_pipeline_JO' retrieved from /opt/airflow/dags/JO_dag.py
[2025-10-16T09:34:05.171+0000] {logging_mixin.py:190} INFO - [2025-10-16T09:34:05.171+0000] {dag.py:3239} INFO - Sync 1 DAGs
[2025-10-16T09:34:05.190+0000] {logging_mixin.py:190} INFO - [2025-10-16T09:34:05.189+0000] {dag.py:4180} INFO - Setting next_dagrun for etl_pipeline_JO to 2025-10-16 09:00:00+00:00, run_after=2025-10-16 10:00:00+00:00
[2025-10-16T09:34:05.209+0000] {processor.py:208} INFO - Processing /opt/airflow/dags/JO_dag.py took 0.445 seconds
[2025-10-16T09:34:36.067+0000] {processor.py:186} INFO - Started process (PID=1344) to work on /opt/airflow/dags/JO_dag.py
[2025-10-16T09:34:36.068+0000] {processor.py:914} INFO - Processing file /opt/airflow/dags/JO_dag.py for tasks to queue
[2025-10-16T09:34:36.070+0000] {logging_mixin.py:190} INFO - [2025-10-16T09:34:36.070+0000] {dagbag.py:588} INFO - Filling up the DagBag from /opt/airflow/dags/JO_dag.py
[2025-10-16T09:34:36.478+0000] {processor.py:925} INFO - DAG(s) 'etl_pipeline_JO' retrieved from /opt/airflow/dags/JO_dag.py
[2025-10-16T09:34:36.495+0000] {logging_mixin.py:190} INFO - [2025-10-16T09:34:36.495+0000] {dag.py:3239} INFO - Sync 1 DAGs
[2025-10-16T09:34:36.519+0000] {logging_mixin.py:190} INFO - [2025-10-16T09:34:36.518+0000] {dag.py:4180} INFO - Setting next_dagrun for etl_pipeline_JO to 2025-10-16 09:00:00+00:00, run_after=2025-10-16 10:00:00+00:00
[2025-10-16T09:34:36.535+0000] {processor.py:208} INFO - Processing /opt/airflow/dags/JO_dag.py took 0.474 seconds
[2025-10-16T09:35:07.347+0000] {processor.py:186} INFO - Started process (PID=1361) to work on /opt/airflow/dags/JO_dag.py
[2025-10-16T09:35:07.348+0000] {processor.py:914} INFO - Processing file /opt/airflow/dags/JO_dag.py for tasks to queue
[2025-10-16T09:35:07.350+0000] {logging_mixin.py:190} INFO - [2025-10-16T09:35:07.350+0000] {dagbag.py:588} INFO - Filling up the DagBag from /opt/airflow/dags/JO_dag.py
[2025-10-16T09:35:07.752+0000] {processor.py:925} INFO - DAG(s) 'etl_pipeline_JO' retrieved from /opt/airflow/dags/JO_dag.py
[2025-10-16T09:35:07.770+0000] {logging_mixin.py:190} INFO - [2025-10-16T09:35:07.770+0000] {dag.py:3239} INFO - Sync 1 DAGs
[2025-10-16T09:35:07.788+0000] {logging_mixin.py:190} INFO - [2025-10-16T09:35:07.788+0000] {dag.py:4180} INFO - Setting next_dagrun for etl_pipeline_JO to 2025-10-16 09:00:00+00:00, run_after=2025-10-16 10:00:00+00:00
[2025-10-16T09:35:07.806+0000] {processor.py:208} INFO - Processing /opt/airflow/dags/JO_dag.py took 0.464 seconds
[2025-10-16T09:35:38.657+0000] {processor.py:186} INFO - Started process (PID=1378) to work on /opt/airflow/dags/JO_dag.py
[2025-10-16T09:35:38.658+0000] {processor.py:914} INFO - Processing file /opt/airflow/dags/JO_dag.py for tasks to queue
[2025-10-16T09:35:38.660+0000] {logging_mixin.py:190} INFO - [2025-10-16T09:35:38.660+0000] {dagbag.py:588} INFO - Filling up the DagBag from /opt/airflow/dags/JO_dag.py
[2025-10-16T09:35:39.038+0000] {processor.py:925} INFO - DAG(s) 'etl_pipeline_JO' retrieved from /opt/airflow/dags/JO_dag.py
[2025-10-16T09:35:39.054+0000] {logging_mixin.py:190} INFO - [2025-10-16T09:35:39.054+0000] {dag.py:3239} INFO - Sync 1 DAGs
[2025-10-16T09:35:39.075+0000] {logging_mixin.py:190} INFO - [2025-10-16T09:35:39.075+0000] {dag.py:4180} INFO - Setting next_dagrun for etl_pipeline_JO to 2025-10-16 09:00:00+00:00, run_after=2025-10-16 10:00:00+00:00
[2025-10-16T09:35:39.094+0000] {processor.py:208} INFO - Processing /opt/airflow/dags/JO_dag.py took 0.442 seconds
[2025-10-16T09:36:09.957+0000] {processor.py:186} INFO - Started process (PID=1395) to work on /opt/airflow/dags/JO_dag.py
[2025-10-16T09:36:09.958+0000] {processor.py:914} INFO - Processing file /opt/airflow/dags/JO_dag.py for tasks to queue
[2025-10-16T09:36:09.960+0000] {logging_mixin.py:190} INFO - [2025-10-16T09:36:09.959+0000] {dagbag.py:588} INFO - Filling up the DagBag from /opt/airflow/dags/JO_dag.py
[2025-10-16T09:36:10.365+0000] {processor.py:925} INFO - DAG(s) 'etl_pipeline_JO' retrieved from /opt/airflow/dags/JO_dag.py
[2025-10-16T09:36:10.381+0000] {logging_mixin.py:190} INFO - [2025-10-16T09:36:10.381+0000] {dag.py:3239} INFO - Sync 1 DAGs
[2025-10-16T09:36:10.401+0000] {logging_mixin.py:190} INFO - [2025-10-16T09:36:10.400+0000] {dag.py:4180} INFO - Setting next_dagrun for etl_pipeline_JO to 2025-10-16 09:00:00+00:00, run_after=2025-10-16 10:00:00+00:00
[2025-10-16T09:36:10.415+0000] {processor.py:208} INFO - Processing /opt/airflow/dags/JO_dag.py took 0.464 seconds
[2025-10-16T09:36:41.235+0000] {processor.py:186} INFO - Started process (PID=1412) to work on /opt/airflow/dags/JO_dag.py
[2025-10-16T09:36:41.236+0000] {processor.py:914} INFO - Processing file /opt/airflow/dags/JO_dag.py for tasks to queue
[2025-10-16T09:36:41.238+0000] {logging_mixin.py:190} INFO - [2025-10-16T09:36:41.237+0000] {dagbag.py:588} INFO - Filling up the DagBag from /opt/airflow/dags/JO_dag.py
[2025-10-16T09:36:41.658+0000] {processor.py:925} INFO - DAG(s) 'etl_pipeline_JO' retrieved from /opt/airflow/dags/JO_dag.py
[2025-10-16T09:36:41.679+0000] {logging_mixin.py:190} INFO - [2025-10-16T09:36:41.679+0000] {dag.py:3239} INFO - Sync 1 DAGs
[2025-10-16T09:36:41.700+0000] {logging_mixin.py:190} INFO - [2025-10-16T09:36:41.699+0000] {dag.py:4180} INFO - Setting next_dagrun for etl_pipeline_JO to 2025-10-16 09:00:00+00:00, run_after=2025-10-16 10:00:00+00:00
[2025-10-16T09:36:41.725+0000] {processor.py:208} INFO - Processing /opt/airflow/dags/JO_dag.py took 0.496 seconds
[2025-10-16T09:37:12.545+0000] {processor.py:186} INFO - Started process (PID=1429) to work on /opt/airflow/dags/JO_dag.py
[2025-10-16T09:37:12.546+0000] {processor.py:914} INFO - Processing file /opt/airflow/dags/JO_dag.py for tasks to queue
[2025-10-16T09:37:12.548+0000] {logging_mixin.py:190} INFO - [2025-10-16T09:37:12.547+0000] {dagbag.py:588} INFO - Filling up the DagBag from /opt/airflow/dags/JO_dag.py
[2025-10-16T09:37:12.916+0000] {processor.py:925} INFO - DAG(s) 'etl_pipeline_JO' retrieved from /opt/airflow/dags/JO_dag.py
[2025-10-16T09:37:12.932+0000] {logging_mixin.py:190} INFO - [2025-10-16T09:37:12.932+0000] {dag.py:3239} INFO - Sync 1 DAGs
[2025-10-16T09:37:12.948+0000] {logging_mixin.py:190} INFO - [2025-10-16T09:37:12.947+0000] {dag.py:4180} INFO - Setting next_dagrun for etl_pipeline_JO to 2025-10-16 09:00:00+00:00, run_after=2025-10-16 10:00:00+00:00
[2025-10-16T09:37:12.965+0000] {processor.py:208} INFO - Processing /opt/airflow/dags/JO_dag.py took 0.425 seconds
[2025-10-16T09:37:43.890+0000] {processor.py:186} INFO - Started process (PID=1452) to work on /opt/airflow/dags/JO_dag.py
[2025-10-16T09:37:43.891+0000] {processor.py:914} INFO - Processing file /opt/airflow/dags/JO_dag.py for tasks to queue
[2025-10-16T09:37:43.892+0000] {logging_mixin.py:190} INFO - [2025-10-16T09:37:43.892+0000] {dagbag.py:588} INFO - Filling up the DagBag from /opt/airflow/dags/JO_dag.py
[2025-10-16T09:37:44.247+0000] {processor.py:925} INFO - DAG(s) 'etl_pipeline_JO' retrieved from /opt/airflow/dags/JO_dag.py
[2025-10-16T09:37:44.263+0000] {logging_mixin.py:190} INFO - [2025-10-16T09:37:44.263+0000] {dag.py:3239} INFO - Sync 1 DAGs
[2025-10-16T09:37:44.278+0000] {logging_mixin.py:190} INFO - [2025-10-16T09:37:44.278+0000] {dag.py:4180} INFO - Setting next_dagrun for etl_pipeline_JO to 2025-10-16 09:00:00+00:00, run_after=2025-10-16 10:00:00+00:00
[2025-10-16T09:37:44.291+0000] {processor.py:208} INFO - Processing /opt/airflow/dags/JO_dag.py took 0.406 seconds
[2025-10-16T09:38:15.204+0000] {processor.py:186} INFO - Started process (PID=1469) to work on /opt/airflow/dags/JO_dag.py
[2025-10-16T09:38:15.205+0000] {processor.py:914} INFO - Processing file /opt/airflow/dags/JO_dag.py for tasks to queue
[2025-10-16T09:38:15.207+0000] {logging_mixin.py:190} INFO - [2025-10-16T09:38:15.206+0000] {dagbag.py:588} INFO - Filling up the DagBag from /opt/airflow/dags/JO_dag.py
[2025-10-16T09:38:15.575+0000] {processor.py:925} INFO - DAG(s) 'etl_pipeline_JO' retrieved from /opt/airflow/dags/JO_dag.py
[2025-10-16T09:38:15.593+0000] {logging_mixin.py:190} INFO - [2025-10-16T09:38:15.592+0000] {dag.py:3239} INFO - Sync 1 DAGs
[2025-10-16T09:38:15.611+0000] {logging_mixin.py:190} INFO - [2025-10-16T09:38:15.611+0000] {dag.py:4180} INFO - Setting next_dagrun for etl_pipeline_JO to 2025-10-16 09:00:00+00:00, run_after=2025-10-16 10:00:00+00:00
[2025-10-16T09:38:15.626+0000] {processor.py:208} INFO - Processing /opt/airflow/dags/JO_dag.py took 0.427 seconds
[2025-10-16T09:38:46.553+0000] {processor.py:186} INFO - Started process (PID=1486) to work on /opt/airflow/dags/JO_dag.py
[2025-10-16T09:38:46.554+0000] {processor.py:914} INFO - Processing file /opt/airflow/dags/JO_dag.py for tasks to queue
[2025-10-16T09:38:46.556+0000] {logging_mixin.py:190} INFO - [2025-10-16T09:38:46.555+0000] {dagbag.py:588} INFO - Filling up the DagBag from /opt/airflow/dags/JO_dag.py
[2025-10-16T09:38:46.904+0000] {processor.py:925} INFO - DAG(s) 'etl_pipeline_JO' retrieved from /opt/airflow/dags/JO_dag.py
[2025-10-16T09:38:46.920+0000] {logging_mixin.py:190} INFO - [2025-10-16T09:38:46.920+0000] {dag.py:3239} INFO - Sync 1 DAGs
[2025-10-16T09:38:46.937+0000] {logging_mixin.py:190} INFO - [2025-10-16T09:38:46.937+0000] {dag.py:4180} INFO - Setting next_dagrun for etl_pipeline_JO to 2025-10-16 09:00:00+00:00, run_after=2025-10-16 10:00:00+00:00
[2025-10-16T09:38:46.954+0000] {processor.py:208} INFO - Processing /opt/airflow/dags/JO_dag.py took 0.407 seconds
[2025-10-16T09:39:17.884+0000] {processor.py:186} INFO - Started process (PID=1503) to work on /opt/airflow/dags/JO_dag.py
[2025-10-16T09:39:17.885+0000] {processor.py:914} INFO - Processing file /opt/airflow/dags/JO_dag.py for tasks to queue
[2025-10-16T09:39:17.887+0000] {logging_mixin.py:190} INFO - [2025-10-16T09:39:17.886+0000] {dagbag.py:588} INFO - Filling up the DagBag from /opt/airflow/dags/JO_dag.py
[2025-10-16T09:39:18.246+0000] {processor.py:925} INFO - DAG(s) 'etl_pipeline_JO' retrieved from /opt/airflow/dags/JO_dag.py
[2025-10-16T09:39:18.262+0000] {logging_mixin.py:190} INFO - [2025-10-16T09:39:18.262+0000] {dag.py:3239} INFO - Sync 1 DAGs
[2025-10-16T09:39:18.278+0000] {logging_mixin.py:190} INFO - [2025-10-16T09:39:18.277+0000] {dag.py:4180} INFO - Setting next_dagrun for etl_pipeline_JO to 2025-10-16 09:00:00+00:00, run_after=2025-10-16 10:00:00+00:00
[2025-10-16T09:39:18.296+0000] {processor.py:208} INFO - Processing /opt/airflow/dags/JO_dag.py took 0.417 seconds
[2025-10-16T09:39:49.251+0000] {processor.py:186} INFO - Started process (PID=1520) to work on /opt/airflow/dags/JO_dag.py
[2025-10-16T09:39:49.252+0000] {processor.py:914} INFO - Processing file /opt/airflow/dags/JO_dag.py for tasks to queue
[2025-10-16T09:39:49.254+0000] {logging_mixin.py:190} INFO - [2025-10-16T09:39:49.253+0000] {dagbag.py:588} INFO - Filling up the DagBag from /opt/airflow/dags/JO_dag.py
[2025-10-16T09:39:49.623+0000] {processor.py:925} INFO - DAG(s) 'etl_pipeline_JO' retrieved from /opt/airflow/dags/JO_dag.py
[2025-10-16T09:39:49.639+0000] {logging_mixin.py:190} INFO - [2025-10-16T09:39:49.639+0000] {dag.py:3239} INFO - Sync 1 DAGs
[2025-10-16T09:39:49.655+0000] {logging_mixin.py:190} INFO - [2025-10-16T09:39:49.655+0000] {dag.py:4180} INFO - Setting next_dagrun for etl_pipeline_JO to 2025-10-16 09:00:00+00:00, run_after=2025-10-16 10:00:00+00:00
[2025-10-16T09:39:49.673+0000] {processor.py:208} INFO - Processing /opt/airflow/dags/JO_dag.py took 0.427 seconds
[2025-10-16T09:40:20.578+0000] {processor.py:186} INFO - Started process (PID=1537) to work on /opt/airflow/dags/JO_dag.py
[2025-10-16T09:40:20.579+0000] {processor.py:914} INFO - Processing file /opt/airflow/dags/JO_dag.py for tasks to queue
[2025-10-16T09:40:20.581+0000] {logging_mixin.py:190} INFO - [2025-10-16T09:40:20.581+0000] {dagbag.py:588} INFO - Filling up the DagBag from /opt/airflow/dags/JO_dag.py
[2025-10-16T09:40:20.949+0000] {processor.py:925} INFO - DAG(s) 'etl_pipeline_JO' retrieved from /opt/airflow/dags/JO_dag.py
[2025-10-16T09:40:20.965+0000] {logging_mixin.py:190} INFO - [2025-10-16T09:40:20.964+0000] {dag.py:3239} INFO - Sync 1 DAGs
[2025-10-16T09:40:20.982+0000] {logging_mixin.py:190} INFO - [2025-10-16T09:40:20.982+0000] {dag.py:4180} INFO - Setting next_dagrun for etl_pipeline_JO to 2025-10-16 09:00:00+00:00, run_after=2025-10-16 10:00:00+00:00
[2025-10-16T09:40:21.000+0000] {processor.py:208} INFO - Processing /opt/airflow/dags/JO_dag.py took 0.426 seconds
[2025-10-16T09:40:51.903+0000] {processor.py:186} INFO - Started process (PID=1555) to work on /opt/airflow/dags/JO_dag.py
[2025-10-16T09:40:51.904+0000] {processor.py:914} INFO - Processing file /opt/airflow/dags/JO_dag.py for tasks to queue
[2025-10-16T09:40:51.906+0000] {logging_mixin.py:190} INFO - [2025-10-16T09:40:51.905+0000] {dagbag.py:588} INFO - Filling up the DagBag from /opt/airflow/dags/JO_dag.py
[2025-10-16T09:40:52.264+0000] {processor.py:925} INFO - DAG(s) 'etl_pipeline_JO' retrieved from /opt/airflow/dags/JO_dag.py
[2025-10-16T09:40:52.280+0000] {logging_mixin.py:190} INFO - [2025-10-16T09:40:52.280+0000] {dag.py:3239} INFO - Sync 1 DAGs
[2025-10-16T09:40:52.297+0000] {logging_mixin.py:190} INFO - [2025-10-16T09:40:52.297+0000] {dag.py:4180} INFO - Setting next_dagrun for etl_pipeline_JO to 2025-10-16 09:00:00+00:00, run_after=2025-10-16 10:00:00+00:00
[2025-10-16T09:40:52.312+0000] {processor.py:208} INFO - Processing /opt/airflow/dags/JO_dag.py took 0.413 seconds
[2025-10-16T09:41:23.268+0000] {processor.py:186} INFO - Started process (PID=1572) to work on /opt/airflow/dags/JO_dag.py
[2025-10-16T09:41:23.269+0000] {processor.py:914} INFO - Processing file /opt/airflow/dags/JO_dag.py for tasks to queue
[2025-10-16T09:41:23.270+0000] {logging_mixin.py:190} INFO - [2025-10-16T09:41:23.270+0000] {dagbag.py:588} INFO - Filling up the DagBag from /opt/airflow/dags/JO_dag.py
[2025-10-16T09:41:23.640+0000] {processor.py:925} INFO - DAG(s) 'etl_pipeline_JO' retrieved from /opt/airflow/dags/JO_dag.py
[2025-10-16T09:41:23.656+0000] {logging_mixin.py:190} INFO - [2025-10-16T09:41:23.656+0000] {dag.py:3239} INFO - Sync 1 DAGs
[2025-10-16T09:41:23.672+0000] {logging_mixin.py:190} INFO - [2025-10-16T09:41:23.672+0000] {dag.py:4180} INFO - Setting next_dagrun for etl_pipeline_JO to 2025-10-16 09:00:00+00:00, run_after=2025-10-16 10:00:00+00:00
[2025-10-16T09:41:23.690+0000] {processor.py:208} INFO - Processing /opt/airflow/dags/JO_dag.py took 0.427 seconds
[2025-10-16T09:41:54.596+0000] {processor.py:186} INFO - Started process (PID=1589) to work on /opt/airflow/dags/JO_dag.py
[2025-10-16T09:41:54.597+0000] {processor.py:914} INFO - Processing file /opt/airflow/dags/JO_dag.py for tasks to queue
[2025-10-16T09:41:54.599+0000] {logging_mixin.py:190} INFO - [2025-10-16T09:41:54.598+0000] {dagbag.py:588} INFO - Filling up the DagBag from /opt/airflow/dags/JO_dag.py
[2025-10-16T09:41:54.950+0000] {processor.py:925} INFO - DAG(s) 'etl_pipeline_JO' retrieved from /opt/airflow/dags/JO_dag.py
[2025-10-16T09:41:54.965+0000] {logging_mixin.py:190} INFO - [2025-10-16T09:41:54.965+0000] {dag.py:3239} INFO - Sync 1 DAGs
[2025-10-16T09:41:54.981+0000] {logging_mixin.py:190} INFO - [2025-10-16T09:41:54.981+0000] {dag.py:4180} INFO - Setting next_dagrun for etl_pipeline_JO to 2025-10-16 09:00:00+00:00, run_after=2025-10-16 10:00:00+00:00
[2025-10-16T09:41:55.000+0000] {processor.py:208} INFO - Processing /opt/airflow/dags/JO_dag.py took 0.409 seconds
[2025-10-16T09:42:25.911+0000] {processor.py:186} INFO - Started process (PID=1606) to work on /opt/airflow/dags/JO_dag.py
[2025-10-16T09:42:25.912+0000] {processor.py:914} INFO - Processing file /opt/airflow/dags/JO_dag.py for tasks to queue
[2025-10-16T09:42:25.914+0000] {logging_mixin.py:190} INFO - [2025-10-16T09:42:25.914+0000] {dagbag.py:588} INFO - Filling up the DagBag from /opt/airflow/dags/JO_dag.py
[2025-10-16T09:42:26.270+0000] {processor.py:925} INFO - DAG(s) 'etl_pipeline_JO' retrieved from /opt/airflow/dags/JO_dag.py
[2025-10-16T09:42:26.287+0000] {logging_mixin.py:190} INFO - [2025-10-16T09:42:26.286+0000] {dag.py:3239} INFO - Sync 1 DAGs
[2025-10-16T09:42:26.302+0000] {logging_mixin.py:190} INFO - [2025-10-16T09:42:26.302+0000] {dag.py:4180} INFO - Setting next_dagrun for etl_pipeline_JO to 2025-10-16 09:00:00+00:00, run_after=2025-10-16 10:00:00+00:00
[2025-10-16T09:42:26.316+0000] {processor.py:208} INFO - Processing /opt/airflow/dags/JO_dag.py took 0.410 seconds
[2025-10-16T09:42:57.320+0000] {processor.py:186} INFO - Started process (PID=1624) to work on /opt/airflow/dags/JO_dag.py
[2025-10-16T09:42:57.321+0000] {processor.py:914} INFO - Processing file /opt/airflow/dags/JO_dag.py for tasks to queue
[2025-10-16T09:42:57.323+0000] {logging_mixin.py:190} INFO - [2025-10-16T09:42:57.323+0000] {dagbag.py:588} INFO - Filling up the DagBag from /opt/airflow/dags/JO_dag.py
[2025-10-16T09:42:57.669+0000] {processor.py:925} INFO - DAG(s) 'etl_pipeline_JO' retrieved from /opt/airflow/dags/JO_dag.py
[2025-10-16T09:42:57.685+0000] {logging_mixin.py:190} INFO - [2025-10-16T09:42:57.685+0000] {dag.py:3239} INFO - Sync 1 DAGs
[2025-10-16T09:42:57.701+0000] {logging_mixin.py:190} INFO - [2025-10-16T09:42:57.701+0000] {dag.py:4180} INFO - Setting next_dagrun for etl_pipeline_JO to 2025-10-16 09:00:00+00:00, run_after=2025-10-16 10:00:00+00:00
[2025-10-16T09:42:57.720+0000] {processor.py:208} INFO - Processing /opt/airflow/dags/JO_dag.py took 0.404 seconds
[2025-10-16T09:43:28.591+0000] {processor.py:186} INFO - Started process (PID=1641) to work on /opt/airflow/dags/JO_dag.py
[2025-10-16T09:43:28.592+0000] {processor.py:914} INFO - Processing file /opt/airflow/dags/JO_dag.py for tasks to queue
[2025-10-16T09:43:28.594+0000] {logging_mixin.py:190} INFO - [2025-10-16T09:43:28.593+0000] {dagbag.py:588} INFO - Filling up the DagBag from /opt/airflow/dags/JO_dag.py
[2025-10-16T09:43:28.958+0000] {processor.py:925} INFO - DAG(s) 'etl_pipeline_JO' retrieved from /opt/airflow/dags/JO_dag.py
[2025-10-16T09:43:28.974+0000] {logging_mixin.py:190} INFO - [2025-10-16T09:43:28.974+0000] {dag.py:3239} INFO - Sync 1 DAGs
[2025-10-16T09:43:28.990+0000] {logging_mixin.py:190} INFO - [2025-10-16T09:43:28.989+0000] {dag.py:4180} INFO - Setting next_dagrun for etl_pipeline_JO to 2025-10-16 09:00:00+00:00, run_after=2025-10-16 10:00:00+00:00
[2025-10-16T09:43:29.008+0000] {processor.py:208} INFO - Processing /opt/airflow/dags/JO_dag.py took 0.422 seconds
[2025-10-16T09:43:59.943+0000] {processor.py:186} INFO - Started process (PID=1658) to work on /opt/airflow/dags/JO_dag.py
[2025-10-16T09:43:59.944+0000] {processor.py:914} INFO - Processing file /opt/airflow/dags/JO_dag.py for tasks to queue
[2025-10-16T09:43:59.945+0000] {logging_mixin.py:190} INFO - [2025-10-16T09:43:59.945+0000] {dagbag.py:588} INFO - Filling up the DagBag from /opt/airflow/dags/JO_dag.py
[2025-10-16T09:44:00.289+0000] {processor.py:925} INFO - DAG(s) 'etl_pipeline_JO' retrieved from /opt/airflow/dags/JO_dag.py
[2025-10-16T09:44:00.305+0000] {logging_mixin.py:190} INFO - [2025-10-16T09:44:00.305+0000] {dag.py:3239} INFO - Sync 1 DAGs
[2025-10-16T09:44:00.321+0000] {logging_mixin.py:190} INFO - [2025-10-16T09:44:00.321+0000] {dag.py:4180} INFO - Setting next_dagrun for etl_pipeline_JO to 2025-10-16 09:00:00+00:00, run_after=2025-10-16 10:00:00+00:00
[2025-10-16T09:44:00.336+0000] {processor.py:208} INFO - Processing /opt/airflow/dags/JO_dag.py took 0.398 seconds
[2025-10-16T09:44:31.286+0000] {processor.py:186} INFO - Started process (PID=1675) to work on /opt/airflow/dags/JO_dag.py
[2025-10-16T09:44:31.287+0000] {processor.py:914} INFO - Processing file /opt/airflow/dags/JO_dag.py for tasks to queue
[2025-10-16T09:44:31.289+0000] {logging_mixin.py:190} INFO - [2025-10-16T09:44:31.289+0000] {dagbag.py:588} INFO - Filling up the DagBag from /opt/airflow/dags/JO_dag.py
[2025-10-16T09:44:31.671+0000] {processor.py:925} INFO - DAG(s) 'etl_pipeline_JO' retrieved from /opt/airflow/dags/JO_dag.py
[2025-10-16T09:44:31.688+0000] {logging_mixin.py:190} INFO - [2025-10-16T09:44:31.687+0000] {dag.py:3239} INFO - Sync 1 DAGs
[2025-10-16T09:44:31.705+0000] {logging_mixin.py:190} INFO - [2025-10-16T09:44:31.705+0000] {dag.py:4180} INFO - Setting next_dagrun for etl_pipeline_JO to 2025-10-16 09:00:00+00:00, run_after=2025-10-16 10:00:00+00:00
[2025-10-16T09:44:31.725+0000] {processor.py:208} INFO - Processing /opt/airflow/dags/JO_dag.py took 0.444 seconds
[2025-10-16T09:45:02.612+0000] {processor.py:186} INFO - Started process (PID=1692) to work on /opt/airflow/dags/JO_dag.py
[2025-10-16T09:45:02.613+0000] {processor.py:914} INFO - Processing file /opt/airflow/dags/JO_dag.py for tasks to queue
[2025-10-16T09:45:02.614+0000] {logging_mixin.py:190} INFO - [2025-10-16T09:45:02.614+0000] {dagbag.py:588} INFO - Filling up the DagBag from /opt/airflow/dags/JO_dag.py
[2025-10-16T09:45:02.964+0000] {processor.py:925} INFO - DAG(s) 'etl_pipeline_JO' retrieved from /opt/airflow/dags/JO_dag.py
[2025-10-16T09:45:02.979+0000] {logging_mixin.py:190} INFO - [2025-10-16T09:45:02.979+0000] {dag.py:3239} INFO - Sync 1 DAGs
[2025-10-16T09:45:02.995+0000] {logging_mixin.py:190} INFO - [2025-10-16T09:45:02.995+0000] {dag.py:4180} INFO - Setting next_dagrun for etl_pipeline_JO to 2025-10-16 09:00:00+00:00, run_after=2025-10-16 10:00:00+00:00
[2025-10-16T09:45:03.007+0000] {processor.py:208} INFO - Processing /opt/airflow/dags/JO_dag.py took 0.400 seconds
[2025-10-16T09:45:33.931+0000] {processor.py:186} INFO - Started process (PID=1709) to work on /opt/airflow/dags/JO_dag.py
[2025-10-16T09:45:33.932+0000] {processor.py:914} INFO - Processing file /opt/airflow/dags/JO_dag.py for tasks to queue
[2025-10-16T09:45:33.934+0000] {logging_mixin.py:190} INFO - [2025-10-16T09:45:33.934+0000] {dagbag.py:588} INFO - Filling up the DagBag from /opt/airflow/dags/JO_dag.py
[2025-10-16T09:45:34.304+0000] {processor.py:925} INFO - DAG(s) 'etl_pipeline_JO' retrieved from /opt/airflow/dags/JO_dag.py
[2025-10-16T09:45:34.321+0000] {logging_mixin.py:190} INFO - [2025-10-16T09:45:34.320+0000] {dag.py:3239} INFO - Sync 1 DAGs
[2025-10-16T09:45:34.337+0000] {logging_mixin.py:190} INFO - [2025-10-16T09:45:34.336+0000] {dag.py:4180} INFO - Setting next_dagrun for etl_pipeline_JO to 2025-10-16 09:00:00+00:00, run_after=2025-10-16 10:00:00+00:00
[2025-10-16T09:45:34.353+0000] {processor.py:208} INFO - Processing /opt/airflow/dags/JO_dag.py took 0.426 seconds
[2025-10-16T09:46:05.216+0000] {processor.py:186} INFO - Started process (PID=1726) to work on /opt/airflow/dags/JO_dag.py
[2025-10-16T09:46:05.217+0000] {processor.py:914} INFO - Processing file /opt/airflow/dags/JO_dag.py for tasks to queue
[2025-10-16T09:46:05.218+0000] {logging_mixin.py:190} INFO - [2025-10-16T09:46:05.218+0000] {dagbag.py:588} INFO - Filling up the DagBag from /opt/airflow/dags/JO_dag.py
[2025-10-16T09:46:05.588+0000] {processor.py:925} INFO - DAG(s) 'etl_pipeline_JO' retrieved from /opt/airflow/dags/JO_dag.py
[2025-10-16T09:46:05.605+0000] {logging_mixin.py:190} INFO - [2025-10-16T09:46:05.604+0000] {dag.py:3239} INFO - Sync 1 DAGs
[2025-10-16T09:46:05.623+0000] {logging_mixin.py:190} INFO - [2025-10-16T09:46:05.623+0000] {dag.py:4180} INFO - Setting next_dagrun for etl_pipeline_JO to 2025-10-16 09:00:00+00:00, run_after=2025-10-16 10:00:00+00:00
[2025-10-16T09:46:05.637+0000] {processor.py:208} INFO - Processing /opt/airflow/dags/JO_dag.py took 0.427 seconds
[2025-10-16T09:46:36.545+0000] {processor.py:186} INFO - Started process (PID=1743) to work on /opt/airflow/dags/JO_dag.py
[2025-10-16T09:46:36.546+0000] {processor.py:914} INFO - Processing file /opt/airflow/dags/JO_dag.py for tasks to queue
[2025-10-16T09:46:36.548+0000] {logging_mixin.py:190} INFO - [2025-10-16T09:46:36.548+0000] {dagbag.py:588} INFO - Filling up the DagBag from /opt/airflow/dags/JO_dag.py
[2025-10-16T09:46:36.919+0000] {processor.py:925} INFO - DAG(s) 'etl_pipeline_JO' retrieved from /opt/airflow/dags/JO_dag.py
[2025-10-16T09:46:36.935+0000] {logging_mixin.py:190} INFO - [2025-10-16T09:46:36.935+0000] {dag.py:3239} INFO - Sync 1 DAGs
[2025-10-16T09:46:36.952+0000] {logging_mixin.py:190} INFO - [2025-10-16T09:46:36.952+0000] {dag.py:4180} INFO - Setting next_dagrun for etl_pipeline_JO to 2025-10-16 09:00:00+00:00, run_after=2025-10-16 10:00:00+00:00
[2025-10-16T09:46:36.967+0000] {processor.py:208} INFO - Processing /opt/airflow/dags/JO_dag.py took 0.427 seconds
[2025-10-16T09:47:07.863+0000] {processor.py:186} INFO - Started process (PID=1760) to work on /opt/airflow/dags/JO_dag.py
[2025-10-16T09:47:07.863+0000] {processor.py:914} INFO - Processing file /opt/airflow/dags/JO_dag.py for tasks to queue
[2025-10-16T09:47:07.865+0000] {logging_mixin.py:190} INFO - [2025-10-16T09:47:07.865+0000] {dagbag.py:588} INFO - Filling up the DagBag from /opt/airflow/dags/JO_dag.py
[2025-10-16T09:47:08.239+0000] {processor.py:925} INFO - DAG(s) 'etl_pipeline_JO' retrieved from /opt/airflow/dags/JO_dag.py
[2025-10-16T09:47:08.255+0000] {logging_mixin.py:190} INFO - [2025-10-16T09:47:08.255+0000] {dag.py:3239} INFO - Sync 1 DAGs
[2025-10-16T09:47:08.272+0000] {logging_mixin.py:190} INFO - [2025-10-16T09:47:08.272+0000] {dag.py:4180} INFO - Setting next_dagrun for etl_pipeline_JO to 2025-10-16 09:00:00+00:00, run_after=2025-10-16 10:00:00+00:00
[2025-10-16T09:47:08.291+0000] {processor.py:208} INFO - Processing /opt/airflow/dags/JO_dag.py took 0.433 seconds
[2025-10-16T09:47:39.222+0000] {processor.py:186} INFO - Started process (PID=1777) to work on /opt/airflow/dags/JO_dag.py
[2025-10-16T09:47:39.223+0000] {processor.py:914} INFO - Processing file /opt/airflow/dags/JO_dag.py for tasks to queue
[2025-10-16T09:47:39.224+0000] {logging_mixin.py:190} INFO - [2025-10-16T09:47:39.224+0000] {dagbag.py:588} INFO - Filling up the DagBag from /opt/airflow/dags/JO_dag.py
[2025-10-16T09:47:39.563+0000] {processor.py:925} INFO - DAG(s) 'etl_pipeline_JO' retrieved from /opt/airflow/dags/JO_dag.py
[2025-10-16T09:47:39.579+0000] {logging_mixin.py:190} INFO - [2025-10-16T09:47:39.579+0000] {dag.py:3239} INFO - Sync 1 DAGs
[2025-10-16T09:47:39.596+0000] {logging_mixin.py:190} INFO - [2025-10-16T09:47:39.595+0000] {dag.py:4180} INFO - Setting next_dagrun for etl_pipeline_JO to 2025-10-16 09:00:00+00:00, run_after=2025-10-16 10:00:00+00:00
[2025-10-16T09:47:39.614+0000] {processor.py:208} INFO - Processing /opt/airflow/dags/JO_dag.py took 0.398 seconds
[2025-10-16T09:48:10.585+0000] {processor.py:186} INFO - Started process (PID=1794) to work on /opt/airflow/dags/JO_dag.py
[2025-10-16T09:48:10.586+0000] {processor.py:914} INFO - Processing file /opt/airflow/dags/JO_dag.py for tasks to queue
[2025-10-16T09:48:10.587+0000] {logging_mixin.py:190} INFO - [2025-10-16T09:48:10.587+0000] {dagbag.py:588} INFO - Filling up the DagBag from /opt/airflow/dags/JO_dag.py
[2025-10-16T09:48:10.933+0000] {processor.py:925} INFO - DAG(s) 'etl_pipeline_JO' retrieved from /opt/airflow/dags/JO_dag.py
[2025-10-16T09:48:10.948+0000] {logging_mixin.py:190} INFO - [2025-10-16T09:48:10.948+0000] {dag.py:3239} INFO - Sync 1 DAGs
[2025-10-16T09:48:10.965+0000] {logging_mixin.py:190} INFO - [2025-10-16T09:48:10.964+0000] {dag.py:4180} INFO - Setting next_dagrun for etl_pipeline_JO to 2025-10-16 09:00:00+00:00, run_after=2025-10-16 10:00:00+00:00
[2025-10-16T09:48:10.982+0000] {processor.py:208} INFO - Processing /opt/airflow/dags/JO_dag.py took 0.402 seconds
[2025-10-16T09:48:41.893+0000] {processor.py:186} INFO - Started process (PID=1811) to work on /opt/airflow/dags/JO_dag.py
[2025-10-16T09:48:41.894+0000] {processor.py:914} INFO - Processing file /opt/airflow/dags/JO_dag.py for tasks to queue
[2025-10-16T09:48:41.895+0000] {logging_mixin.py:190} INFO - [2025-10-16T09:48:41.895+0000] {dagbag.py:588} INFO - Filling up the DagBag from /opt/airflow/dags/JO_dag.py
[2025-10-16T09:48:42.233+0000] {processor.py:925} INFO - DAG(s) 'etl_pipeline_JO' retrieved from /opt/airflow/dags/JO_dag.py
[2025-10-16T09:48:42.250+0000] {logging_mixin.py:190} INFO - [2025-10-16T09:48:42.250+0000] {dag.py:3239} INFO - Sync 1 DAGs
[2025-10-16T09:48:42.266+0000] {logging_mixin.py:190} INFO - [2025-10-16T09:48:42.266+0000] {dag.py:4180} INFO - Setting next_dagrun for etl_pipeline_JO to 2025-10-16 09:00:00+00:00, run_after=2025-10-16 10:00:00+00:00
[2025-10-16T09:48:42.281+0000] {processor.py:208} INFO - Processing /opt/airflow/dags/JO_dag.py took 0.393 seconds
[2025-10-16T09:49:13.215+0000] {processor.py:186} INFO - Started process (PID=1828) to work on /opt/airflow/dags/JO_dag.py
[2025-10-16T09:49:13.216+0000] {processor.py:914} INFO - Processing file /opt/airflow/dags/JO_dag.py for tasks to queue
[2025-10-16T09:49:13.218+0000] {logging_mixin.py:190} INFO - [2025-10-16T09:49:13.218+0000] {dagbag.py:588} INFO - Filling up the DagBag from /opt/airflow/dags/JO_dag.py
[2025-10-16T09:49:13.573+0000] {processor.py:925} INFO - DAG(s) 'etl_pipeline_JO' retrieved from /opt/airflow/dags/JO_dag.py
[2025-10-16T09:49:13.589+0000] {logging_mixin.py:190} INFO - [2025-10-16T09:49:13.589+0000] {dag.py:3239} INFO - Sync 1 DAGs
[2025-10-16T09:49:13.606+0000] {logging_mixin.py:190} INFO - [2025-10-16T09:49:13.606+0000] {dag.py:4180} INFO - Setting next_dagrun for etl_pipeline_JO to 2025-10-16 09:00:00+00:00, run_after=2025-10-16 10:00:00+00:00
[2025-10-16T09:49:13.621+0000] {processor.py:208} INFO - Processing /opt/airflow/dags/JO_dag.py took 0.411 seconds
[2025-10-16T09:49:44.536+0000] {processor.py:186} INFO - Started process (PID=1856) to work on /opt/airflow/dags/JO_dag.py
[2025-10-16T09:49:44.537+0000] {processor.py:914} INFO - Processing file /opt/airflow/dags/JO_dag.py for tasks to queue
[2025-10-16T09:49:44.539+0000] {logging_mixin.py:190} INFO - [2025-10-16T09:49:44.539+0000] {dagbag.py:588} INFO - Filling up the DagBag from /opt/airflow/dags/JO_dag.py
[2025-10-16T09:49:44.881+0000] {processor.py:925} INFO - DAG(s) 'etl_pipeline_JO' retrieved from /opt/airflow/dags/JO_dag.py
[2025-10-16T09:49:44.897+0000] {logging_mixin.py:190} INFO - [2025-10-16T09:49:44.896+0000] {dag.py:3239} INFO - Sync 1 DAGs
[2025-10-16T09:49:44.912+0000] {logging_mixin.py:190} INFO - [2025-10-16T09:49:44.912+0000] {dag.py:4180} INFO - Setting next_dagrun for etl_pipeline_JO to 2025-10-16 09:00:00+00:00, run_after=2025-10-16 10:00:00+00:00
[2025-10-16T09:49:44.930+0000] {processor.py:208} INFO - Processing /opt/airflow/dags/JO_dag.py took 0.398 seconds
[2025-10-16T09:50:14.986+0000] {processor.py:186} INFO - Started process (PID=1873) to work on /opt/airflow/dags/JO_dag.py
[2025-10-16T09:50:14.987+0000] {processor.py:914} INFO - Processing file /opt/airflow/dags/JO_dag.py for tasks to queue
[2025-10-16T09:50:14.988+0000] {logging_mixin.py:190} INFO - [2025-10-16T09:50:14.988+0000] {dagbag.py:588} INFO - Filling up the DagBag from /opt/airflow/dags/JO_dag.py
[2025-10-16T09:50:15.356+0000] {processor.py:925} INFO - DAG(s) 'etl_pipeline_JO' retrieved from /opt/airflow/dags/JO_dag.py
[2025-10-16T09:50:15.375+0000] {logging_mixin.py:190} INFO - [2025-10-16T09:50:15.374+0000] {dag.py:3239} INFO - Sync 1 DAGs
[2025-10-16T09:50:15.392+0000] {logging_mixin.py:190} INFO - [2025-10-16T09:50:15.392+0000] {dag.py:4180} INFO - Setting next_dagrun for etl_pipeline_JO to 2025-10-16 09:00:00+00:00, run_after=2025-10-16 10:00:00+00:00
[2025-10-16T09:50:15.411+0000] {processor.py:208} INFO - Processing /opt/airflow/dags/JO_dag.py took 0.430 seconds
[2025-10-16T09:50:46.247+0000] {processor.py:186} INFO - Started process (PID=1890) to work on /opt/airflow/dags/JO_dag.py
[2025-10-16T09:50:46.248+0000] {processor.py:914} INFO - Processing file /opt/airflow/dags/JO_dag.py for tasks to queue
[2025-10-16T09:50:46.249+0000] {logging_mixin.py:190} INFO - [2025-10-16T09:50:46.249+0000] {dagbag.py:588} INFO - Filling up the DagBag from /opt/airflow/dags/JO_dag.py
[2025-10-16T09:50:46.604+0000] {processor.py:925} INFO - DAG(s) 'etl_pipeline_JO' retrieved from /opt/airflow/dags/JO_dag.py
[2025-10-16T09:50:46.619+0000] {logging_mixin.py:190} INFO - [2025-10-16T09:50:46.619+0000] {dag.py:3239} INFO - Sync 1 DAGs
[2025-10-16T09:50:46.635+0000] {logging_mixin.py:190} INFO - [2025-10-16T09:50:46.635+0000] {dag.py:4180} INFO - Setting next_dagrun for etl_pipeline_JO to 2025-10-16 09:00:00+00:00, run_after=2025-10-16 10:00:00+00:00
[2025-10-16T09:50:46.653+0000] {processor.py:208} INFO - Processing /opt/airflow/dags/JO_dag.py took 0.411 seconds
[2025-10-16T09:51:17.572+0000] {processor.py:186} INFO - Started process (PID=1907) to work on /opt/airflow/dags/JO_dag.py
[2025-10-16T09:51:17.573+0000] {processor.py:914} INFO - Processing file /opt/airflow/dags/JO_dag.py for tasks to queue
[2025-10-16T09:51:17.575+0000] {logging_mixin.py:190} INFO - [2025-10-16T09:51:17.575+0000] {dagbag.py:588} INFO - Filling up the DagBag from /opt/airflow/dags/JO_dag.py
[2025-10-16T09:51:17.922+0000] {processor.py:925} INFO - DAG(s) 'etl_pipeline_JO' retrieved from /opt/airflow/dags/JO_dag.py
[2025-10-16T09:51:17.936+0000] {logging_mixin.py:190} INFO - [2025-10-16T09:51:17.936+0000] {dag.py:3239} INFO - Sync 1 DAGs
[2025-10-16T09:51:17.953+0000] {logging_mixin.py:190} INFO - [2025-10-16T09:51:17.952+0000] {dag.py:4180} INFO - Setting next_dagrun for etl_pipeline_JO to 2025-10-16 09:00:00+00:00, run_after=2025-10-16 10:00:00+00:00
[2025-10-16T09:51:17.965+0000] {processor.py:208} INFO - Processing /opt/airflow/dags/JO_dag.py took 0.400 seconds
[2025-10-16T09:51:48.911+0000] {processor.py:186} INFO - Started process (PID=1924) to work on /opt/airflow/dags/JO_dag.py
[2025-10-16T09:51:48.912+0000] {processor.py:914} INFO - Processing file /opt/airflow/dags/JO_dag.py for tasks to queue
[2025-10-16T09:51:48.914+0000] {logging_mixin.py:190} INFO - [2025-10-16T09:51:48.914+0000] {dagbag.py:588} INFO - Filling up the DagBag from /opt/airflow/dags/JO_dag.py
[2025-10-16T09:51:49.267+0000] {processor.py:925} INFO - DAG(s) 'etl_pipeline_JO' retrieved from /opt/airflow/dags/JO_dag.py
[2025-10-16T09:51:49.285+0000] {logging_mixin.py:190} INFO - [2025-10-16T09:51:49.284+0000] {dag.py:3239} INFO - Sync 1 DAGs
[2025-10-16T09:51:49.302+0000] {logging_mixin.py:190} INFO - [2025-10-16T09:51:49.302+0000] {dag.py:4180} INFO - Setting next_dagrun for etl_pipeline_JO to 2025-10-16 09:00:00+00:00, run_after=2025-10-16 10:00:00+00:00
[2025-10-16T09:51:49.321+0000] {processor.py:208} INFO - Processing /opt/airflow/dags/JO_dag.py took 0.415 seconds
[2025-10-16T09:52:20.258+0000] {processor.py:186} INFO - Started process (PID=1941) to work on /opt/airflow/dags/JO_dag.py
[2025-10-16T09:52:20.259+0000] {processor.py:914} INFO - Processing file /opt/airflow/dags/JO_dag.py for tasks to queue
[2025-10-16T09:52:20.261+0000] {logging_mixin.py:190} INFO - [2025-10-16T09:52:20.261+0000] {dagbag.py:588} INFO - Filling up the DagBag from /opt/airflow/dags/JO_dag.py
[2025-10-16T09:52:20.610+0000] {processor.py:925} INFO - DAG(s) 'etl_pipeline_JO' retrieved from /opt/airflow/dags/JO_dag.py
[2025-10-16T09:52:20.626+0000] {logging_mixin.py:190} INFO - [2025-10-16T09:52:20.626+0000] {dag.py:3239} INFO - Sync 1 DAGs
[2025-10-16T09:52:20.642+0000] {logging_mixin.py:190} INFO - [2025-10-16T09:52:20.642+0000] {dag.py:4180} INFO - Setting next_dagrun for etl_pipeline_JO to 2025-10-16 09:00:00+00:00, run_after=2025-10-16 10:00:00+00:00
[2025-10-16T09:52:20.658+0000] {processor.py:208} INFO - Processing /opt/airflow/dags/JO_dag.py took 0.404 seconds
[2025-10-16T09:52:51.615+0000] {processor.py:186} INFO - Started process (PID=1958) to work on /opt/airflow/dags/JO_dag.py
[2025-10-16T09:52:51.616+0000] {processor.py:914} INFO - Processing file /opt/airflow/dags/JO_dag.py for tasks to queue
[2025-10-16T09:52:51.618+0000] {logging_mixin.py:190} INFO - [2025-10-16T09:52:51.618+0000] {dagbag.py:588} INFO - Filling up the DagBag from /opt/airflow/dags/JO_dag.py
[2025-10-16T09:52:51.977+0000] {processor.py:925} INFO - DAG(s) 'etl_pipeline_JO' retrieved from /opt/airflow/dags/JO_dag.py
[2025-10-16T09:52:51.994+0000] {logging_mixin.py:190} INFO - [2025-10-16T09:52:51.993+0000] {dag.py:3239} INFO - Sync 1 DAGs
[2025-10-16T09:52:52.009+0000] {logging_mixin.py:190} INFO - [2025-10-16T09:52:52.009+0000] {dag.py:4180} INFO - Setting next_dagrun for etl_pipeline_JO to 2025-10-16 09:00:00+00:00, run_after=2025-10-16 10:00:00+00:00
[2025-10-16T09:52:52.029+0000] {processor.py:208} INFO - Processing /opt/airflow/dags/JO_dag.py took 0.419 seconds
[2025-10-16T09:53:22.882+0000] {processor.py:186} INFO - Started process (PID=1975) to work on /opt/airflow/dags/JO_dag.py
[2025-10-16T09:53:22.883+0000] {processor.py:914} INFO - Processing file /opt/airflow/dags/JO_dag.py for tasks to queue
[2025-10-16T09:53:22.885+0000] {logging_mixin.py:190} INFO - [2025-10-16T09:53:22.884+0000] {dagbag.py:588} INFO - Filling up the DagBag from /opt/airflow/dags/JO_dag.py
[2025-10-16T09:53:23.247+0000] {processor.py:925} INFO - DAG(s) 'etl_pipeline_JO' retrieved from /opt/airflow/dags/JO_dag.py
[2025-10-16T09:53:23.263+0000] {logging_mixin.py:190} INFO - [2025-10-16T09:53:23.262+0000] {dag.py:3239} INFO - Sync 1 DAGs
[2025-10-16T09:53:23.279+0000] {logging_mixin.py:190} INFO - [2025-10-16T09:53:23.279+0000] {dag.py:4180} INFO - Setting next_dagrun for etl_pipeline_JO to 2025-10-16 09:00:00+00:00, run_after=2025-10-16 10:00:00+00:00
[2025-10-16T09:53:23.293+0000] {processor.py:208} INFO - Processing /opt/airflow/dags/JO_dag.py took 0.415 seconds
[2025-10-16T09:53:54.236+0000] {processor.py:186} INFO - Started process (PID=1992) to work on /opt/airflow/dags/JO_dag.py
[2025-10-16T09:53:54.237+0000] {processor.py:914} INFO - Processing file /opt/airflow/dags/JO_dag.py for tasks to queue
[2025-10-16T09:53:54.239+0000] {logging_mixin.py:190} INFO - [2025-10-16T09:53:54.239+0000] {dagbag.py:588} INFO - Filling up the DagBag from /opt/airflow/dags/JO_dag.py
[2025-10-16T09:53:54.574+0000] {processor.py:925} INFO - DAG(s) 'etl_pipeline_JO' retrieved from /opt/airflow/dags/JO_dag.py
[2025-10-16T09:53:54.589+0000] {logging_mixin.py:190} INFO - [2025-10-16T09:53:54.589+0000] {dag.py:3239} INFO - Sync 1 DAGs
[2025-10-16T09:53:54.607+0000] {logging_mixin.py:190} INFO - [2025-10-16T09:53:54.607+0000] {dag.py:4180} INFO - Setting next_dagrun for etl_pipeline_JO to 2025-10-16 09:00:00+00:00, run_after=2025-10-16 10:00:00+00:00
[2025-10-16T09:53:54.620+0000] {processor.py:208} INFO - Processing /opt/airflow/dags/JO_dag.py took 0.389 seconds
[2025-10-16T09:54:25.528+0000] {processor.py:186} INFO - Started process (PID=2009) to work on /opt/airflow/dags/JO_dag.py
[2025-10-16T09:54:25.529+0000] {processor.py:914} INFO - Processing file /opt/airflow/dags/JO_dag.py for tasks to queue
[2025-10-16T09:54:25.531+0000] {logging_mixin.py:190} INFO - [2025-10-16T09:54:25.531+0000] {dagbag.py:588} INFO - Filling up the DagBag from /opt/airflow/dags/JO_dag.py
[2025-10-16T09:54:25.908+0000] {processor.py:925} INFO - DAG(s) 'etl_pipeline_JO' retrieved from /opt/airflow/dags/JO_dag.py
[2025-10-16T09:54:25.925+0000] {logging_mixin.py:190} INFO - [2025-10-16T09:54:25.924+0000] {dag.py:3239} INFO - Sync 1 DAGs
[2025-10-16T09:54:25.940+0000] {logging_mixin.py:190} INFO - [2025-10-16T09:54:25.940+0000] {dag.py:4180} INFO - Setting next_dagrun for etl_pipeline_JO to 2025-10-16 09:00:00+00:00, run_after=2025-10-16 10:00:00+00:00
[2025-10-16T09:54:25.954+0000] {processor.py:208} INFO - Processing /opt/airflow/dags/JO_dag.py took 0.430 seconds
[2025-10-16T09:54:55.995+0000] {processor.py:186} INFO - Started process (PID=2026) to work on /opt/airflow/dags/JO_dag.py
[2025-10-16T09:54:55.996+0000] {processor.py:914} INFO - Processing file /opt/airflow/dags/JO_dag.py for tasks to queue
[2025-10-16T09:54:55.998+0000] {logging_mixin.py:190} INFO - [2025-10-16T09:54:55.998+0000] {dagbag.py:588} INFO - Filling up the DagBag from /opt/airflow/dags/JO_dag.py
[2025-10-16T09:54:56.366+0000] {processor.py:925} INFO - DAG(s) 'etl_pipeline_JO' retrieved from /opt/airflow/dags/JO_dag.py
[2025-10-16T09:54:56.382+0000] {logging_mixin.py:190} INFO - [2025-10-16T09:54:56.382+0000] {dag.py:3239} INFO - Sync 1 DAGs
[2025-10-16T09:54:56.398+0000] {logging_mixin.py:190} INFO - [2025-10-16T09:54:56.398+0000] {dag.py:4180} INFO - Setting next_dagrun for etl_pipeline_JO to 2025-10-16 09:00:00+00:00, run_after=2025-10-16 10:00:00+00:00
[2025-10-16T09:54:56.415+0000] {processor.py:208} INFO - Processing /opt/airflow/dags/JO_dag.py took 0.425 seconds
[2025-10-16T09:55:27.246+0000] {processor.py:186} INFO - Started process (PID=2043) to work on /opt/airflow/dags/JO_dag.py
[2025-10-16T09:55:27.247+0000] {processor.py:914} INFO - Processing file /opt/airflow/dags/JO_dag.py for tasks to queue
[2025-10-16T09:55:27.249+0000] {logging_mixin.py:190} INFO - [2025-10-16T09:55:27.249+0000] {dagbag.py:588} INFO - Filling up the DagBag from /opt/airflow/dags/JO_dag.py
[2025-10-16T09:55:27.627+0000] {processor.py:925} INFO - DAG(s) 'etl_pipeline_JO' retrieved from /opt/airflow/dags/JO_dag.py
[2025-10-16T09:55:27.644+0000] {logging_mixin.py:190} INFO - [2025-10-16T09:55:27.643+0000] {dag.py:3239} INFO - Sync 1 DAGs
[2025-10-16T09:55:27.660+0000] {logging_mixin.py:190} INFO - [2025-10-16T09:55:27.660+0000] {dag.py:4180} INFO - Setting next_dagrun for etl_pipeline_JO to 2025-10-16 09:00:00+00:00, run_after=2025-10-16 10:00:00+00:00
[2025-10-16T09:55:27.675+0000] {processor.py:208} INFO - Processing /opt/airflow/dags/JO_dag.py took 0.433 seconds
[2025-10-16T09:55:58.608+0000] {processor.py:186} INFO - Started process (PID=2060) to work on /opt/airflow/dags/JO_dag.py
[2025-10-16T09:55:58.609+0000] {processor.py:914} INFO - Processing file /opt/airflow/dags/JO_dag.py for tasks to queue
[2025-10-16T09:55:58.611+0000] {logging_mixin.py:190} INFO - [2025-10-16T09:55:58.610+0000] {dagbag.py:588} INFO - Filling up the DagBag from /opt/airflow/dags/JO_dag.py
[2025-10-16T09:55:58.953+0000] {processor.py:925} INFO - DAG(s) 'etl_pipeline_JO' retrieved from /opt/airflow/dags/JO_dag.py
[2025-10-16T09:55:58.969+0000] {logging_mixin.py:190} INFO - [2025-10-16T09:55:58.968+0000] {dag.py:3239} INFO - Sync 1 DAGs
[2025-10-16T09:55:58.984+0000] {logging_mixin.py:190} INFO - [2025-10-16T09:55:58.983+0000] {dag.py:4180} INFO - Setting next_dagrun for etl_pipeline_JO to 2025-10-16 09:00:00+00:00, run_after=2025-10-16 10:00:00+00:00
[2025-10-16T09:55:59.001+0000] {processor.py:208} INFO - Processing /opt/airflow/dags/JO_dag.py took 0.399 seconds
[2025-10-16T09:56:29.939+0000] {processor.py:186} INFO - Started process (PID=2077) to work on /opt/airflow/dags/JO_dag.py
[2025-10-16T09:56:29.940+0000] {processor.py:914} INFO - Processing file /opt/airflow/dags/JO_dag.py for tasks to queue
[2025-10-16T09:56:29.942+0000] {logging_mixin.py:190} INFO - [2025-10-16T09:56:29.942+0000] {dagbag.py:588} INFO - Filling up the DagBag from /opt/airflow/dags/JO_dag.py
[2025-10-16T09:56:30.303+0000] {processor.py:925} INFO - DAG(s) 'etl_pipeline_JO' retrieved from /opt/airflow/dags/JO_dag.py
[2025-10-16T09:56:30.319+0000] {logging_mixin.py:190} INFO - [2025-10-16T09:56:30.318+0000] {dag.py:3239} INFO - Sync 1 DAGs
[2025-10-16T09:56:30.335+0000] {logging_mixin.py:190} INFO - [2025-10-16T09:56:30.335+0000] {dag.py:4180} INFO - Setting next_dagrun for etl_pipeline_JO to 2025-10-16 09:00:00+00:00, run_after=2025-10-16 10:00:00+00:00
[2025-10-16T09:56:30.353+0000] {processor.py:208} INFO - Processing /opt/airflow/dags/JO_dag.py took 0.419 seconds
[2025-10-16T09:57:01.258+0000] {processor.py:186} INFO - Started process (PID=2094) to work on /opt/airflow/dags/JO_dag.py
[2025-10-16T09:57:01.259+0000] {processor.py:914} INFO - Processing file /opt/airflow/dags/JO_dag.py for tasks to queue
[2025-10-16T09:57:01.261+0000] {logging_mixin.py:190} INFO - [2025-10-16T09:57:01.261+0000] {dagbag.py:588} INFO - Filling up the DagBag from /opt/airflow/dags/JO_dag.py
[2025-10-16T09:57:01.630+0000] {processor.py:925} INFO - DAG(s) 'etl_pipeline_JO' retrieved from /opt/airflow/dags/JO_dag.py
[2025-10-16T09:57:01.645+0000] {logging_mixin.py:190} INFO - [2025-10-16T09:57:01.644+0000] {dag.py:3239} INFO - Sync 1 DAGs
[2025-10-16T09:57:01.664+0000] {logging_mixin.py:190} INFO - [2025-10-16T09:57:01.664+0000] {dag.py:4180} INFO - Setting next_dagrun for etl_pipeline_JO to 2025-10-16 09:00:00+00:00, run_after=2025-10-16 10:00:00+00:00
[2025-10-16T09:57:01.679+0000] {processor.py:208} INFO - Processing /opt/airflow/dags/JO_dag.py took 0.425 seconds
[2025-10-16T09:57:32.607+0000] {processor.py:186} INFO - Started process (PID=2111) to work on /opt/airflow/dags/JO_dag.py
[2025-10-16T09:57:32.608+0000] {processor.py:914} INFO - Processing file /opt/airflow/dags/JO_dag.py for tasks to queue
[2025-10-16T09:57:32.610+0000] {logging_mixin.py:190} INFO - [2025-10-16T09:57:32.610+0000] {dagbag.py:588} INFO - Filling up the DagBag from /opt/airflow/dags/JO_dag.py
[2025-10-16T09:57:32.971+0000] {processor.py:925} INFO - DAG(s) 'etl_pipeline_JO' retrieved from /opt/airflow/dags/JO_dag.py
[2025-10-16T09:57:32.988+0000] {logging_mixin.py:190} INFO - [2025-10-16T09:57:32.987+0000] {dag.py:3239} INFO - Sync 1 DAGs
[2025-10-16T09:57:33.003+0000] {logging_mixin.py:190} INFO - [2025-10-16T09:57:33.002+0000] {dag.py:4180} INFO - Setting next_dagrun for etl_pipeline_JO to 2025-10-16 09:00:00+00:00, run_after=2025-10-16 10:00:00+00:00
[2025-10-16T09:57:33.021+0000] {processor.py:208} INFO - Processing /opt/airflow/dags/JO_dag.py took 0.419 seconds
[2025-10-16T09:58:03.956+0000] {processor.py:186} INFO - Started process (PID=2128) to work on /opt/airflow/dags/JO_dag.py
[2025-10-16T09:58:03.957+0000] {processor.py:914} INFO - Processing file /opt/airflow/dags/JO_dag.py for tasks to queue
[2025-10-16T09:58:03.959+0000] {logging_mixin.py:190} INFO - [2025-10-16T09:58:03.959+0000] {dagbag.py:588} INFO - Filling up the DagBag from /opt/airflow/dags/JO_dag.py
[2025-10-16T09:58:04.312+0000] {processor.py:925} INFO - DAG(s) 'etl_pipeline_JO' retrieved from /opt/airflow/dags/JO_dag.py
[2025-10-16T09:58:04.328+0000] {logging_mixin.py:190} INFO - [2025-10-16T09:58:04.327+0000] {dag.py:3239} INFO - Sync 1 DAGs
[2025-10-16T09:58:04.343+0000] {logging_mixin.py:190} INFO - [2025-10-16T09:58:04.343+0000] {dag.py:4180} INFO - Setting next_dagrun for etl_pipeline_JO to 2025-10-16 09:00:00+00:00, run_after=2025-10-16 10:00:00+00:00
[2025-10-16T09:58:04.361+0000] {processor.py:208} INFO - Processing /opt/airflow/dags/JO_dag.py took 0.409 seconds
[2025-10-16T09:58:35.226+0000] {processor.py:186} INFO - Started process (PID=2145) to work on /opt/airflow/dags/JO_dag.py
[2025-10-16T09:58:35.227+0000] {processor.py:914} INFO - Processing file /opt/airflow/dags/JO_dag.py for tasks to queue
[2025-10-16T09:58:35.229+0000] {logging_mixin.py:190} INFO - [2025-10-16T09:58:35.229+0000] {dagbag.py:588} INFO - Filling up the DagBag from /opt/airflow/dags/JO_dag.py
[2025-10-16T09:58:35.600+0000] {processor.py:925} INFO - DAG(s) 'etl_pipeline_JO' retrieved from /opt/airflow/dags/JO_dag.py
[2025-10-16T09:58:35.616+0000] {logging_mixin.py:190} INFO - [2025-10-16T09:58:35.616+0000] {dag.py:3239} INFO - Sync 1 DAGs
[2025-10-16T09:58:35.632+0000] {logging_mixin.py:190} INFO - [2025-10-16T09:58:35.632+0000] {dag.py:4180} INFO - Setting next_dagrun for etl_pipeline_JO to 2025-10-16 09:00:00+00:00, run_after=2025-10-16 10:00:00+00:00
[2025-10-16T09:58:35.646+0000] {processor.py:208} INFO - Processing /opt/airflow/dags/JO_dag.py took 0.425 seconds
[2025-10-16T09:59:06.545+0000] {processor.py:186} INFO - Started process (PID=2162) to work on /opt/airflow/dags/JO_dag.py
[2025-10-16T09:59:06.545+0000] {processor.py:914} INFO - Processing file /opt/airflow/dags/JO_dag.py for tasks to queue
[2025-10-16T09:59:06.547+0000] {logging_mixin.py:190} INFO - [2025-10-16T09:59:06.547+0000] {dagbag.py:588} INFO - Filling up the DagBag from /opt/airflow/dags/JO_dag.py
[2025-10-16T09:59:06.915+0000] {processor.py:925} INFO - DAG(s) 'etl_pipeline_JO' retrieved from /opt/airflow/dags/JO_dag.py
[2025-10-16T09:59:06.930+0000] {logging_mixin.py:190} INFO - [2025-10-16T09:59:06.930+0000] {dag.py:3239} INFO - Sync 1 DAGs
[2025-10-16T09:59:06.947+0000] {logging_mixin.py:190} INFO - [2025-10-16T09:59:06.947+0000] {dag.py:4180} INFO - Setting next_dagrun for etl_pipeline_JO to 2025-10-16 09:00:00+00:00, run_after=2025-10-16 10:00:00+00:00
[2025-10-16T09:59:06.959+0000] {processor.py:208} INFO - Processing /opt/airflow/dags/JO_dag.py took 0.419 seconds
[2025-10-16T09:59:37.848+0000] {processor.py:186} INFO - Started process (PID=2179) to work on /opt/airflow/dags/JO_dag.py
[2025-10-16T09:59:37.849+0000] {processor.py:914} INFO - Processing file /opt/airflow/dags/JO_dag.py for tasks to queue
[2025-10-16T09:59:37.851+0000] {logging_mixin.py:190} INFO - [2025-10-16T09:59:37.851+0000] {dagbag.py:588} INFO - Filling up the DagBag from /opt/airflow/dags/JO_dag.py
[2025-10-16T09:59:38.219+0000] {processor.py:925} INFO - DAG(s) 'etl_pipeline_JO' retrieved from /opt/airflow/dags/JO_dag.py
[2025-10-16T09:59:38.235+0000] {logging_mixin.py:190} INFO - [2025-10-16T09:59:38.234+0000] {dag.py:3239} INFO - Sync 1 DAGs
[2025-10-16T09:59:38.251+0000] {logging_mixin.py:190} INFO - [2025-10-16T09:59:38.251+0000] {dag.py:4180} INFO - Setting next_dagrun for etl_pipeline_JO to 2025-10-16 09:00:00+00:00, run_after=2025-10-16 10:00:00+00:00
[2025-10-16T09:59:38.269+0000] {processor.py:208} INFO - Processing /opt/airflow/dags/JO_dag.py took 0.425 seconds
[2025-10-16T10:00:09.160+0000] {processor.py:186} INFO - Started process (PID=2204) to work on /opt/airflow/dags/JO_dag.py
[2025-10-16T10:00:09.161+0000] {processor.py:914} INFO - Processing file /opt/airflow/dags/JO_dag.py for tasks to queue
[2025-10-16T10:00:09.162+0000] {logging_mixin.py:190} INFO - [2025-10-16T10:00:09.162+0000] {dagbag.py:588} INFO - Filling up the DagBag from /opt/airflow/dags/JO_dag.py
[2025-10-16T10:00:09.538+0000] {processor.py:925} INFO - DAG(s) 'etl_pipeline_JO' retrieved from /opt/airflow/dags/JO_dag.py
[2025-10-16T10:00:09.556+0000] {logging_mixin.py:190} INFO - [2025-10-16T10:00:09.556+0000] {dag.py:3239} INFO - Sync 1 DAGs
[2025-10-16T10:00:09.575+0000] {logging_mixin.py:190} INFO - [2025-10-16T10:00:09.575+0000] {dag.py:4180} INFO - Setting next_dagrun for etl_pipeline_JO to 2025-10-16 10:00:00+00:00, run_after=2025-10-16 11:00:00+00:00
[2025-10-16T10:00:09.588+0000] {processor.py:208} INFO - Processing /opt/airflow/dags/JO_dag.py took 0.434 seconds
[2025-10-16T10:00:40.461+0000] {processor.py:186} INFO - Started process (PID=2221) to work on /opt/airflow/dags/JO_dag.py
[2025-10-16T10:00:40.461+0000] {processor.py:914} INFO - Processing file /opt/airflow/dags/JO_dag.py for tasks to queue
[2025-10-16T10:00:40.463+0000] {logging_mixin.py:190} INFO - [2025-10-16T10:00:40.463+0000] {dagbag.py:588} INFO - Filling up the DagBag from /opt/airflow/dags/JO_dag.py
[2025-10-16T10:00:40.842+0000] {processor.py:925} INFO - DAG(s) 'etl_pipeline_JO' retrieved from /opt/airflow/dags/JO_dag.py
[2025-10-16T10:00:40.860+0000] {logging_mixin.py:190} INFO - [2025-10-16T10:00:40.859+0000] {dag.py:3239} INFO - Sync 1 DAGs
[2025-10-16T10:00:40.876+0000] {logging_mixin.py:190} INFO - [2025-10-16T10:00:40.876+0000] {dag.py:4180} INFO - Setting next_dagrun for etl_pipeline_JO to 2025-10-16 10:00:00+00:00, run_after=2025-10-16 11:00:00+00:00
[2025-10-16T10:00:40.892+0000] {processor.py:208} INFO - Processing /opt/airflow/dags/JO_dag.py took 0.436 seconds
[2025-10-16T10:01:11.782+0000] {processor.py:186} INFO - Started process (PID=2238) to work on /opt/airflow/dags/JO_dag.py
[2025-10-16T10:01:11.783+0000] {processor.py:914} INFO - Processing file /opt/airflow/dags/JO_dag.py for tasks to queue
[2025-10-16T10:01:11.785+0000] {logging_mixin.py:190} INFO - [2025-10-16T10:01:11.784+0000] {dagbag.py:588} INFO - Filling up the DagBag from /opt/airflow/dags/JO_dag.py
[2025-10-16T10:01:12.142+0000] {processor.py:925} INFO - DAG(s) 'etl_pipeline_JO' retrieved from /opt/airflow/dags/JO_dag.py
[2025-10-16T10:01:12.160+0000] {logging_mixin.py:190} INFO - [2025-10-16T10:01:12.159+0000] {dag.py:3239} INFO - Sync 1 DAGs
[2025-10-16T10:01:12.176+0000] {logging_mixin.py:190} INFO - [2025-10-16T10:01:12.175+0000] {dag.py:4180} INFO - Setting next_dagrun for etl_pipeline_JO to 2025-10-16 10:00:00+00:00, run_after=2025-10-16 11:00:00+00:00
[2025-10-16T10:01:12.192+0000] {processor.py:208} INFO - Processing /opt/airflow/dags/JO_dag.py took 0.415 seconds
[2025-10-16T10:01:43.095+0000] {processor.py:186} INFO - Started process (PID=2255) to work on /opt/airflow/dags/JO_dag.py
[2025-10-16T10:01:43.095+0000] {processor.py:914} INFO - Processing file /opt/airflow/dags/JO_dag.py for tasks to queue
[2025-10-16T10:01:43.097+0000] {logging_mixin.py:190} INFO - [2025-10-16T10:01:43.097+0000] {dagbag.py:588} INFO - Filling up the DagBag from /opt/airflow/dags/JO_dag.py
[2025-10-16T10:01:43.481+0000] {processor.py:925} INFO - DAG(s) 'etl_pipeline_JO' retrieved from /opt/airflow/dags/JO_dag.py
[2025-10-16T10:01:43.496+0000] {logging_mixin.py:190} INFO - [2025-10-16T10:01:43.496+0000] {dag.py:3239} INFO - Sync 1 DAGs
[2025-10-16T10:01:43.513+0000] {logging_mixin.py:190} INFO - [2025-10-16T10:01:43.513+0000] {dag.py:4180} INFO - Setting next_dagrun for etl_pipeline_JO to 2025-10-16 10:00:00+00:00, run_after=2025-10-16 11:00:00+00:00
[2025-10-16T10:01:43.531+0000] {processor.py:208} INFO - Processing /opt/airflow/dags/JO_dag.py took 0.441 seconds
[2025-10-16T10:02:14.400+0000] {processor.py:186} INFO - Started process (PID=2272) to work on /opt/airflow/dags/JO_dag.py
[2025-10-16T10:02:14.401+0000] {processor.py:914} INFO - Processing file /opt/airflow/dags/JO_dag.py for tasks to queue
[2025-10-16T10:02:14.403+0000] {logging_mixin.py:190} INFO - [2025-10-16T10:02:14.403+0000] {dagbag.py:588} INFO - Filling up the DagBag from /opt/airflow/dags/JO_dag.py
[2025-10-16T10:02:14.755+0000] {processor.py:925} INFO - DAG(s) 'etl_pipeline_JO' retrieved from /opt/airflow/dags/JO_dag.py
[2025-10-16T10:02:14.770+0000] {logging_mixin.py:190} INFO - [2025-10-16T10:02:14.770+0000] {dag.py:3239} INFO - Sync 1 DAGs
[2025-10-16T10:02:14.786+0000] {logging_mixin.py:190} INFO - [2025-10-16T10:02:14.786+0000] {dag.py:4180} INFO - Setting next_dagrun for etl_pipeline_JO to 2025-10-16 10:00:00+00:00, run_after=2025-10-16 11:00:00+00:00
[2025-10-16T10:02:14.802+0000] {processor.py:208} INFO - Processing /opt/airflow/dags/JO_dag.py took 0.407 seconds
[2025-10-16T10:02:45.688+0000] {processor.py:186} INFO - Started process (PID=2295) to work on /opt/airflow/dags/JO_dag.py
[2025-10-16T10:02:45.689+0000] {processor.py:914} INFO - Processing file /opt/airflow/dags/JO_dag.py for tasks to queue
[2025-10-16T10:02:45.691+0000] {logging_mixin.py:190} INFO - [2025-10-16T10:02:45.691+0000] {dagbag.py:588} INFO - Filling up the DagBag from /opt/airflow/dags/JO_dag.py
[2025-10-16T10:02:46.070+0000] {processor.py:925} INFO - DAG(s) 'etl_pipeline_JO' retrieved from /opt/airflow/dags/JO_dag.py
[2025-10-16T10:02:46.089+0000] {logging_mixin.py:190} INFO - [2025-10-16T10:02:46.088+0000] {dag.py:3239} INFO - Sync 1 DAGs
[2025-10-16T10:02:46.107+0000] {logging_mixin.py:190} INFO - [2025-10-16T10:02:46.107+0000] {dag.py:4180} INFO - Setting next_dagrun for etl_pipeline_JO to 2025-10-16 10:00:00+00:00, run_after=2025-10-16 11:00:00+00:00
[2025-10-16T10:02:46.119+0000] {processor.py:208} INFO - Processing /opt/airflow/dags/JO_dag.py took 0.436 seconds
[2025-10-16T10:03:17.068+0000] {processor.py:186} INFO - Started process (PID=2312) to work on /opt/airflow/dags/JO_dag.py
[2025-10-16T10:03:17.069+0000] {processor.py:914} INFO - Processing file /opt/airflow/dags/JO_dag.py for tasks to queue
[2025-10-16T10:03:17.070+0000] {logging_mixin.py:190} INFO - [2025-10-16T10:03:17.070+0000] {dagbag.py:588} INFO - Filling up the DagBag from /opt/airflow/dags/JO_dag.py
[2025-10-16T10:03:17.427+0000] {processor.py:925} INFO - DAG(s) 'etl_pipeline_JO' retrieved from /opt/airflow/dags/JO_dag.py
[2025-10-16T10:03:17.445+0000] {logging_mixin.py:190} INFO - [2025-10-16T10:03:17.444+0000] {dag.py:3239} INFO - Sync 1 DAGs
[2025-10-16T10:03:17.462+0000] {logging_mixin.py:190} INFO - [2025-10-16T10:03:17.461+0000] {dag.py:4180} INFO - Setting next_dagrun for etl_pipeline_JO to 2025-10-16 10:00:00+00:00, run_after=2025-10-16 11:00:00+00:00
[2025-10-16T10:03:17.482+0000] {processor.py:208} INFO - Processing /opt/airflow/dags/JO_dag.py took 0.419 seconds
[2025-10-16T10:03:48.379+0000] {processor.py:186} INFO - Started process (PID=2329) to work on /opt/airflow/dags/JO_dag.py
[2025-10-16T10:03:48.380+0000] {processor.py:914} INFO - Processing file /opt/airflow/dags/JO_dag.py for tasks to queue
[2025-10-16T10:03:48.382+0000] {logging_mixin.py:190} INFO - [2025-10-16T10:03:48.382+0000] {dagbag.py:588} INFO - Filling up the DagBag from /opt/airflow/dags/JO_dag.py
[2025-10-16T10:03:48.758+0000] {processor.py:925} INFO - DAG(s) 'etl_pipeline_JO' retrieved from /opt/airflow/dags/JO_dag.py
[2025-10-16T10:03:48.774+0000] {logging_mixin.py:190} INFO - [2025-10-16T10:03:48.773+0000] {dag.py:3239} INFO - Sync 1 DAGs
[2025-10-16T10:03:48.790+0000] {logging_mixin.py:190} INFO - [2025-10-16T10:03:48.790+0000] {dag.py:4180} INFO - Setting next_dagrun for etl_pipeline_JO to 2025-10-16 10:00:00+00:00, run_after=2025-10-16 11:00:00+00:00
[2025-10-16T10:03:48.803+0000] {processor.py:208} INFO - Processing /opt/airflow/dags/JO_dag.py took 0.429 seconds
[2025-10-16T10:04:19.661+0000] {processor.py:186} INFO - Started process (PID=2346) to work on /opt/airflow/dags/JO_dag.py
[2025-10-16T10:04:19.662+0000] {processor.py:914} INFO - Processing file /opt/airflow/dags/JO_dag.py for tasks to queue
[2025-10-16T10:04:19.664+0000] {logging_mixin.py:190} INFO - [2025-10-16T10:04:19.664+0000] {dagbag.py:588} INFO - Filling up the DagBag from /opt/airflow/dags/JO_dag.py
[2025-10-16T10:04:20.047+0000] {processor.py:925} INFO - DAG(s) 'etl_pipeline_JO' retrieved from /opt/airflow/dags/JO_dag.py
[2025-10-16T10:04:20.063+0000] {logging_mixin.py:190} INFO - [2025-10-16T10:04:20.063+0000] {dag.py:3239} INFO - Sync 1 DAGs
[2025-10-16T10:04:20.081+0000] {logging_mixin.py:190} INFO - [2025-10-16T10:04:20.081+0000] {dag.py:4180} INFO - Setting next_dagrun for etl_pipeline_JO to 2025-10-16 10:00:00+00:00, run_after=2025-10-16 11:00:00+00:00
[2025-10-16T10:04:20.093+0000] {processor.py:208} INFO - Processing /opt/airflow/dags/JO_dag.py took 0.438 seconds
[2025-10-16T10:04:50.947+0000] {processor.py:186} INFO - Started process (PID=2363) to work on /opt/airflow/dags/JO_dag.py
[2025-10-16T10:04:50.948+0000] {processor.py:914} INFO - Processing file /opt/airflow/dags/JO_dag.py for tasks to queue
[2025-10-16T10:04:50.950+0000] {logging_mixin.py:190} INFO - [2025-10-16T10:04:50.950+0000] {dagbag.py:588} INFO - Filling up the DagBag from /opt/airflow/dags/JO_dag.py
[2025-10-16T10:04:51.295+0000] {processor.py:925} INFO - DAG(s) 'etl_pipeline_JO' retrieved from /opt/airflow/dags/JO_dag.py
[2025-10-16T10:04:51.312+0000] {logging_mixin.py:190} INFO - [2025-10-16T10:04:51.311+0000] {dag.py:3239} INFO - Sync 1 DAGs
[2025-10-16T10:04:51.329+0000] {logging_mixin.py:190} INFO - [2025-10-16T10:04:51.329+0000] {dag.py:4180} INFO - Setting next_dagrun for etl_pipeline_JO to 2025-10-16 10:00:00+00:00, run_after=2025-10-16 11:00:00+00:00
[2025-10-16T10:04:51.348+0000] {processor.py:208} INFO - Processing /opt/airflow/dags/JO_dag.py took 0.405 seconds
[2025-10-16T10:05:22.225+0000] {processor.py:186} INFO - Started process (PID=2380) to work on /opt/airflow/dags/JO_dag.py
[2025-10-16T10:05:22.225+0000] {processor.py:914} INFO - Processing file /opt/airflow/dags/JO_dag.py for tasks to queue
[2025-10-16T10:05:22.227+0000] {logging_mixin.py:190} INFO - [2025-10-16T10:05:22.227+0000] {dagbag.py:588} INFO - Filling up the DagBag from /opt/airflow/dags/JO_dag.py
[2025-10-16T10:05:22.596+0000] {processor.py:925} INFO - DAG(s) 'etl_pipeline_JO' retrieved from /opt/airflow/dags/JO_dag.py
[2025-10-16T10:05:22.611+0000] {logging_mixin.py:190} INFO - [2025-10-16T10:05:22.611+0000] {dag.py:3239} INFO - Sync 1 DAGs
[2025-10-16T10:05:22.627+0000] {logging_mixin.py:190} INFO - [2025-10-16T10:05:22.627+0000] {dag.py:4180} INFO - Setting next_dagrun for etl_pipeline_JO to 2025-10-16 10:00:00+00:00, run_after=2025-10-16 11:00:00+00:00
[2025-10-16T10:05:22.641+0000] {processor.py:208} INFO - Processing /opt/airflow/dags/JO_dag.py took 0.421 seconds
[2025-10-16T10:05:52.729+0000] {processor.py:186} INFO - Started process (PID=2397) to work on /opt/airflow/dags/JO_dag.py
[2025-10-16T10:05:52.730+0000] {processor.py:914} INFO - Processing file /opt/airflow/dags/JO_dag.py for tasks to queue
[2025-10-16T10:05:52.732+0000] {logging_mixin.py:190} INFO - [2025-10-16T10:05:52.732+0000] {dagbag.py:588} INFO - Filling up the DagBag from /opt/airflow/dags/JO_dag.py
[2025-10-16T10:05:53.119+0000] {processor.py:925} INFO - DAG(s) 'etl_pipeline_JO' retrieved from /opt/airflow/dags/JO_dag.py
[2025-10-16T10:05:53.136+0000] {logging_mixin.py:190} INFO - [2025-10-16T10:05:53.136+0000] {dag.py:3239} INFO - Sync 1 DAGs
[2025-10-16T10:05:53.152+0000] {logging_mixin.py:190} INFO - [2025-10-16T10:05:53.152+0000] {dag.py:4180} INFO - Setting next_dagrun for etl_pipeline_JO to 2025-10-16 10:00:00+00:00, run_after=2025-10-16 11:00:00+00:00
[2025-10-16T10:05:53.171+0000] {processor.py:208} INFO - Processing /opt/airflow/dags/JO_dag.py took 0.447 seconds
[2025-10-16T10:06:23.959+0000] {processor.py:186} INFO - Started process (PID=2414) to work on /opt/airflow/dags/JO_dag.py
[2025-10-16T10:06:23.960+0000] {processor.py:914} INFO - Processing file /opt/airflow/dags/JO_dag.py for tasks to queue
[2025-10-16T10:06:23.961+0000] {logging_mixin.py:190} INFO - [2025-10-16T10:06:23.961+0000] {dagbag.py:588} INFO - Filling up the DagBag from /opt/airflow/dags/JO_dag.py
[2025-10-16T10:06:24.324+0000] {processor.py:925} INFO - DAG(s) 'etl_pipeline_JO' retrieved from /opt/airflow/dags/JO_dag.py
[2025-10-16T10:06:24.340+0000] {logging_mixin.py:190} INFO - [2025-10-16T10:06:24.340+0000] {dag.py:3239} INFO - Sync 1 DAGs
[2025-10-16T10:06:24.356+0000] {logging_mixin.py:190} INFO - [2025-10-16T10:06:24.355+0000] {dag.py:4180} INFO - Setting next_dagrun for etl_pipeline_JO to 2025-10-16 10:00:00+00:00, run_after=2025-10-16 11:00:00+00:00
[2025-10-16T10:06:24.374+0000] {processor.py:208} INFO - Processing /opt/airflow/dags/JO_dag.py took 0.420 seconds
[2025-10-16T10:06:55.293+0000] {processor.py:186} INFO - Started process (PID=2436) to work on /opt/airflow/dags/JO_dag.py
[2025-10-16T10:06:55.294+0000] {processor.py:914} INFO - Processing file /opt/airflow/dags/JO_dag.py for tasks to queue
[2025-10-16T10:06:55.296+0000] {logging_mixin.py:190} INFO - [2025-10-16T10:06:55.295+0000] {dagbag.py:588} INFO - Filling up the DagBag from /opt/airflow/dags/JO_dag.py
[2025-10-16T10:06:55.677+0000] {processor.py:925} INFO - DAG(s) 'etl_pipeline_JO' retrieved from /opt/airflow/dags/JO_dag.py
[2025-10-16T10:06:55.693+0000] {logging_mixin.py:190} INFO - [2025-10-16T10:06:55.692+0000] {dag.py:3239} INFO - Sync 1 DAGs
[2025-10-16T10:06:55.709+0000] {logging_mixin.py:190} INFO - [2025-10-16T10:06:55.709+0000] {dag.py:4180} INFO - Setting next_dagrun for etl_pipeline_JO to 2025-10-16 10:00:00+00:00, run_after=2025-10-16 11:00:00+00:00
[2025-10-16T10:06:55.726+0000] {processor.py:208} INFO - Processing /opt/airflow/dags/JO_dag.py took 0.438 seconds
[2025-10-16T10:07:26.624+0000] {processor.py:186} INFO - Started process (PID=2453) to work on /opt/airflow/dags/JO_dag.py
[2025-10-16T10:07:26.625+0000] {processor.py:914} INFO - Processing file /opt/airflow/dags/JO_dag.py for tasks to queue
[2025-10-16T10:07:26.627+0000] {logging_mixin.py:190} INFO - [2025-10-16T10:07:26.626+0000] {dagbag.py:588} INFO - Filling up the DagBag from /opt/airflow/dags/JO_dag.py
[2025-10-16T10:07:26.978+0000] {processor.py:925} INFO - DAG(s) 'etl_pipeline_JO' retrieved from /opt/airflow/dags/JO_dag.py
[2025-10-16T10:07:26.993+0000] {logging_mixin.py:190} INFO - [2025-10-16T10:07:26.993+0000] {dag.py:3239} INFO - Sync 1 DAGs
[2025-10-16T10:07:27.009+0000] {logging_mixin.py:190} INFO - [2025-10-16T10:07:27.009+0000] {dag.py:4180} INFO - Setting next_dagrun for etl_pipeline_JO to 2025-10-16 10:00:00+00:00, run_after=2025-10-16 11:00:00+00:00
[2025-10-16T10:07:27.021+0000] {processor.py:208} INFO - Processing /opt/airflow/dags/JO_dag.py took 0.403 seconds
[2025-10-16T10:07:57.125+0000] {processor.py:186} INFO - Started process (PID=2470) to work on /opt/airflow/dags/JO_dag.py
[2025-10-16T10:07:57.125+0000] {processor.py:914} INFO - Processing file /opt/airflow/dags/JO_dag.py for tasks to queue
[2025-10-16T10:07:57.128+0000] {logging_mixin.py:190} INFO - [2025-10-16T10:07:57.127+0000] {dagbag.py:588} INFO - Filling up the DagBag from /opt/airflow/dags/JO_dag.py
[2025-10-16T10:07:57.468+0000] {processor.py:925} INFO - DAG(s) 'etl_pipeline_JO' retrieved from /opt/airflow/dags/JO_dag.py
[2025-10-16T10:07:57.487+0000] {logging_mixin.py:190} INFO - [2025-10-16T10:07:57.486+0000] {dag.py:3239} INFO - Sync 1 DAGs
[2025-10-16T10:07:57.504+0000] {logging_mixin.py:190} INFO - [2025-10-16T10:07:57.504+0000] {dag.py:4180} INFO - Setting next_dagrun for etl_pipeline_JO to 2025-10-16 10:00:00+00:00, run_after=2025-10-16 11:00:00+00:00
[2025-10-16T10:07:57.522+0000] {processor.py:208} INFO - Processing /opt/airflow/dags/JO_dag.py took 0.403 seconds
[2025-10-16T10:08:27.568+0000] {processor.py:186} INFO - Started process (PID=2487) to work on /opt/airflow/dags/JO_dag.py
[2025-10-16T10:08:27.569+0000] {processor.py:914} INFO - Processing file /opt/airflow/dags/JO_dag.py for tasks to queue
[2025-10-16T10:08:27.570+0000] {logging_mixin.py:190} INFO - [2025-10-16T10:08:27.570+0000] {dagbag.py:588} INFO - Filling up the DagBag from /opt/airflow/dags/JO_dag.py
[2025-10-16T10:08:27.924+0000] {processor.py:925} INFO - DAG(s) 'etl_pipeline_JO' retrieved from /opt/airflow/dags/JO_dag.py
[2025-10-16T10:08:27.941+0000] {logging_mixin.py:190} INFO - [2025-10-16T10:08:27.940+0000] {dag.py:3239} INFO - Sync 1 DAGs
[2025-10-16T10:08:27.958+0000] {logging_mixin.py:190} INFO - [2025-10-16T10:08:27.958+0000] {dag.py:4180} INFO - Setting next_dagrun for etl_pipeline_JO to 2025-10-16 10:00:00+00:00, run_after=2025-10-16 11:00:00+00:00
[2025-10-16T10:08:27.970+0000] {processor.py:208} INFO - Processing /opt/airflow/dags/JO_dag.py took 0.408 seconds
[2025-10-16T10:08:58.811+0000] {processor.py:186} INFO - Started process (PID=2504) to work on /opt/airflow/dags/JO_dag.py
[2025-10-16T10:08:58.812+0000] {processor.py:914} INFO - Processing file /opt/airflow/dags/JO_dag.py for tasks to queue
[2025-10-16T10:08:58.814+0000] {logging_mixin.py:190} INFO - [2025-10-16T10:08:58.814+0000] {dagbag.py:588} INFO - Filling up the DagBag from /opt/airflow/dags/JO_dag.py
[2025-10-16T10:08:59.168+0000] {processor.py:925} INFO - DAG(s) 'etl_pipeline_JO' retrieved from /opt/airflow/dags/JO_dag.py
[2025-10-16T10:08:59.183+0000] {logging_mixin.py:190} INFO - [2025-10-16T10:08:59.183+0000] {dag.py:3239} INFO - Sync 1 DAGs
[2025-10-16T10:08:59.200+0000] {logging_mixin.py:190} INFO - [2025-10-16T10:08:59.199+0000] {dag.py:4180} INFO - Setting next_dagrun for etl_pipeline_JO to 2025-10-16 10:00:00+00:00, run_after=2025-10-16 11:00:00+00:00
[2025-10-16T10:08:59.211+0000] {processor.py:208} INFO - Processing /opt/airflow/dags/JO_dag.py took 0.405 seconds
[2025-10-16T10:09:29.259+0000] {processor.py:186} INFO - Started process (PID=2521) to work on /opt/airflow/dags/JO_dag.py
[2025-10-16T10:09:29.260+0000] {processor.py:914} INFO - Processing file /opt/airflow/dags/JO_dag.py for tasks to queue
[2025-10-16T10:09:29.262+0000] {logging_mixin.py:190} INFO - [2025-10-16T10:09:29.262+0000] {dagbag.py:588} INFO - Filling up the DagBag from /opt/airflow/dags/JO_dag.py
[2025-10-16T10:09:29.629+0000] {processor.py:925} INFO - DAG(s) 'etl_pipeline_JO' retrieved from /opt/airflow/dags/JO_dag.py
[2025-10-16T10:09:29.645+0000] {logging_mixin.py:190} INFO - [2025-10-16T10:09:29.645+0000] {dag.py:3239} INFO - Sync 1 DAGs
[2025-10-16T10:09:29.661+0000] {logging_mixin.py:190} INFO - [2025-10-16T10:09:29.661+0000] {dag.py:4180} INFO - Setting next_dagrun for etl_pipeline_JO to 2025-10-16 10:00:00+00:00, run_after=2025-10-16 11:00:00+00:00
[2025-10-16T10:09:29.673+0000] {processor.py:208} INFO - Processing /opt/airflow/dags/JO_dag.py took 0.419 seconds
[2025-10-16T10:10:00.545+0000] {processor.py:186} INFO - Started process (PID=2538) to work on /opt/airflow/dags/JO_dag.py
[2025-10-16T10:10:00.546+0000] {processor.py:914} INFO - Processing file /opt/airflow/dags/JO_dag.py for tasks to queue
[2025-10-16T10:10:00.548+0000] {logging_mixin.py:190} INFO - [2025-10-16T10:10:00.548+0000] {dagbag.py:588} INFO - Filling up the DagBag from /opt/airflow/dags/JO_dag.py
[2025-10-16T10:10:00.895+0000] {processor.py:925} INFO - DAG(s) 'etl_pipeline_JO' retrieved from /opt/airflow/dags/JO_dag.py
[2025-10-16T10:10:00.912+0000] {logging_mixin.py:190} INFO - [2025-10-16T10:10:00.912+0000] {dag.py:3239} INFO - Sync 1 DAGs
[2025-10-16T10:10:00.928+0000] {logging_mixin.py:190} INFO - [2025-10-16T10:10:00.927+0000] {dag.py:4180} INFO - Setting next_dagrun for etl_pipeline_JO to 2025-10-16 10:00:00+00:00, run_after=2025-10-16 11:00:00+00:00
[2025-10-16T10:10:00.944+0000] {processor.py:208} INFO - Processing /opt/airflow/dags/JO_dag.py took 0.404 seconds
[2025-10-16T10:10:31.885+0000] {processor.py:186} INFO - Started process (PID=2555) to work on /opt/airflow/dags/JO_dag.py
[2025-10-16T10:10:31.886+0000] {processor.py:914} INFO - Processing file /opt/airflow/dags/JO_dag.py for tasks to queue
[2025-10-16T10:10:31.888+0000] {logging_mixin.py:190} INFO - [2025-10-16T10:10:31.888+0000] {dagbag.py:588} INFO - Filling up the DagBag from /opt/airflow/dags/JO_dag.py
[2025-10-16T10:10:32.246+0000] {processor.py:925} INFO - DAG(s) 'etl_pipeline_JO' retrieved from /opt/airflow/dags/JO_dag.py
[2025-10-16T10:10:32.262+0000] {logging_mixin.py:190} INFO - [2025-10-16T10:10:32.261+0000] {dag.py:3239} INFO - Sync 1 DAGs
[2025-10-16T10:10:32.277+0000] {logging_mixin.py:190} INFO - [2025-10-16T10:10:32.277+0000] {dag.py:4180} INFO - Setting next_dagrun for etl_pipeline_JO to 2025-10-16 10:00:00+00:00, run_after=2025-10-16 11:00:00+00:00
[2025-10-16T10:10:32.295+0000] {processor.py:208} INFO - Processing /opt/airflow/dags/JO_dag.py took 0.415 seconds
[2025-10-16T10:11:03.229+0000] {processor.py:186} INFO - Started process (PID=2572) to work on /opt/airflow/dags/JO_dag.py
[2025-10-16T10:11:03.230+0000] {processor.py:914} INFO - Processing file /opt/airflow/dags/JO_dag.py for tasks to queue
[2025-10-16T10:11:03.231+0000] {logging_mixin.py:190} INFO - [2025-10-16T10:11:03.231+0000] {dagbag.py:588} INFO - Filling up the DagBag from /opt/airflow/dags/JO_dag.py
[2025-10-16T10:11:03.588+0000] {processor.py:925} INFO - DAG(s) 'etl_pipeline_JO' retrieved from /opt/airflow/dags/JO_dag.py
[2025-10-16T10:11:03.604+0000] {logging_mixin.py:190} INFO - [2025-10-16T10:11:03.604+0000] {dag.py:3239} INFO - Sync 1 DAGs
[2025-10-16T10:11:03.620+0000] {logging_mixin.py:190} INFO - [2025-10-16T10:11:03.620+0000] {dag.py:4180} INFO - Setting next_dagrun for etl_pipeline_JO to 2025-10-16 10:00:00+00:00, run_after=2025-10-16 11:00:00+00:00
[2025-10-16T10:11:03.635+0000] {processor.py:208} INFO - Processing /opt/airflow/dags/JO_dag.py took 0.411 seconds
[2025-10-16T10:11:34.554+0000] {processor.py:186} INFO - Started process (PID=2589) to work on /opt/airflow/dags/JO_dag.py
[2025-10-16T10:11:34.554+0000] {processor.py:914} INFO - Processing file /opt/airflow/dags/JO_dag.py for tasks to queue
[2025-10-16T10:11:34.556+0000] {logging_mixin.py:190} INFO - [2025-10-16T10:11:34.556+0000] {dagbag.py:588} INFO - Filling up the DagBag from /opt/airflow/dags/JO_dag.py
[2025-10-16T10:11:34.921+0000] {processor.py:925} INFO - DAG(s) 'etl_pipeline_JO' retrieved from /opt/airflow/dags/JO_dag.py
[2025-10-16T10:11:34.938+0000] {logging_mixin.py:190} INFO - [2025-10-16T10:11:34.937+0000] {dag.py:3239} INFO - Sync 1 DAGs
[2025-10-16T10:11:34.954+0000] {logging_mixin.py:190} INFO - [2025-10-16T10:11:34.954+0000] {dag.py:4180} INFO - Setting next_dagrun for etl_pipeline_JO to 2025-10-16 10:00:00+00:00, run_after=2025-10-16 11:00:00+00:00
[2025-10-16T10:11:34.969+0000] {processor.py:208} INFO - Processing /opt/airflow/dags/JO_dag.py took 0.420 seconds
[2025-10-16T10:12:05.095+0000] {processor.py:186} INFO - Started process (PID=2606) to work on /opt/airflow/dags/JO_dag.py
[2025-10-16T10:12:05.095+0000] {processor.py:914} INFO - Processing file /opt/airflow/dags/JO_dag.py for tasks to queue
[2025-10-16T10:12:05.097+0000] {logging_mixin.py:190} INFO - [2025-10-16T10:12:05.097+0000] {dagbag.py:588} INFO - Filling up the DagBag from /opt/airflow/dags/JO_dag.py
[2025-10-16T10:12:05.453+0000] {processor.py:925} INFO - DAG(s) 'etl_pipeline_JO' retrieved from /opt/airflow/dags/JO_dag.py
[2025-10-16T10:12:05.468+0000] {logging_mixin.py:190} INFO - [2025-10-16T10:12:05.467+0000] {dag.py:3239} INFO - Sync 1 DAGs
[2025-10-16T10:12:05.484+0000] {logging_mixin.py:190} INFO - [2025-10-16T10:12:05.484+0000] {dag.py:4180} INFO - Setting next_dagrun for etl_pipeline_JO to 2025-10-16 10:00:00+00:00, run_after=2025-10-16 11:00:00+00:00
[2025-10-16T10:12:05.503+0000] {processor.py:208} INFO - Processing /opt/airflow/dags/JO_dag.py took 0.413 seconds
[2025-10-16T10:12:36.356+0000] {processor.py:186} INFO - Started process (PID=2623) to work on /opt/airflow/dags/JO_dag.py
[2025-10-16T10:12:36.357+0000] {processor.py:914} INFO - Processing file /opt/airflow/dags/JO_dag.py for tasks to queue
[2025-10-16T10:12:36.359+0000] {logging_mixin.py:190} INFO - [2025-10-16T10:12:36.358+0000] {dagbag.py:588} INFO - Filling up the DagBag from /opt/airflow/dags/JO_dag.py
[2025-10-16T10:12:36.710+0000] {processor.py:925} INFO - DAG(s) 'etl_pipeline_JO' retrieved from /opt/airflow/dags/JO_dag.py
[2025-10-16T10:12:36.727+0000] {logging_mixin.py:190} INFO - [2025-10-16T10:12:36.727+0000] {dag.py:3239} INFO - Sync 1 DAGs
[2025-10-16T10:12:36.744+0000] {logging_mixin.py:190} INFO - [2025-10-16T10:12:36.744+0000] {dag.py:4180} INFO - Setting next_dagrun for etl_pipeline_JO to 2025-10-16 10:00:00+00:00, run_after=2025-10-16 11:00:00+00:00
[2025-10-16T10:12:36.763+0000] {processor.py:208} INFO - Processing /opt/airflow/dags/JO_dag.py took 0.411 seconds
[2025-10-16T10:13:06.810+0000] {processor.py:186} INFO - Started process (PID=2641) to work on /opt/airflow/dags/JO_dag.py
[2025-10-16T10:13:06.811+0000] {processor.py:914} INFO - Processing file /opt/airflow/dags/JO_dag.py for tasks to queue
[2025-10-16T10:13:06.813+0000] {logging_mixin.py:190} INFO - [2025-10-16T10:13:06.812+0000] {dagbag.py:588} INFO - Filling up the DagBag from /opt/airflow/dags/JO_dag.py
[2025-10-16T10:13:07.176+0000] {processor.py:925} INFO - DAG(s) 'etl_pipeline_JO' retrieved from /opt/airflow/dags/JO_dag.py
[2025-10-16T10:13:07.192+0000] {logging_mixin.py:190} INFO - [2025-10-16T10:13:07.191+0000] {dag.py:3239} INFO - Sync 1 DAGs
[2025-10-16T10:13:07.207+0000] {logging_mixin.py:190} INFO - [2025-10-16T10:13:07.207+0000] {dag.py:4180} INFO - Setting next_dagrun for etl_pipeline_JO to 2025-10-16 10:00:00+00:00, run_after=2025-10-16 11:00:00+00:00
[2025-10-16T10:13:07.224+0000] {processor.py:208} INFO - Processing /opt/airflow/dags/JO_dag.py took 0.419 seconds
[2025-10-16T10:13:38.049+0000] {processor.py:186} INFO - Started process (PID=2658) to work on /opt/airflow/dags/JO_dag.py
[2025-10-16T10:13:38.050+0000] {processor.py:914} INFO - Processing file /opt/airflow/dags/JO_dag.py for tasks to queue
[2025-10-16T10:13:38.052+0000] {logging_mixin.py:190} INFO - [2025-10-16T10:13:38.051+0000] {dagbag.py:588} INFO - Filling up the DagBag from /opt/airflow/dags/JO_dag.py
[2025-10-16T10:13:38.435+0000] {processor.py:925} INFO - DAG(s) 'etl_pipeline_JO' retrieved from /opt/airflow/dags/JO_dag.py
[2025-10-16T10:13:38.453+0000] {logging_mixin.py:190} INFO - [2025-10-16T10:13:38.453+0000] {dag.py:3239} INFO - Sync 1 DAGs
[2025-10-16T10:13:38.471+0000] {logging_mixin.py:190} INFO - [2025-10-16T10:13:38.471+0000] {dag.py:4180} INFO - Setting next_dagrun for etl_pipeline_JO to 2025-10-16 10:00:00+00:00, run_after=2025-10-16 11:00:00+00:00
[2025-10-16T10:13:38.485+0000] {processor.py:208} INFO - Processing /opt/airflow/dags/JO_dag.py took 0.442 seconds
[2025-10-16T10:14:09.413+0000] {processor.py:186} INFO - Started process (PID=2675) to work on /opt/airflow/dags/JO_dag.py
[2025-10-16T10:14:09.414+0000] {processor.py:914} INFO - Processing file /opt/airflow/dags/JO_dag.py for tasks to queue
[2025-10-16T10:14:09.416+0000] {logging_mixin.py:190} INFO - [2025-10-16T10:14:09.415+0000] {dagbag.py:588} INFO - Filling up the DagBag from /opt/airflow/dags/JO_dag.py
[2025-10-16T10:14:09.778+0000] {processor.py:925} INFO - DAG(s) 'etl_pipeline_JO' retrieved from /opt/airflow/dags/JO_dag.py
[2025-10-16T10:14:09.796+0000] {logging_mixin.py:190} INFO - [2025-10-16T10:14:09.796+0000] {dag.py:3239} INFO - Sync 1 DAGs
[2025-10-16T10:14:09.816+0000] {logging_mixin.py:190} INFO - [2025-10-16T10:14:09.816+0000] {dag.py:4180} INFO - Setting next_dagrun for etl_pipeline_JO to 2025-10-16 10:00:00+00:00, run_after=2025-10-16 11:00:00+00:00
[2025-10-16T10:14:09.829+0000] {processor.py:208} INFO - Processing /opt/airflow/dags/JO_dag.py took 0.421 seconds
[2025-10-16T10:14:39.928+0000] {processor.py:186} INFO - Started process (PID=2692) to work on /opt/airflow/dags/JO_dag.py
[2025-10-16T10:14:39.929+0000] {processor.py:914} INFO - Processing file /opt/airflow/dags/JO_dag.py for tasks to queue
[2025-10-16T10:14:39.931+0000] {logging_mixin.py:190} INFO - [2025-10-16T10:14:39.930+0000] {dagbag.py:588} INFO - Filling up the DagBag from /opt/airflow/dags/JO_dag.py
[2025-10-16T10:14:40.305+0000] {processor.py:925} INFO - DAG(s) 'etl_pipeline_JO' retrieved from /opt/airflow/dags/JO_dag.py
[2025-10-16T10:14:40.323+0000] {logging_mixin.py:190} INFO - [2025-10-16T10:14:40.322+0000] {dag.py:3239} INFO - Sync 1 DAGs
[2025-10-16T10:14:40.340+0000] {logging_mixin.py:190} INFO - [2025-10-16T10:14:40.340+0000] {dag.py:4180} INFO - Setting next_dagrun for etl_pipeline_JO to 2025-10-16 10:00:00+00:00, run_after=2025-10-16 11:00:00+00:00
[2025-10-16T10:14:40.353+0000] {processor.py:208} INFO - Processing /opt/airflow/dags/JO_dag.py took 0.431 seconds
[2025-10-16T10:15:11.131+0000] {processor.py:186} INFO - Started process (PID=2709) to work on /opt/airflow/dags/JO_dag.py
[2025-10-16T10:15:11.133+0000] {processor.py:914} INFO - Processing file /opt/airflow/dags/JO_dag.py for tasks to queue
[2025-10-16T10:15:11.135+0000] {logging_mixin.py:190} INFO - [2025-10-16T10:15:11.135+0000] {dagbag.py:588} INFO - Filling up the DagBag from /opt/airflow/dags/JO_dag.py
[2025-10-16T10:15:11.503+0000] {processor.py:925} INFO - DAG(s) 'etl_pipeline_JO' retrieved from /opt/airflow/dags/JO_dag.py
[2025-10-16T10:15:11.520+0000] {logging_mixin.py:190} INFO - [2025-10-16T10:15:11.520+0000] {dag.py:3239} INFO - Sync 1 DAGs
[2025-10-16T10:15:11.536+0000] {logging_mixin.py:190} INFO - [2025-10-16T10:15:11.536+0000] {dag.py:4180} INFO - Setting next_dagrun for etl_pipeline_JO to 2025-10-16 10:00:00+00:00, run_after=2025-10-16 11:00:00+00:00
[2025-10-16T10:15:11.550+0000] {processor.py:208} INFO - Processing /opt/airflow/dags/JO_dag.py took 0.424 seconds
[2025-10-16T10:15:42.465+0000] {processor.py:186} INFO - Started process (PID=2726) to work on /opt/airflow/dags/JO_dag.py
[2025-10-16T10:15:42.466+0000] {processor.py:914} INFO - Processing file /opt/airflow/dags/JO_dag.py for tasks to queue
[2025-10-16T10:15:42.468+0000] {logging_mixin.py:190} INFO - [2025-10-16T10:15:42.468+0000] {dagbag.py:588} INFO - Filling up the DagBag from /opt/airflow/dags/JO_dag.py
[2025-10-16T10:15:42.828+0000] {processor.py:925} INFO - DAG(s) 'etl_pipeline_JO' retrieved from /opt/airflow/dags/JO_dag.py
[2025-10-16T10:15:42.844+0000] {logging_mixin.py:190} INFO - [2025-10-16T10:15:42.844+0000] {dag.py:3239} INFO - Sync 1 DAGs
[2025-10-16T10:15:42.863+0000] {logging_mixin.py:190} INFO - [2025-10-16T10:15:42.863+0000] {dag.py:4180} INFO - Setting next_dagrun for etl_pipeline_JO to 2025-10-16 10:00:00+00:00, run_after=2025-10-16 11:00:00+00:00
[2025-10-16T10:15:42.877+0000] {processor.py:208} INFO - Processing /opt/airflow/dags/JO_dag.py took 0.417 seconds
[2025-10-16T10:16:13.785+0000] {processor.py:186} INFO - Started process (PID=2743) to work on /opt/airflow/dags/JO_dag.py
[2025-10-16T10:16:13.786+0000] {processor.py:914} INFO - Processing file /opt/airflow/dags/JO_dag.py for tasks to queue
[2025-10-16T10:16:13.789+0000] {logging_mixin.py:190} INFO - [2025-10-16T10:16:13.789+0000] {dagbag.py:588} INFO - Filling up the DagBag from /opt/airflow/dags/JO_dag.py
[2025-10-16T10:16:14.151+0000] {processor.py:925} INFO - DAG(s) 'etl_pipeline_JO' retrieved from /opt/airflow/dags/JO_dag.py
[2025-10-16T10:16:14.167+0000] {logging_mixin.py:190} INFO - [2025-10-16T10:16:14.167+0000] {dag.py:3239} INFO - Sync 1 DAGs
[2025-10-16T10:16:14.183+0000] {logging_mixin.py:190} INFO - [2025-10-16T10:16:14.183+0000] {dag.py:4180} INFO - Setting next_dagrun for etl_pipeline_JO to 2025-10-16 10:00:00+00:00, run_after=2025-10-16 11:00:00+00:00
[2025-10-16T10:16:14.197+0000] {processor.py:208} INFO - Processing /opt/airflow/dags/JO_dag.py took 0.418 seconds
[2025-10-16T10:16:45.119+0000] {processor.py:186} INFO - Started process (PID=2760) to work on /opt/airflow/dags/JO_dag.py
[2025-10-16T10:16:45.120+0000] {processor.py:914} INFO - Processing file /opt/airflow/dags/JO_dag.py for tasks to queue
[2025-10-16T10:16:45.121+0000] {logging_mixin.py:190} INFO - [2025-10-16T10:16:45.121+0000] {dagbag.py:588} INFO - Filling up the DagBag from /opt/airflow/dags/JO_dag.py
[2025-10-16T10:16:45.496+0000] {processor.py:925} INFO - DAG(s) 'etl_pipeline_JO' retrieved from /opt/airflow/dags/JO_dag.py
[2025-10-16T10:16:45.515+0000] {logging_mixin.py:190} INFO - [2025-10-16T10:16:45.515+0000] {dag.py:3239} INFO - Sync 1 DAGs
[2025-10-16T10:16:45.532+0000] {logging_mixin.py:190} INFO - [2025-10-16T10:16:45.532+0000] {dag.py:4180} INFO - Setting next_dagrun for etl_pipeline_JO to 2025-10-16 10:00:00+00:00, run_after=2025-10-16 11:00:00+00:00
[2025-10-16T10:16:45.548+0000] {processor.py:208} INFO - Processing /opt/airflow/dags/JO_dag.py took 0.435 seconds
[2025-10-16T10:17:16.477+0000] {processor.py:186} INFO - Started process (PID=2784) to work on /opt/airflow/dags/JO_dag.py
[2025-10-16T10:17:16.478+0000] {processor.py:914} INFO - Processing file /opt/airflow/dags/JO_dag.py for tasks to queue
[2025-10-16T10:17:16.480+0000] {logging_mixin.py:190} INFO - [2025-10-16T10:17:16.480+0000] {dagbag.py:588} INFO - Filling up the DagBag from /opt/airflow/dags/JO_dag.py
[2025-10-16T10:17:16.833+0000] {processor.py:925} INFO - DAG(s) 'etl_pipeline_JO' retrieved from /opt/airflow/dags/JO_dag.py
[2025-10-16T10:17:16.848+0000] {logging_mixin.py:190} INFO - [2025-10-16T10:17:16.848+0000] {dag.py:3239} INFO - Sync 1 DAGs
[2025-10-16T10:17:16.866+0000] {logging_mixin.py:190} INFO - [2025-10-16T10:17:16.866+0000] {dag.py:4180} INFO - Setting next_dagrun for etl_pipeline_JO to 2025-10-16 10:00:00+00:00, run_after=2025-10-16 11:00:00+00:00
[2025-10-16T10:17:16.879+0000] {processor.py:208} INFO - Processing /opt/airflow/dags/JO_dag.py took 0.407 seconds
[2025-10-16T10:17:47.823+0000] {processor.py:186} INFO - Started process (PID=2801) to work on /opt/airflow/dags/JO_dag.py
[2025-10-16T10:17:47.824+0000] {processor.py:914} INFO - Processing file /opt/airflow/dags/JO_dag.py for tasks to queue
[2025-10-16T10:17:47.826+0000] {logging_mixin.py:190} INFO - [2025-10-16T10:17:47.826+0000] {dagbag.py:588} INFO - Filling up the DagBag from /opt/airflow/dags/JO_dag.py
[2025-10-16T10:17:48.193+0000] {processor.py:925} INFO - DAG(s) 'etl_pipeline_JO' retrieved from /opt/airflow/dags/JO_dag.py
[2025-10-16T10:17:48.210+0000] {logging_mixin.py:190} INFO - [2025-10-16T10:17:48.209+0000] {dag.py:3239} INFO - Sync 1 DAGs
[2025-10-16T10:17:48.227+0000] {logging_mixin.py:190} INFO - [2025-10-16T10:17:48.227+0000] {dag.py:4180} INFO - Setting next_dagrun for etl_pipeline_JO to 2025-10-16 10:00:00+00:00, run_after=2025-10-16 11:00:00+00:00
[2025-10-16T10:17:48.242+0000] {processor.py:208} INFO - Processing /opt/airflow/dags/JO_dag.py took 0.423 seconds
[2025-10-16T10:18:19.175+0000] {processor.py:186} INFO - Started process (PID=2818) to work on /opt/airflow/dags/JO_dag.py
[2025-10-16T10:18:19.175+0000] {processor.py:914} INFO - Processing file /opt/airflow/dags/JO_dag.py for tasks to queue
[2025-10-16T10:18:19.177+0000] {logging_mixin.py:190} INFO - [2025-10-16T10:18:19.177+0000] {dagbag.py:588} INFO - Filling up the DagBag from /opt/airflow/dags/JO_dag.py
[2025-10-16T10:18:19.543+0000] {processor.py:925} INFO - DAG(s) 'etl_pipeline_JO' retrieved from /opt/airflow/dags/JO_dag.py
[2025-10-16T10:18:19.559+0000] {logging_mixin.py:190} INFO - [2025-10-16T10:18:19.559+0000] {dag.py:3239} INFO - Sync 1 DAGs
[2025-10-16T10:18:19.575+0000] {logging_mixin.py:190} INFO - [2025-10-16T10:18:19.574+0000] {dag.py:4180} INFO - Setting next_dagrun for etl_pipeline_JO to 2025-10-16 10:00:00+00:00, run_after=2025-10-16 11:00:00+00:00
[2025-10-16T10:18:19.589+0000] {processor.py:208} INFO - Processing /opt/airflow/dags/JO_dag.py took 0.419 seconds
[2025-10-16T10:18:50.536+0000] {processor.py:186} INFO - Started process (PID=2835) to work on /opt/airflow/dags/JO_dag.py
[2025-10-16T10:18:50.537+0000] {processor.py:914} INFO - Processing file /opt/airflow/dags/JO_dag.py for tasks to queue
[2025-10-16T10:18:50.539+0000] {logging_mixin.py:190} INFO - [2025-10-16T10:18:50.539+0000] {dagbag.py:588} INFO - Filling up the DagBag from /opt/airflow/dags/JO_dag.py
[2025-10-16T10:18:50.895+0000] {processor.py:925} INFO - DAG(s) 'etl_pipeline_JO' retrieved from /opt/airflow/dags/JO_dag.py
[2025-10-16T10:18:50.910+0000] {logging_mixin.py:190} INFO - [2025-10-16T10:18:50.910+0000] {dag.py:3239} INFO - Sync 1 DAGs
[2025-10-16T10:18:50.926+0000] {logging_mixin.py:190} INFO - [2025-10-16T10:18:50.925+0000] {dag.py:4180} INFO - Setting next_dagrun for etl_pipeline_JO to 2025-10-16 10:00:00+00:00, run_after=2025-10-16 11:00:00+00:00
[2025-10-16T10:18:50.939+0000] {processor.py:208} INFO - Processing /opt/airflow/dags/JO_dag.py took 0.408 seconds
[2025-10-16T10:19:21.843+0000] {processor.py:186} INFO - Started process (PID=2852) to work on /opt/airflow/dags/JO_dag.py
[2025-10-16T10:19:21.844+0000] {processor.py:914} INFO - Processing file /opt/airflow/dags/JO_dag.py for tasks to queue
[2025-10-16T10:19:21.846+0000] {logging_mixin.py:190} INFO - [2025-10-16T10:19:21.846+0000] {dagbag.py:588} INFO - Filling up the DagBag from /opt/airflow/dags/JO_dag.py
[2025-10-16T10:19:22.199+0000] {processor.py:925} INFO - DAG(s) 'etl_pipeline_JO' retrieved from /opt/airflow/dags/JO_dag.py
[2025-10-16T10:19:22.216+0000] {logging_mixin.py:190} INFO - [2025-10-16T10:19:22.216+0000] {dag.py:3239} INFO - Sync 1 DAGs
[2025-10-16T10:19:22.232+0000] {logging_mixin.py:190} INFO - [2025-10-16T10:19:22.232+0000] {dag.py:4180} INFO - Setting next_dagrun for etl_pipeline_JO to 2025-10-16 10:00:00+00:00, run_after=2025-10-16 11:00:00+00:00
[2025-10-16T10:19:22.245+0000] {processor.py:208} INFO - Processing /opt/airflow/dags/JO_dag.py took 0.407 seconds
[2025-10-16T10:19:53.173+0000] {processor.py:186} INFO - Started process (PID=2869) to work on /opt/airflow/dags/JO_dag.py
[2025-10-16T10:19:53.174+0000] {processor.py:914} INFO - Processing file /opt/airflow/dags/JO_dag.py for tasks to queue
[2025-10-16T10:19:53.176+0000] {logging_mixin.py:190} INFO - [2025-10-16T10:19:53.176+0000] {dagbag.py:588} INFO - Filling up the DagBag from /opt/airflow/dags/JO_dag.py
[2025-10-16T10:19:53.513+0000] {processor.py:925} INFO - DAG(s) 'etl_pipeline_JO' retrieved from /opt/airflow/dags/JO_dag.py
[2025-10-16T10:19:53.530+0000] {logging_mixin.py:190} INFO - [2025-10-16T10:19:53.530+0000] {dag.py:3239} INFO - Sync 1 DAGs
[2025-10-16T10:19:53.546+0000] {logging_mixin.py:190} INFO - [2025-10-16T10:19:53.545+0000] {dag.py:4180} INFO - Setting next_dagrun for etl_pipeline_JO to 2025-10-16 10:00:00+00:00, run_after=2025-10-16 11:00:00+00:00
[2025-10-16T10:19:53.559+0000] {processor.py:208} INFO - Processing /opt/airflow/dags/JO_dag.py took 0.393 seconds
[2025-10-16T10:20:23.599+0000] {processor.py:186} INFO - Started process (PID=2886) to work on /opt/airflow/dags/JO_dag.py
[2025-10-16T10:20:23.600+0000] {processor.py:914} INFO - Processing file /opt/airflow/dags/JO_dag.py for tasks to queue
[2025-10-16T10:20:23.602+0000] {logging_mixin.py:190} INFO - [2025-10-16T10:20:23.602+0000] {dagbag.py:588} INFO - Filling up the DagBag from /opt/airflow/dags/JO_dag.py
[2025-10-16T10:20:23.967+0000] {processor.py:925} INFO - DAG(s) 'etl_pipeline_JO' retrieved from /opt/airflow/dags/JO_dag.py
[2025-10-16T10:20:23.985+0000] {logging_mixin.py:190} INFO - [2025-10-16T10:20:23.984+0000] {dag.py:3239} INFO - Sync 1 DAGs
[2025-10-16T10:20:24.003+0000] {logging_mixin.py:190} INFO - [2025-10-16T10:20:24.003+0000] {dag.py:4180} INFO - Setting next_dagrun for etl_pipeline_JO to 2025-10-16 10:00:00+00:00, run_after=2025-10-16 11:00:00+00:00
[2025-10-16T10:20:24.016+0000] {processor.py:208} INFO - Processing /opt/airflow/dags/JO_dag.py took 0.422 seconds
[2025-10-16T10:20:54.070+0000] {processor.py:186} INFO - Started process (PID=2903) to work on /opt/airflow/dags/JO_dag.py
[2025-10-16T10:20:54.071+0000] {processor.py:914} INFO - Processing file /opt/airflow/dags/JO_dag.py for tasks to queue
[2025-10-16T10:20:54.073+0000] {logging_mixin.py:190} INFO - [2025-10-16T10:20:54.073+0000] {dagbag.py:588} INFO - Filling up the DagBag from /opt/airflow/dags/JO_dag.py
[2025-10-16T10:20:54.434+0000] {processor.py:925} INFO - DAG(s) 'etl_pipeline_JO' retrieved from /opt/airflow/dags/JO_dag.py
[2025-10-16T10:20:54.450+0000] {logging_mixin.py:190} INFO - [2025-10-16T10:20:54.449+0000] {dag.py:3239} INFO - Sync 1 DAGs
[2025-10-16T10:20:54.466+0000] {logging_mixin.py:190} INFO - [2025-10-16T10:20:54.466+0000] {dag.py:4180} INFO - Setting next_dagrun for etl_pipeline_JO to 2025-10-16 10:00:00+00:00, run_after=2025-10-16 11:00:00+00:00
[2025-10-16T10:20:54.481+0000] {processor.py:208} INFO - Processing /opt/airflow/dags/JO_dag.py took 0.415 seconds
[2025-10-16T10:21:24.532+0000] {processor.py:186} INFO - Started process (PID=2920) to work on /opt/airflow/dags/JO_dag.py
[2025-10-16T10:21:24.533+0000] {processor.py:914} INFO - Processing file /opt/airflow/dags/JO_dag.py for tasks to queue
[2025-10-16T10:21:24.536+0000] {logging_mixin.py:190} INFO - [2025-10-16T10:21:24.536+0000] {dagbag.py:588} INFO - Filling up the DagBag from /opt/airflow/dags/JO_dag.py
[2025-10-16T10:21:24.903+0000] {processor.py:925} INFO - DAG(s) 'etl_pipeline_JO' retrieved from /opt/airflow/dags/JO_dag.py
[2025-10-16T10:21:24.920+0000] {logging_mixin.py:190} INFO - [2025-10-16T10:21:24.920+0000] {dag.py:3239} INFO - Sync 1 DAGs
[2025-10-16T10:21:24.936+0000] {logging_mixin.py:190} INFO - [2025-10-16T10:21:24.935+0000] {dag.py:4180} INFO - Setting next_dagrun for etl_pipeline_JO to 2025-10-16 10:00:00+00:00, run_after=2025-10-16 11:00:00+00:00
[2025-10-16T10:21:24.949+0000] {processor.py:208} INFO - Processing /opt/airflow/dags/JO_dag.py took 0.424 seconds
[2025-10-16T10:21:55.773+0000] {processor.py:186} INFO - Started process (PID=2937) to work on /opt/airflow/dags/JO_dag.py
[2025-10-16T10:21:55.773+0000] {processor.py:914} INFO - Processing file /opt/airflow/dags/JO_dag.py for tasks to queue
[2025-10-16T10:21:55.775+0000] {logging_mixin.py:190} INFO - [2025-10-16T10:21:55.775+0000] {dagbag.py:588} INFO - Filling up the DagBag from /opt/airflow/dags/JO_dag.py
[2025-10-16T10:21:56.131+0000] {processor.py:925} INFO - DAG(s) 'etl_pipeline_JO' retrieved from /opt/airflow/dags/JO_dag.py
[2025-10-16T10:21:56.147+0000] {logging_mixin.py:190} INFO - [2025-10-16T10:21:56.147+0000] {dag.py:3239} INFO - Sync 1 DAGs
[2025-10-16T10:21:56.163+0000] {logging_mixin.py:190} INFO - [2025-10-16T10:21:56.163+0000] {dag.py:4180} INFO - Setting next_dagrun for etl_pipeline_JO to 2025-10-16 10:00:00+00:00, run_after=2025-10-16 11:00:00+00:00
[2025-10-16T10:21:56.177+0000] {processor.py:208} INFO - Processing /opt/airflow/dags/JO_dag.py took 0.409 seconds
[2025-10-16T10:22:27.139+0000] {processor.py:186} INFO - Started process (PID=2954) to work on /opt/airflow/dags/JO_dag.py
[2025-10-16T10:22:27.140+0000] {processor.py:914} INFO - Processing file /opt/airflow/dags/JO_dag.py for tasks to queue
[2025-10-16T10:22:27.142+0000] {logging_mixin.py:190} INFO - [2025-10-16T10:22:27.142+0000] {dagbag.py:588} INFO - Filling up the DagBag from /opt/airflow/dags/JO_dag.py
[2025-10-16T10:22:27.507+0000] {processor.py:925} INFO - DAG(s) 'etl_pipeline_JO' retrieved from /opt/airflow/dags/JO_dag.py
[2025-10-16T10:22:27.522+0000] {logging_mixin.py:190} INFO - [2025-10-16T10:22:27.522+0000] {dag.py:3239} INFO - Sync 1 DAGs
[2025-10-16T10:22:27.538+0000] {logging_mixin.py:190} INFO - [2025-10-16T10:22:27.538+0000] {dag.py:4180} INFO - Setting next_dagrun for etl_pipeline_JO to 2025-10-16 10:00:00+00:00, run_after=2025-10-16 11:00:00+00:00
[2025-10-16T10:22:27.551+0000] {processor.py:208} INFO - Processing /opt/airflow/dags/JO_dag.py took 0.417 seconds
[2025-10-16T10:22:58.484+0000] {processor.py:186} INFO - Started process (PID=2972) to work on /opt/airflow/dags/JO_dag.py
[2025-10-16T10:22:58.485+0000] {processor.py:914} INFO - Processing file /opt/airflow/dags/JO_dag.py for tasks to queue
[2025-10-16T10:22:58.487+0000] {logging_mixin.py:190} INFO - [2025-10-16T10:22:58.486+0000] {dagbag.py:588} INFO - Filling up the DagBag from /opt/airflow/dags/JO_dag.py
[2025-10-16T10:22:58.852+0000] {processor.py:925} INFO - DAG(s) 'etl_pipeline_JO' retrieved from /opt/airflow/dags/JO_dag.py
[2025-10-16T10:22:58.869+0000] {logging_mixin.py:190} INFO - [2025-10-16T10:22:58.868+0000] {dag.py:3239} INFO - Sync 1 DAGs
[2025-10-16T10:22:58.884+0000] {logging_mixin.py:190} INFO - [2025-10-16T10:22:58.884+0000] {dag.py:4180} INFO - Setting next_dagrun for etl_pipeline_JO to 2025-10-16 10:00:00+00:00, run_after=2025-10-16 11:00:00+00:00
[2025-10-16T10:22:58.899+0000] {processor.py:208} INFO - Processing /opt/airflow/dags/JO_dag.py took 0.420 seconds
[2025-10-16T10:23:29.721+0000] {processor.py:186} INFO - Started process (PID=2989) to work on /opt/airflow/dags/JO_dag.py
[2025-10-16T10:23:29.722+0000] {processor.py:914} INFO - Processing file /opt/airflow/dags/JO_dag.py for tasks to queue
[2025-10-16T10:23:29.724+0000] {logging_mixin.py:190} INFO - [2025-10-16T10:23:29.724+0000] {dagbag.py:588} INFO - Filling up the DagBag from /opt/airflow/dags/JO_dag.py
[2025-10-16T10:23:30.087+0000] {processor.py:925} INFO - DAG(s) 'etl_pipeline_JO' retrieved from /opt/airflow/dags/JO_dag.py
[2025-10-16T10:23:30.102+0000] {logging_mixin.py:190} INFO - [2025-10-16T10:23:30.102+0000] {dag.py:3239} INFO - Sync 1 DAGs
[2025-10-16T10:23:30.118+0000] {logging_mixin.py:190} INFO - [2025-10-16T10:23:30.118+0000] {dag.py:4180} INFO - Setting next_dagrun for etl_pipeline_JO to 2025-10-16 10:00:00+00:00, run_after=2025-10-16 11:00:00+00:00
[2025-10-16T10:23:30.130+0000] {processor.py:208} INFO - Processing /opt/airflow/dags/JO_dag.py took 0.413 seconds
[2025-10-16T10:24:00.239+0000] {processor.py:186} INFO - Started process (PID=3006) to work on /opt/airflow/dags/JO_dag.py
[2025-10-16T10:24:00.240+0000] {processor.py:914} INFO - Processing file /opt/airflow/dags/JO_dag.py for tasks to queue
[2025-10-16T10:24:00.242+0000] {logging_mixin.py:190} INFO - [2025-10-16T10:24:00.241+0000] {dagbag.py:588} INFO - Filling up the DagBag from /opt/airflow/dags/JO_dag.py
[2025-10-16T10:24:00.595+0000] {processor.py:925} INFO - DAG(s) 'etl_pipeline_JO' retrieved from /opt/airflow/dags/JO_dag.py
[2025-10-16T10:24:00.610+0000] {logging_mixin.py:190} INFO - [2025-10-16T10:24:00.609+0000] {dag.py:3239} INFO - Sync 1 DAGs
[2025-10-16T10:24:00.626+0000] {logging_mixin.py:190} INFO - [2025-10-16T10:24:00.626+0000] {dag.py:4180} INFO - Setting next_dagrun for etl_pipeline_JO to 2025-10-16 10:00:00+00:00, run_after=2025-10-16 11:00:00+00:00
[2025-10-16T10:24:00.643+0000] {processor.py:208} INFO - Processing /opt/airflow/dags/JO_dag.py took 0.409 seconds
[2025-10-16T10:24:30.685+0000] {processor.py:186} INFO - Started process (PID=3023) to work on /opt/airflow/dags/JO_dag.py
[2025-10-16T10:24:30.686+0000] {processor.py:914} INFO - Processing file /opt/airflow/dags/JO_dag.py for tasks to queue
[2025-10-16T10:24:30.688+0000] {logging_mixin.py:190} INFO - [2025-10-16T10:24:30.687+0000] {dagbag.py:588} INFO - Filling up the DagBag from /opt/airflow/dags/JO_dag.py
[2025-10-16T10:24:31.040+0000] {processor.py:925} INFO - DAG(s) 'etl_pipeline_JO' retrieved from /opt/airflow/dags/JO_dag.py
[2025-10-16T10:24:31.059+0000] {logging_mixin.py:190} INFO - [2025-10-16T10:24:31.059+0000] {dag.py:3239} INFO - Sync 1 DAGs
[2025-10-16T10:24:31.076+0000] {logging_mixin.py:190} INFO - [2025-10-16T10:24:31.075+0000] {dag.py:4180} INFO - Setting next_dagrun for etl_pipeline_JO to 2025-10-16 10:00:00+00:00, run_after=2025-10-16 11:00:00+00:00
[2025-10-16T10:24:31.093+0000] {processor.py:208} INFO - Processing /opt/airflow/dags/JO_dag.py took 0.413 seconds
[2025-10-16T10:25:01.948+0000] {processor.py:186} INFO - Started process (PID=3040) to work on /opt/airflow/dags/JO_dag.py
[2025-10-16T10:25:01.949+0000] {processor.py:914} INFO - Processing file /opt/airflow/dags/JO_dag.py for tasks to queue
[2025-10-16T10:25:01.951+0000] {logging_mixin.py:190} INFO - [2025-10-16T10:25:01.950+0000] {dagbag.py:588} INFO - Filling up the DagBag from /opt/airflow/dags/JO_dag.py
[2025-10-16T10:25:02.317+0000] {processor.py:925} INFO - DAG(s) 'etl_pipeline_JO' retrieved from /opt/airflow/dags/JO_dag.py
[2025-10-16T10:25:02.334+0000] {logging_mixin.py:190} INFO - [2025-10-16T10:25:02.334+0000] {dag.py:3239} INFO - Sync 1 DAGs
[2025-10-16T10:25:02.349+0000] {logging_mixin.py:190} INFO - [2025-10-16T10:25:02.349+0000] {dag.py:4180} INFO - Setting next_dagrun for etl_pipeline_JO to 2025-10-16 10:00:00+00:00, run_after=2025-10-16 11:00:00+00:00
[2025-10-16T10:25:02.368+0000] {processor.py:208} INFO - Processing /opt/airflow/dags/JO_dag.py took 0.426 seconds
[2025-10-16T10:25:33.265+0000] {processor.py:186} INFO - Started process (PID=3057) to work on /opt/airflow/dags/JO_dag.py
[2025-10-16T10:25:33.266+0000] {processor.py:914} INFO - Processing file /opt/airflow/dags/JO_dag.py for tasks to queue
[2025-10-16T10:25:33.268+0000] {logging_mixin.py:190} INFO - [2025-10-16T10:25:33.268+0000] {dagbag.py:588} INFO - Filling up the DagBag from /opt/airflow/dags/JO_dag.py
[2025-10-16T10:25:33.680+0000] {processor.py:925} INFO - DAG(s) 'etl_pipeline_JO' retrieved from /opt/airflow/dags/JO_dag.py
[2025-10-16T10:25:33.699+0000] {logging_mixin.py:190} INFO - [2025-10-16T10:25:33.698+0000] {dag.py:3239} INFO - Sync 1 DAGs
[2025-10-16T10:25:33.718+0000] {logging_mixin.py:190} INFO - [2025-10-16T10:25:33.717+0000] {dag.py:4180} INFO - Setting next_dagrun for etl_pipeline_JO to 2025-10-16 10:00:00+00:00, run_after=2025-10-16 11:00:00+00:00
[2025-10-16T10:25:33.732+0000] {processor.py:208} INFO - Processing /opt/airflow/dags/JO_dag.py took 0.472 seconds
[2025-10-16T10:26:04.595+0000] {processor.py:186} INFO - Started process (PID=3074) to work on /opt/airflow/dags/JO_dag.py
[2025-10-16T10:26:04.596+0000] {processor.py:914} INFO - Processing file /opt/airflow/dags/JO_dag.py for tasks to queue
[2025-10-16T10:26:04.597+0000] {logging_mixin.py:190} INFO - [2025-10-16T10:26:04.597+0000] {dagbag.py:588} INFO - Filling up the DagBag from /opt/airflow/dags/JO_dag.py
[2025-10-16T10:26:04.962+0000] {processor.py:925} INFO - DAG(s) 'etl_pipeline_JO' retrieved from /opt/airflow/dags/JO_dag.py
[2025-10-16T10:26:04.979+0000] {logging_mixin.py:190} INFO - [2025-10-16T10:26:04.979+0000] {dag.py:3239} INFO - Sync 1 DAGs
[2025-10-16T10:26:04.996+0000] {logging_mixin.py:190} INFO - [2025-10-16T10:26:04.996+0000] {dag.py:4180} INFO - Setting next_dagrun for etl_pipeline_JO to 2025-10-16 10:00:00+00:00, run_after=2025-10-16 11:00:00+00:00
[2025-10-16T10:26:05.016+0000] {processor.py:208} INFO - Processing /opt/airflow/dags/JO_dag.py took 0.426 seconds
[2025-10-16T10:26:35.917+0000] {processor.py:186} INFO - Started process (PID=3091) to work on /opt/airflow/dags/JO_dag.py
[2025-10-16T10:26:35.918+0000] {processor.py:914} INFO - Processing file /opt/airflow/dags/JO_dag.py for tasks to queue
[2025-10-16T10:26:35.920+0000] {logging_mixin.py:190} INFO - [2025-10-16T10:26:35.919+0000] {dagbag.py:588} INFO - Filling up the DagBag from /opt/airflow/dags/JO_dag.py
[2025-10-16T10:26:36.271+0000] {processor.py:925} INFO - DAG(s) 'etl_pipeline_JO' retrieved from /opt/airflow/dags/JO_dag.py
[2025-10-16T10:26:36.287+0000] {logging_mixin.py:190} INFO - [2025-10-16T10:26:36.286+0000] {dag.py:3239} INFO - Sync 1 DAGs
[2025-10-16T10:26:36.303+0000] {logging_mixin.py:190} INFO - [2025-10-16T10:26:36.303+0000] {dag.py:4180} INFO - Setting next_dagrun for etl_pipeline_JO to 2025-10-16 10:00:00+00:00, run_after=2025-10-16 11:00:00+00:00
[2025-10-16T10:26:36.320+0000] {processor.py:208} INFO - Processing /opt/airflow/dags/JO_dag.py took 0.408 seconds
[2025-10-16T10:27:06.431+0000] {processor.py:186} INFO - Started process (PID=3108) to work on /opt/airflow/dags/JO_dag.py
[2025-10-16T10:27:06.432+0000] {processor.py:914} INFO - Processing file /opt/airflow/dags/JO_dag.py for tasks to queue
[2025-10-16T10:27:06.434+0000] {logging_mixin.py:190} INFO - [2025-10-16T10:27:06.433+0000] {dagbag.py:588} INFO - Filling up the DagBag from /opt/airflow/dags/JO_dag.py
[2025-10-16T10:27:06.797+0000] {processor.py:925} INFO - DAG(s) 'etl_pipeline_JO' retrieved from /opt/airflow/dags/JO_dag.py
[2025-10-16T10:27:06.814+0000] {logging_mixin.py:190} INFO - [2025-10-16T10:27:06.813+0000] {dag.py:3239} INFO - Sync 1 DAGs
[2025-10-16T10:27:06.830+0000] {logging_mixin.py:190} INFO - [2025-10-16T10:27:06.830+0000] {dag.py:4180} INFO - Setting next_dagrun for etl_pipeline_JO to 2025-10-16 10:00:00+00:00, run_after=2025-10-16 11:00:00+00:00
[2025-10-16T10:27:06.848+0000] {processor.py:208} INFO - Processing /opt/airflow/dags/JO_dag.py took 0.423 seconds
[2025-10-16T10:27:37.693+0000] {processor.py:186} INFO - Started process (PID=3126) to work on /opt/airflow/dags/JO_dag.py
[2025-10-16T10:27:37.694+0000] {processor.py:914} INFO - Processing file /opt/airflow/dags/JO_dag.py for tasks to queue
[2025-10-16T10:27:37.695+0000] {logging_mixin.py:190} INFO - [2025-10-16T10:27:37.695+0000] {dagbag.py:588} INFO - Filling up the DagBag from /opt/airflow/dags/JO_dag.py
[2025-10-16T10:27:38.048+0000] {processor.py:925} INFO - DAG(s) 'etl_pipeline_JO' retrieved from /opt/airflow/dags/JO_dag.py
[2025-10-16T10:27:38.066+0000] {logging_mixin.py:190} INFO - [2025-10-16T10:27:38.065+0000] {dag.py:3239} INFO - Sync 1 DAGs
[2025-10-16T10:27:38.082+0000] {logging_mixin.py:190} INFO - [2025-10-16T10:27:38.082+0000] {dag.py:4180} INFO - Setting next_dagrun for etl_pipeline_JO to 2025-10-16 10:00:00+00:00, run_after=2025-10-16 11:00:00+00:00
[2025-10-16T10:27:38.096+0000] {processor.py:208} INFO - Processing /opt/airflow/dags/JO_dag.py took 0.408 seconds
[2025-10-16T10:28:08.161+0000] {processor.py:186} INFO - Started process (PID=3143) to work on /opt/airflow/dags/JO_dag.py
[2025-10-16T10:28:08.162+0000] {processor.py:914} INFO - Processing file /opt/airflow/dags/JO_dag.py for tasks to queue
[2025-10-16T10:28:08.164+0000] {logging_mixin.py:190} INFO - [2025-10-16T10:28:08.164+0000] {dagbag.py:588} INFO - Filling up the DagBag from /opt/airflow/dags/JO_dag.py
[2025-10-16T10:28:08.525+0000] {processor.py:925} INFO - DAG(s) 'etl_pipeline_JO' retrieved from /opt/airflow/dags/JO_dag.py
[2025-10-16T10:28:08.540+0000] {logging_mixin.py:190} INFO - [2025-10-16T10:28:08.540+0000] {dag.py:3239} INFO - Sync 1 DAGs
[2025-10-16T10:28:08.555+0000] {logging_mixin.py:190} INFO - [2025-10-16T10:28:08.555+0000] {dag.py:4180} INFO - Setting next_dagrun for etl_pipeline_JO to 2025-10-16 10:00:00+00:00, run_after=2025-10-16 11:00:00+00:00
[2025-10-16T10:28:08.567+0000] {processor.py:208} INFO - Processing /opt/airflow/dags/JO_dag.py took 0.411 seconds
[2025-10-16T10:28:39.462+0000] {processor.py:186} INFO - Started process (PID=3161) to work on /opt/airflow/dags/JO_dag.py
[2025-10-16T10:28:39.462+0000] {processor.py:914} INFO - Processing file /opt/airflow/dags/JO_dag.py for tasks to queue
[2025-10-16T10:28:39.464+0000] {logging_mixin.py:190} INFO - [2025-10-16T10:28:39.464+0000] {dagbag.py:588} INFO - Filling up the DagBag from /opt/airflow/dags/JO_dag.py
[2025-10-16T10:28:39.823+0000] {processor.py:925} INFO - DAG(s) 'etl_pipeline_JO' retrieved from /opt/airflow/dags/JO_dag.py
[2025-10-16T10:28:39.839+0000] {logging_mixin.py:190} INFO - [2025-10-16T10:28:39.839+0000] {dag.py:3239} INFO - Sync 1 DAGs
[2025-10-16T10:28:39.854+0000] {logging_mixin.py:190} INFO - [2025-10-16T10:28:39.854+0000] {dag.py:4180} INFO - Setting next_dagrun for etl_pipeline_JO to 2025-10-16 10:00:00+00:00, run_after=2025-10-16 11:00:00+00:00
[2025-10-16T10:28:39.872+0000] {processor.py:208} INFO - Processing /opt/airflow/dags/JO_dag.py took 0.415 seconds
[2025-10-16T10:29:10.804+0000] {processor.py:186} INFO - Started process (PID=3183) to work on /opt/airflow/dags/JO_dag.py
[2025-10-16T10:29:10.805+0000] {processor.py:914} INFO - Processing file /opt/airflow/dags/JO_dag.py for tasks to queue
[2025-10-16T10:29:10.807+0000] {logging_mixin.py:190} INFO - [2025-10-16T10:29:10.806+0000] {dagbag.py:588} INFO - Filling up the DagBag from /opt/airflow/dags/JO_dag.py
[2025-10-16T10:29:11.167+0000] {processor.py:925} INFO - DAG(s) 'etl_pipeline_JO' retrieved from /opt/airflow/dags/JO_dag.py
[2025-10-16T10:29:11.183+0000] {logging_mixin.py:190} INFO - [2025-10-16T10:29:11.182+0000] {dag.py:3239} INFO - Sync 1 DAGs
[2025-10-16T10:29:11.200+0000] {logging_mixin.py:190} INFO - [2025-10-16T10:29:11.199+0000] {dag.py:4180} INFO - Setting next_dagrun for etl_pipeline_JO to 2025-10-16 10:00:00+00:00, run_after=2025-10-16 11:00:00+00:00
[2025-10-16T10:29:11.213+0000] {processor.py:208} INFO - Processing /opt/airflow/dags/JO_dag.py took 0.414 seconds
[2025-10-16T10:29:41.361+0000] {processor.py:186} INFO - Started process (PID=3200) to work on /opt/airflow/dags/JO_dag.py
[2025-10-16T10:29:41.362+0000] {processor.py:914} INFO - Processing file /opt/airflow/dags/JO_dag.py for tasks to queue
[2025-10-16T10:29:41.364+0000] {logging_mixin.py:190} INFO - [2025-10-16T10:29:41.364+0000] {dagbag.py:588} INFO - Filling up the DagBag from /opt/airflow/dags/JO_dag.py
[2025-10-16T10:29:41.725+0000] {processor.py:925} INFO - DAG(s) 'etl_pipeline_JO' retrieved from /opt/airflow/dags/JO_dag.py
[2025-10-16T10:29:41.741+0000] {logging_mixin.py:190} INFO - [2025-10-16T10:29:41.741+0000] {dag.py:3239} INFO - Sync 1 DAGs
[2025-10-16T10:29:41.757+0000] {logging_mixin.py:190} INFO - [2025-10-16T10:29:41.757+0000] {dag.py:4180} INFO - Setting next_dagrun for etl_pipeline_JO to 2025-10-16 10:00:00+00:00, run_after=2025-10-16 11:00:00+00:00
[2025-10-16T10:29:41.771+0000] {processor.py:208} INFO - Processing /opt/airflow/dags/JO_dag.py took 0.415 seconds
[2025-10-16T10:30:11.842+0000] {processor.py:186} INFO - Started process (PID=3217) to work on /opt/airflow/dags/JO_dag.py
[2025-10-16T10:30:11.842+0000] {processor.py:914} INFO - Processing file /opt/airflow/dags/JO_dag.py for tasks to queue
[2025-10-16T10:30:11.844+0000] {logging_mixin.py:190} INFO - [2025-10-16T10:30:11.844+0000] {dagbag.py:588} INFO - Filling up the DagBag from /opt/airflow/dags/JO_dag.py
[2025-10-16T10:30:12.235+0000] {processor.py:925} INFO - DAG(s) 'etl_pipeline_JO' retrieved from /opt/airflow/dags/JO_dag.py
[2025-10-16T10:30:12.251+0000] {logging_mixin.py:190} INFO - [2025-10-16T10:30:12.251+0000] {dag.py:3239} INFO - Sync 1 DAGs
[2025-10-16T10:30:12.267+0000] {logging_mixin.py:190} INFO - [2025-10-16T10:30:12.267+0000] {dag.py:4180} INFO - Setting next_dagrun for etl_pipeline_JO to 2025-10-16 10:00:00+00:00, run_after=2025-10-16 11:00:00+00:00
[2025-10-16T10:30:12.286+0000] {processor.py:208} INFO - Processing /opt/airflow/dags/JO_dag.py took 0.449 seconds
[2025-10-16T10:30:43.075+0000] {processor.py:186} INFO - Started process (PID=3234) to work on /opt/airflow/dags/JO_dag.py
[2025-10-16T10:30:43.076+0000] {processor.py:914} INFO - Processing file /opt/airflow/dags/JO_dag.py for tasks to queue
[2025-10-16T10:30:43.078+0000] {logging_mixin.py:190} INFO - [2025-10-16T10:30:43.077+0000] {dagbag.py:588} INFO - Filling up the DagBag from /opt/airflow/dags/JO_dag.py
[2025-10-16T10:30:43.465+0000] {processor.py:925} INFO - DAG(s) 'etl_pipeline_JO' retrieved from /opt/airflow/dags/JO_dag.py
[2025-10-16T10:30:43.483+0000] {logging_mixin.py:190} INFO - [2025-10-16T10:30:43.483+0000] {dag.py:3239} INFO - Sync 1 DAGs
[2025-10-16T10:30:43.501+0000] {logging_mixin.py:190} INFO - [2025-10-16T10:30:43.501+0000] {dag.py:4180} INFO - Setting next_dagrun for etl_pipeline_JO to 2025-10-16 10:00:00+00:00, run_after=2025-10-16 11:00:00+00:00
[2025-10-16T10:30:43.518+0000] {processor.py:208} INFO - Processing /opt/airflow/dags/JO_dag.py took 0.449 seconds
[2025-10-16T10:31:14.415+0000] {processor.py:186} INFO - Started process (PID=3251) to work on /opt/airflow/dags/JO_dag.py
[2025-10-16T10:31:14.415+0000] {processor.py:914} INFO - Processing file /opt/airflow/dags/JO_dag.py for tasks to queue
[2025-10-16T10:31:14.417+0000] {logging_mixin.py:190} INFO - [2025-10-16T10:31:14.417+0000] {dagbag.py:588} INFO - Filling up the DagBag from /opt/airflow/dags/JO_dag.py
[2025-10-16T10:31:14.784+0000] {processor.py:925} INFO - DAG(s) 'etl_pipeline_JO' retrieved from /opt/airflow/dags/JO_dag.py
[2025-10-16T10:31:14.801+0000] {logging_mixin.py:190} INFO - [2025-10-16T10:31:14.801+0000] {dag.py:3239} INFO - Sync 1 DAGs
[2025-10-16T10:31:14.817+0000] {logging_mixin.py:190} INFO - [2025-10-16T10:31:14.817+0000] {dag.py:4180} INFO - Setting next_dagrun for etl_pipeline_JO to 2025-10-16 10:00:00+00:00, run_after=2025-10-16 11:00:00+00:00
[2025-10-16T10:31:14.832+0000] {processor.py:208} INFO - Processing /opt/airflow/dags/JO_dag.py took 0.422 seconds
[2025-10-16T10:31:45.767+0000] {processor.py:186} INFO - Started process (PID=3268) to work on /opt/airflow/dags/JO_dag.py
[2025-10-16T10:31:45.768+0000] {processor.py:914} INFO - Processing file /opt/airflow/dags/JO_dag.py for tasks to queue
[2025-10-16T10:31:45.769+0000] {logging_mixin.py:190} INFO - [2025-10-16T10:31:45.769+0000] {dagbag.py:588} INFO - Filling up the DagBag from /opt/airflow/dags/JO_dag.py
[2025-10-16T10:31:46.117+0000] {processor.py:925} INFO - DAG(s) 'etl_pipeline_JO' retrieved from /opt/airflow/dags/JO_dag.py
[2025-10-16T10:31:46.133+0000] {logging_mixin.py:190} INFO - [2025-10-16T10:31:46.132+0000] {dag.py:3239} INFO - Sync 1 DAGs
[2025-10-16T10:31:46.148+0000] {logging_mixin.py:190} INFO - [2025-10-16T10:31:46.148+0000] {dag.py:4180} INFO - Setting next_dagrun for etl_pipeline_JO to 2025-10-16 10:00:00+00:00, run_after=2025-10-16 11:00:00+00:00
[2025-10-16T10:31:46.166+0000] {processor.py:208} INFO - Processing /opt/airflow/dags/JO_dag.py took 0.404 seconds
[2025-10-16T10:32:17.104+0000] {processor.py:186} INFO - Started process (PID=3291) to work on /opt/airflow/dags/JO_dag.py
[2025-10-16T10:32:17.105+0000] {processor.py:914} INFO - Processing file /opt/airflow/dags/JO_dag.py for tasks to queue
[2025-10-16T10:32:17.106+0000] {logging_mixin.py:190} INFO - [2025-10-16T10:32:17.106+0000] {dagbag.py:588} INFO - Filling up the DagBag from /opt/airflow/dags/JO_dag.py
[2025-10-16T10:32:17.446+0000] {processor.py:925} INFO - DAG(s) 'etl_pipeline_JO' retrieved from /opt/airflow/dags/JO_dag.py
[2025-10-16T10:32:17.462+0000] {logging_mixin.py:190} INFO - [2025-10-16T10:32:17.461+0000] {dag.py:3239} INFO - Sync 1 DAGs
[2025-10-16T10:32:17.478+0000] {logging_mixin.py:190} INFO - [2025-10-16T10:32:17.478+0000] {dag.py:4180} INFO - Setting next_dagrun for etl_pipeline_JO to 2025-10-16 10:00:00+00:00, run_after=2025-10-16 11:00:00+00:00
[2025-10-16T10:32:17.496+0000] {processor.py:208} INFO - Processing /opt/airflow/dags/JO_dag.py took 0.397 seconds
[2025-10-16T10:32:47.630+0000] {processor.py:186} INFO - Started process (PID=3308) to work on /opt/airflow/dags/JO_dag.py
[2025-10-16T10:32:47.631+0000] {processor.py:914} INFO - Processing file /opt/airflow/dags/JO_dag.py for tasks to queue
[2025-10-16T10:32:47.632+0000] {logging_mixin.py:190} INFO - [2025-10-16T10:32:47.632+0000] {dagbag.py:588} INFO - Filling up the DagBag from /opt/airflow/dags/JO_dag.py
[2025-10-16T10:32:47.985+0000] {processor.py:925} INFO - DAG(s) 'etl_pipeline_JO' retrieved from /opt/airflow/dags/JO_dag.py
[2025-10-16T10:32:48.001+0000] {logging_mixin.py:190} INFO - [2025-10-16T10:32:48.001+0000] {dag.py:3239} INFO - Sync 1 DAGs
[2025-10-16T10:32:48.018+0000] {logging_mixin.py:190} INFO - [2025-10-16T10:32:48.018+0000] {dag.py:4180} INFO - Setting next_dagrun for etl_pipeline_JO to 2025-10-16 10:00:00+00:00, run_after=2025-10-16 11:00:00+00:00
[2025-10-16T10:32:48.031+0000] {processor.py:208} INFO - Processing /opt/airflow/dags/JO_dag.py took 0.407 seconds
[2025-10-16T10:33:18.077+0000] {processor.py:186} INFO - Started process (PID=3325) to work on /opt/airflow/dags/JO_dag.py
[2025-10-16T10:33:18.078+0000] {processor.py:914} INFO - Processing file /opt/airflow/dags/JO_dag.py for tasks to queue
[2025-10-16T10:33:18.080+0000] {logging_mixin.py:190} INFO - [2025-10-16T10:33:18.080+0000] {dagbag.py:588} INFO - Filling up the DagBag from /opt/airflow/dags/JO_dag.py
[2025-10-16T10:33:18.428+0000] {processor.py:925} INFO - DAG(s) 'etl_pipeline_JO' retrieved from /opt/airflow/dags/JO_dag.py
[2025-10-16T10:33:18.446+0000] {logging_mixin.py:190} INFO - [2025-10-16T10:33:18.445+0000] {dag.py:3239} INFO - Sync 1 DAGs
[2025-10-16T10:33:18.461+0000] {logging_mixin.py:190} INFO - [2025-10-16T10:33:18.461+0000] {dag.py:4180} INFO - Setting next_dagrun for etl_pipeline_JO to 2025-10-16 10:00:00+00:00, run_after=2025-10-16 11:00:00+00:00
[2025-10-16T10:33:18.478+0000] {processor.py:208} INFO - Processing /opt/airflow/dags/JO_dag.py took 0.406 seconds
[2025-10-16T10:33:49.308+0000] {processor.py:186} INFO - Started process (PID=3342) to work on /opt/airflow/dags/JO_dag.py
[2025-10-16T10:33:49.309+0000] {processor.py:914} INFO - Processing file /opt/airflow/dags/JO_dag.py for tasks to queue
[2025-10-16T10:33:49.311+0000] {logging_mixin.py:190} INFO - [2025-10-16T10:33:49.311+0000] {dagbag.py:588} INFO - Filling up the DagBag from /opt/airflow/dags/JO_dag.py
[2025-10-16T10:33:49.683+0000] {processor.py:925} INFO - DAG(s) 'etl_pipeline_JO' retrieved from /opt/airflow/dags/JO_dag.py
[2025-10-16T10:33:49.700+0000] {logging_mixin.py:190} INFO - [2025-10-16T10:33:49.700+0000] {dag.py:3239} INFO - Sync 1 DAGs
[2025-10-16T10:33:49.716+0000] {logging_mixin.py:190} INFO - [2025-10-16T10:33:49.716+0000] {dag.py:4180} INFO - Setting next_dagrun for etl_pipeline_JO to 2025-10-16 10:00:00+00:00, run_after=2025-10-16 11:00:00+00:00
[2025-10-16T10:33:49.730+0000] {processor.py:208} INFO - Processing /opt/airflow/dags/JO_dag.py took 0.427 seconds
[2025-10-16T10:34:20.618+0000] {processor.py:186} INFO - Started process (PID=3359) to work on /opt/airflow/dags/JO_dag.py
[2025-10-16T10:34:20.619+0000] {processor.py:914} INFO - Processing file /opt/airflow/dags/JO_dag.py for tasks to queue
[2025-10-16T10:34:20.621+0000] {logging_mixin.py:190} INFO - [2025-10-16T10:34:20.621+0000] {dagbag.py:588} INFO - Filling up the DagBag from /opt/airflow/dags/JO_dag.py
[2025-10-16T10:34:20.965+0000] {processor.py:925} INFO - DAG(s) 'etl_pipeline_JO' retrieved from /opt/airflow/dags/JO_dag.py
[2025-10-16T10:34:20.980+0000] {logging_mixin.py:190} INFO - [2025-10-16T10:34:20.980+0000] {dag.py:3239} INFO - Sync 1 DAGs
[2025-10-16T10:34:20.996+0000] {logging_mixin.py:190} INFO - [2025-10-16T10:34:20.996+0000] {dag.py:4180} INFO - Setting next_dagrun for etl_pipeline_JO to 2025-10-16 10:00:00+00:00, run_after=2025-10-16 11:00:00+00:00
[2025-10-16T10:34:21.015+0000] {processor.py:208} INFO - Processing /opt/airflow/dags/JO_dag.py took 0.402 seconds
[2025-10-16T10:34:51.956+0000] {processor.py:186} INFO - Started process (PID=3376) to work on /opt/airflow/dags/JO_dag.py
[2025-10-16T10:34:51.957+0000] {processor.py:914} INFO - Processing file /opt/airflow/dags/JO_dag.py for tasks to queue
[2025-10-16T10:34:51.959+0000] {logging_mixin.py:190} INFO - [2025-10-16T10:34:51.959+0000] {dagbag.py:588} INFO - Filling up the DagBag from /opt/airflow/dags/JO_dag.py
[2025-10-16T10:34:52.307+0000] {processor.py:925} INFO - DAG(s) 'etl_pipeline_JO' retrieved from /opt/airflow/dags/JO_dag.py
[2025-10-16T10:34:52.324+0000] {logging_mixin.py:190} INFO - [2025-10-16T10:34:52.323+0000] {dag.py:3239} INFO - Sync 1 DAGs
[2025-10-16T10:34:52.340+0000] {logging_mixin.py:190} INFO - [2025-10-16T10:34:52.340+0000] {dag.py:4180} INFO - Setting next_dagrun for etl_pipeline_JO to 2025-10-16 10:00:00+00:00, run_after=2025-10-16 11:00:00+00:00
[2025-10-16T10:34:52.354+0000] {processor.py:208} INFO - Processing /opt/airflow/dags/JO_dag.py took 0.403 seconds
[2025-10-16T10:35:22.394+0000] {processor.py:186} INFO - Started process (PID=3393) to work on /opt/airflow/dags/JO_dag.py
[2025-10-16T10:35:22.395+0000] {processor.py:914} INFO - Processing file /opt/airflow/dags/JO_dag.py for tasks to queue
[2025-10-16T10:35:22.397+0000] {logging_mixin.py:190} INFO - [2025-10-16T10:35:22.397+0000] {dagbag.py:588} INFO - Filling up the DagBag from /opt/airflow/dags/JO_dag.py
[2025-10-16T10:35:22.741+0000] {processor.py:925} INFO - DAG(s) 'etl_pipeline_JO' retrieved from /opt/airflow/dags/JO_dag.py
[2025-10-16T10:35:22.759+0000] {logging_mixin.py:190} INFO - [2025-10-16T10:35:22.759+0000] {dag.py:3239} INFO - Sync 1 DAGs
[2025-10-16T10:35:22.776+0000] {logging_mixin.py:190} INFO - [2025-10-16T10:35:22.776+0000] {dag.py:4180} INFO - Setting next_dagrun for etl_pipeline_JO to 2025-10-16 10:00:00+00:00, run_after=2025-10-16 11:00:00+00:00
[2025-10-16T10:35:22.789+0000] {processor.py:208} INFO - Processing /opt/airflow/dags/JO_dag.py took 0.400 seconds
[2025-10-16T10:35:52.860+0000] {processor.py:186} INFO - Started process (PID=3410) to work on /opt/airflow/dags/JO_dag.py
[2025-10-16T10:35:52.861+0000] {processor.py:914} INFO - Processing file /opt/airflow/dags/JO_dag.py for tasks to queue
[2025-10-16T10:35:52.863+0000] {logging_mixin.py:190} INFO - [2025-10-16T10:35:52.863+0000] {dagbag.py:588} INFO - Filling up the DagBag from /opt/airflow/dags/JO_dag.py
[2025-10-16T10:35:53.225+0000] {processor.py:925} INFO - DAG(s) 'etl_pipeline_JO' retrieved from /opt/airflow/dags/JO_dag.py
[2025-10-16T10:35:53.241+0000] {logging_mixin.py:190} INFO - [2025-10-16T10:35:53.240+0000] {dag.py:3239} INFO - Sync 1 DAGs
[2025-10-16T10:35:53.259+0000] {logging_mixin.py:190} INFO - [2025-10-16T10:35:53.258+0000] {dag.py:4180} INFO - Setting next_dagrun for etl_pipeline_JO to 2025-10-16 10:00:00+00:00, run_after=2025-10-16 11:00:00+00:00
[2025-10-16T10:35:53.274+0000] {processor.py:208} INFO - Processing /opt/airflow/dags/JO_dag.py took 0.418 seconds
[2025-10-16T10:36:24.108+0000] {processor.py:186} INFO - Started process (PID=3427) to work on /opt/airflow/dags/JO_dag.py
[2025-10-16T10:36:24.109+0000] {processor.py:914} INFO - Processing file /opt/airflow/dags/JO_dag.py for tasks to queue
[2025-10-16T10:36:24.111+0000] {logging_mixin.py:190} INFO - [2025-10-16T10:36:24.110+0000] {dagbag.py:588} INFO - Filling up the DagBag from /opt/airflow/dags/JO_dag.py
[2025-10-16T10:36:24.463+0000] {processor.py:925} INFO - DAG(s) 'etl_pipeline_JO' retrieved from /opt/airflow/dags/JO_dag.py
[2025-10-16T10:36:24.482+0000] {logging_mixin.py:190} INFO - [2025-10-16T10:36:24.481+0000] {dag.py:3239} INFO - Sync 1 DAGs
[2025-10-16T10:36:24.499+0000] {logging_mixin.py:190} INFO - [2025-10-16T10:36:24.498+0000] {dag.py:4180} INFO - Setting next_dagrun for etl_pipeline_JO to 2025-10-16 10:00:00+00:00, run_after=2025-10-16 11:00:00+00:00
[2025-10-16T10:36:24.513+0000] {processor.py:208} INFO - Processing /opt/airflow/dags/JO_dag.py took 0.410 seconds
[2025-10-16T10:36:54.609+0000] {processor.py:186} INFO - Started process (PID=3444) to work on /opt/airflow/dags/JO_dag.py
[2025-10-16T10:36:54.610+0000] {processor.py:914} INFO - Processing file /opt/airflow/dags/JO_dag.py for tasks to queue
[2025-10-16T10:36:54.612+0000] {logging_mixin.py:190} INFO - [2025-10-16T10:36:54.612+0000] {dagbag.py:588} INFO - Filling up the DagBag from /opt/airflow/dags/JO_dag.py
[2025-10-16T10:36:54.976+0000] {processor.py:925} INFO - DAG(s) 'etl_pipeline_JO' retrieved from /opt/airflow/dags/JO_dag.py
[2025-10-16T10:36:54.993+0000] {logging_mixin.py:190} INFO - [2025-10-16T10:36:54.992+0000] {dag.py:3239} INFO - Sync 1 DAGs
[2025-10-16T10:36:55.010+0000] {logging_mixin.py:190} INFO - [2025-10-16T10:36:55.009+0000] {dag.py:4180} INFO - Setting next_dagrun for etl_pipeline_JO to 2025-10-16 10:00:00+00:00, run_after=2025-10-16 11:00:00+00:00
[2025-10-16T10:36:55.027+0000] {processor.py:208} INFO - Processing /opt/airflow/dags/JO_dag.py took 0.423 seconds
[2025-10-16T10:37:25.869+0000] {processor.py:186} INFO - Started process (PID=3461) to work on /opt/airflow/dags/JO_dag.py
[2025-10-16T10:37:25.870+0000] {processor.py:914} INFO - Processing file /opt/airflow/dags/JO_dag.py for tasks to queue
[2025-10-16T10:37:25.872+0000] {logging_mixin.py:190} INFO - [2025-10-16T10:37:25.872+0000] {dagbag.py:588} INFO - Filling up the DagBag from /opt/airflow/dags/JO_dag.py
[2025-10-16T10:37:26.226+0000] {processor.py:925} INFO - DAG(s) 'etl_pipeline_JO' retrieved from /opt/airflow/dags/JO_dag.py
[2025-10-16T10:37:26.242+0000] {logging_mixin.py:190} INFO - [2025-10-16T10:37:26.241+0000] {dag.py:3239} INFO - Sync 1 DAGs
[2025-10-16T10:37:26.258+0000] {logging_mixin.py:190} INFO - [2025-10-16T10:37:26.258+0000] {dag.py:4180} INFO - Setting next_dagrun for etl_pipeline_JO to 2025-10-16 10:00:00+00:00, run_after=2025-10-16 11:00:00+00:00
[2025-10-16T10:37:26.277+0000] {processor.py:208} INFO - Processing /opt/airflow/dags/JO_dag.py took 0.412 seconds
[2025-10-16T10:37:57.232+0000] {processor.py:186} INFO - Started process (PID=3478) to work on /opt/airflow/dags/JO_dag.py
[2025-10-16T10:37:57.233+0000] {processor.py:914} INFO - Processing file /opt/airflow/dags/JO_dag.py for tasks to queue
[2025-10-16T10:37:57.235+0000] {logging_mixin.py:190} INFO - [2025-10-16T10:37:57.235+0000] {dagbag.py:588} INFO - Filling up the DagBag from /opt/airflow/dags/JO_dag.py
[2025-10-16T10:37:57.570+0000] {processor.py:925} INFO - DAG(s) 'etl_pipeline_JO' retrieved from /opt/airflow/dags/JO_dag.py
[2025-10-16T10:37:57.586+0000] {logging_mixin.py:190} INFO - [2025-10-16T10:37:57.585+0000] {dag.py:3239} INFO - Sync 1 DAGs
[2025-10-16T10:37:57.601+0000] {logging_mixin.py:190} INFO - [2025-10-16T10:37:57.601+0000] {dag.py:4180} INFO - Setting next_dagrun for etl_pipeline_JO to 2025-10-16 10:00:00+00:00, run_after=2025-10-16 11:00:00+00:00
[2025-10-16T10:37:57.619+0000] {processor.py:208} INFO - Processing /opt/airflow/dags/JO_dag.py took 0.392 seconds
[2025-10-16T10:38:28.543+0000] {processor.py:186} INFO - Started process (PID=3495) to work on /opt/airflow/dags/JO_dag.py
[2025-10-16T10:38:28.544+0000] {processor.py:914} INFO - Processing file /opt/airflow/dags/JO_dag.py for tasks to queue
[2025-10-16T10:38:28.546+0000] {logging_mixin.py:190} INFO - [2025-10-16T10:38:28.546+0000] {dagbag.py:588} INFO - Filling up the DagBag from /opt/airflow/dags/JO_dag.py
[2025-10-16T10:38:28.923+0000] {processor.py:925} INFO - DAG(s) 'etl_pipeline_JO' retrieved from /opt/airflow/dags/JO_dag.py
[2025-10-16T10:38:28.939+0000] {logging_mixin.py:190} INFO - [2025-10-16T10:38:28.938+0000] {dag.py:3239} INFO - Sync 1 DAGs
[2025-10-16T10:38:28.956+0000] {logging_mixin.py:190} INFO - [2025-10-16T10:38:28.956+0000] {dag.py:4180} INFO - Setting next_dagrun for etl_pipeline_JO to 2025-10-16 10:00:00+00:00, run_after=2025-10-16 11:00:00+00:00
[2025-10-16T10:38:28.973+0000] {processor.py:208} INFO - Processing /opt/airflow/dags/JO_dag.py took 0.435 seconds
[2025-10-16T10:38:59.080+0000] {processor.py:186} INFO - Started process (PID=3513) to work on /opt/airflow/dags/JO_dag.py
[2025-10-16T10:38:59.081+0000] {processor.py:914} INFO - Processing file /opt/airflow/dags/JO_dag.py for tasks to queue
[2025-10-16T10:38:59.083+0000] {logging_mixin.py:190} INFO - [2025-10-16T10:38:59.083+0000] {dagbag.py:588} INFO - Filling up the DagBag from /opt/airflow/dags/JO_dag.py
[2025-10-16T10:38:59.447+0000] {processor.py:925} INFO - DAG(s) 'etl_pipeline_JO' retrieved from /opt/airflow/dags/JO_dag.py
[2025-10-16T10:38:59.463+0000] {logging_mixin.py:190} INFO - [2025-10-16T10:38:59.463+0000] {dag.py:3239} INFO - Sync 1 DAGs
[2025-10-16T10:38:59.481+0000] {logging_mixin.py:190} INFO - [2025-10-16T10:38:59.481+0000] {dag.py:4180} INFO - Setting next_dagrun for etl_pipeline_JO to 2025-10-16 10:00:00+00:00, run_after=2025-10-16 11:00:00+00:00
[2025-10-16T10:38:59.501+0000] {processor.py:208} INFO - Processing /opt/airflow/dags/JO_dag.py took 0.425 seconds
[2025-10-16T10:39:30.322+0000] {processor.py:186} INFO - Started process (PID=3530) to work on /opt/airflow/dags/JO_dag.py
[2025-10-16T10:39:30.323+0000] {processor.py:914} INFO - Processing file /opt/airflow/dags/JO_dag.py for tasks to queue
[2025-10-16T10:39:30.325+0000] {logging_mixin.py:190} INFO - [2025-10-16T10:39:30.325+0000] {dagbag.py:588} INFO - Filling up the DagBag from /opt/airflow/dags/JO_dag.py
[2025-10-16T10:39:30.686+0000] {processor.py:925} INFO - DAG(s) 'etl_pipeline_JO' retrieved from /opt/airflow/dags/JO_dag.py
[2025-10-16T10:39:30.702+0000] {logging_mixin.py:190} INFO - [2025-10-16T10:39:30.702+0000] {dag.py:3239} INFO - Sync 1 DAGs
[2025-10-16T10:39:30.717+0000] {logging_mixin.py:190} INFO - [2025-10-16T10:39:30.717+0000] {dag.py:4180} INFO - Setting next_dagrun for etl_pipeline_JO to 2025-10-16 10:00:00+00:00, run_after=2025-10-16 11:00:00+00:00
[2025-10-16T10:39:30.732+0000] {processor.py:208} INFO - Processing /opt/airflow/dags/JO_dag.py took 0.415 seconds
[2025-10-16T10:40:00.779+0000] {processor.py:186} INFO - Started process (PID=3547) to work on /opt/airflow/dags/JO_dag.py
[2025-10-16T10:40:00.780+0000] {processor.py:914} INFO - Processing file /opt/airflow/dags/JO_dag.py for tasks to queue
[2025-10-16T10:40:00.782+0000] {logging_mixin.py:190} INFO - [2025-10-16T10:40:00.782+0000] {dagbag.py:588} INFO - Filling up the DagBag from /opt/airflow/dags/JO_dag.py
[2025-10-16T10:40:01.142+0000] {processor.py:925} INFO - DAG(s) 'etl_pipeline_JO' retrieved from /opt/airflow/dags/JO_dag.py
[2025-10-16T10:40:01.158+0000] {logging_mixin.py:190} INFO - [2025-10-16T10:40:01.157+0000] {dag.py:3239} INFO - Sync 1 DAGs
[2025-10-16T10:40:01.178+0000] {logging_mixin.py:190} INFO - [2025-10-16T10:40:01.178+0000] {dag.py:4180} INFO - Setting next_dagrun for etl_pipeline_JO to 2025-10-16 10:00:00+00:00, run_after=2025-10-16 11:00:00+00:00
[2025-10-16T10:40:01.191+0000] {processor.py:208} INFO - Processing /opt/airflow/dags/JO_dag.py took 0.417 seconds
[2025-10-16T10:40:32.115+0000] {processor.py:186} INFO - Started process (PID=3564) to work on /opt/airflow/dags/JO_dag.py
[2025-10-16T10:40:32.116+0000] {processor.py:914} INFO - Processing file /opt/airflow/dags/JO_dag.py for tasks to queue
[2025-10-16T10:40:32.117+0000] {logging_mixin.py:190} INFO - [2025-10-16T10:40:32.117+0000] {dagbag.py:588} INFO - Filling up the DagBag from /opt/airflow/dags/JO_dag.py
[2025-10-16T10:40:32.480+0000] {processor.py:925} INFO - DAG(s) 'etl_pipeline_JO' retrieved from /opt/airflow/dags/JO_dag.py
[2025-10-16T10:40:32.497+0000] {logging_mixin.py:190} INFO - [2025-10-16T10:40:32.497+0000] {dag.py:3239} INFO - Sync 1 DAGs
[2025-10-16T10:40:32.514+0000] {logging_mixin.py:190} INFO - [2025-10-16T10:40:32.514+0000] {dag.py:4180} INFO - Setting next_dagrun for etl_pipeline_JO to 2025-10-16 10:00:00+00:00, run_after=2025-10-16 11:00:00+00:00
[2025-10-16T10:40:32.530+0000] {processor.py:208} INFO - Processing /opt/airflow/dags/JO_dag.py took 0.420 seconds
[2025-10-16T10:41:03.461+0000] {processor.py:186} INFO - Started process (PID=3581) to work on /opt/airflow/dags/JO_dag.py
[2025-10-16T10:41:03.462+0000] {processor.py:914} INFO - Processing file /opt/airflow/dags/JO_dag.py for tasks to queue
[2025-10-16T10:41:03.464+0000] {logging_mixin.py:190} INFO - [2025-10-16T10:41:03.463+0000] {dagbag.py:588} INFO - Filling up the DagBag from /opt/airflow/dags/JO_dag.py
[2025-10-16T10:41:03.835+0000] {processor.py:925} INFO - DAG(s) 'etl_pipeline_JO' retrieved from /opt/airflow/dags/JO_dag.py
[2025-10-16T10:41:03.851+0000] {logging_mixin.py:190} INFO - [2025-10-16T10:41:03.851+0000] {dag.py:3239} INFO - Sync 1 DAGs
[2025-10-16T10:41:03.867+0000] {logging_mixin.py:190} INFO - [2025-10-16T10:41:03.867+0000] {dag.py:4180} INFO - Setting next_dagrun for etl_pipeline_JO to 2025-10-16 10:00:00+00:00, run_after=2025-10-16 11:00:00+00:00
[2025-10-16T10:41:03.881+0000] {processor.py:208} INFO - Processing /opt/airflow/dags/JO_dag.py took 0.426 seconds
[2025-10-16T10:41:34.778+0000] {processor.py:186} INFO - Started process (PID=3598) to work on /opt/airflow/dags/JO_dag.py
[2025-10-16T10:41:34.779+0000] {processor.py:914} INFO - Processing file /opt/airflow/dags/JO_dag.py for tasks to queue
[2025-10-16T10:41:34.781+0000] {logging_mixin.py:190} INFO - [2025-10-16T10:41:34.781+0000] {dagbag.py:588} INFO - Filling up the DagBag from /opt/airflow/dags/JO_dag.py
[2025-10-16T10:41:35.140+0000] {processor.py:925} INFO - DAG(s) 'etl_pipeline_JO' retrieved from /opt/airflow/dags/JO_dag.py
[2025-10-16T10:41:35.156+0000] {logging_mixin.py:190} INFO - [2025-10-16T10:41:35.156+0000] {dag.py:3239} INFO - Sync 1 DAGs
[2025-10-16T10:41:35.172+0000] {logging_mixin.py:190} INFO - [2025-10-16T10:41:35.172+0000] {dag.py:4180} INFO - Setting next_dagrun for etl_pipeline_JO to 2025-10-16 10:00:00+00:00, run_after=2025-10-16 11:00:00+00:00
[2025-10-16T10:41:35.191+0000] {processor.py:208} INFO - Processing /opt/airflow/dags/JO_dag.py took 0.417 seconds
[2025-10-16T10:42:05.295+0000] {processor.py:186} INFO - Started process (PID=3615) to work on /opt/airflow/dags/JO_dag.py
[2025-10-16T10:42:05.296+0000] {processor.py:914} INFO - Processing file /opt/airflow/dags/JO_dag.py for tasks to queue
[2025-10-16T10:42:05.298+0000] {logging_mixin.py:190} INFO - [2025-10-16T10:42:05.298+0000] {dagbag.py:588} INFO - Filling up the DagBag from /opt/airflow/dags/JO_dag.py
[2025-10-16T10:42:05.660+0000] {processor.py:925} INFO - DAG(s) 'etl_pipeline_JO' retrieved from /opt/airflow/dags/JO_dag.py
[2025-10-16T10:42:05.675+0000] {logging_mixin.py:190} INFO - [2025-10-16T10:42:05.675+0000] {dag.py:3239} INFO - Sync 1 DAGs
[2025-10-16T10:42:05.692+0000] {logging_mixin.py:190} INFO - [2025-10-16T10:42:05.692+0000] {dag.py:4180} INFO - Setting next_dagrun for etl_pipeline_JO to 2025-10-16 10:00:00+00:00, run_after=2025-10-16 11:00:00+00:00
[2025-10-16T10:42:05.705+0000] {processor.py:208} INFO - Processing /opt/airflow/dags/JO_dag.py took 0.415 seconds
[2025-10-16T10:42:36.522+0000] {processor.py:186} INFO - Started process (PID=3632) to work on /opt/airflow/dags/JO_dag.py
[2025-10-16T10:42:36.523+0000] {processor.py:914} INFO - Processing file /opt/airflow/dags/JO_dag.py for tasks to queue
[2025-10-16T10:42:36.525+0000] {logging_mixin.py:190} INFO - [2025-10-16T10:42:36.525+0000] {dagbag.py:588} INFO - Filling up the DagBag from /opt/airflow/dags/JO_dag.py
[2025-10-16T10:42:36.889+0000] {processor.py:925} INFO - DAG(s) 'etl_pipeline_JO' retrieved from /opt/airflow/dags/JO_dag.py
[2025-10-16T10:42:36.905+0000] {logging_mixin.py:190} INFO - [2025-10-16T10:42:36.904+0000] {dag.py:3239} INFO - Sync 1 DAGs
[2025-10-16T10:42:36.920+0000] {logging_mixin.py:190} INFO - [2025-10-16T10:42:36.920+0000] {dag.py:4180} INFO - Setting next_dagrun for etl_pipeline_JO to 2025-10-16 10:00:00+00:00, run_after=2025-10-16 11:00:00+00:00
[2025-10-16T10:42:36.937+0000] {processor.py:208} INFO - Processing /opt/airflow/dags/JO_dag.py took 0.420 seconds
[2025-10-16T10:43:06.993+0000] {processor.py:186} INFO - Started process (PID=3649) to work on /opt/airflow/dags/JO_dag.py
[2025-10-16T10:43:06.994+0000] {processor.py:914} INFO - Processing file /opt/airflow/dags/JO_dag.py for tasks to queue
[2025-10-16T10:43:06.996+0000] {logging_mixin.py:190} INFO - [2025-10-16T10:43:06.996+0000] {dagbag.py:588} INFO - Filling up the DagBag from /opt/airflow/dags/JO_dag.py
[2025-10-16T10:43:07.361+0000] {processor.py:925} INFO - DAG(s) 'etl_pipeline_JO' retrieved from /opt/airflow/dags/JO_dag.py
[2025-10-16T10:43:07.378+0000] {logging_mixin.py:190} INFO - [2025-10-16T10:43:07.378+0000] {dag.py:3239} INFO - Sync 1 DAGs
[2025-10-16T10:43:07.393+0000] {logging_mixin.py:190} INFO - [2025-10-16T10:43:07.393+0000] {dag.py:4180} INFO - Setting next_dagrun for etl_pipeline_JO to 2025-10-16 10:00:00+00:00, run_after=2025-10-16 11:00:00+00:00
[2025-10-16T10:43:07.414+0000] {processor.py:208} INFO - Processing /opt/airflow/dags/JO_dag.py took 0.427 seconds
[2025-10-16T10:43:38.261+0000] {processor.py:186} INFO - Started process (PID=3666) to work on /opt/airflow/dags/JO_dag.py
[2025-10-16T10:43:38.262+0000] {processor.py:914} INFO - Processing file /opt/airflow/dags/JO_dag.py for tasks to queue
[2025-10-16T10:43:38.264+0000] {logging_mixin.py:190} INFO - [2025-10-16T10:43:38.264+0000] {dagbag.py:588} INFO - Filling up the DagBag from /opt/airflow/dags/JO_dag.py
[2025-10-16T10:43:38.620+0000] {processor.py:925} INFO - DAG(s) 'etl_pipeline_JO' retrieved from /opt/airflow/dags/JO_dag.py
[2025-10-16T10:43:38.639+0000] {logging_mixin.py:190} INFO - [2025-10-16T10:43:38.639+0000] {dag.py:3239} INFO - Sync 1 DAGs
[2025-10-16T10:43:38.657+0000] {logging_mixin.py:190} INFO - [2025-10-16T10:43:38.657+0000] {dag.py:4180} INFO - Setting next_dagrun for etl_pipeline_JO to 2025-10-16 10:00:00+00:00, run_after=2025-10-16 11:00:00+00:00
[2025-10-16T10:43:38.676+0000] {processor.py:208} INFO - Processing /opt/airflow/dags/JO_dag.py took 0.419 seconds
[2025-10-16T10:44:09.555+0000] {processor.py:186} INFO - Started process (PID=3683) to work on /opt/airflow/dags/JO_dag.py
[2025-10-16T10:44:09.556+0000] {processor.py:914} INFO - Processing file /opt/airflow/dags/JO_dag.py for tasks to queue
[2025-10-16T10:44:09.558+0000] {logging_mixin.py:190} INFO - [2025-10-16T10:44:09.557+0000] {dagbag.py:588} INFO - Filling up the DagBag from /opt/airflow/dags/JO_dag.py
[2025-10-16T10:44:09.906+0000] {processor.py:925} INFO - DAG(s) 'etl_pipeline_JO' retrieved from /opt/airflow/dags/JO_dag.py
[2025-10-16T10:44:09.923+0000] {logging_mixin.py:190} INFO - [2025-10-16T10:44:09.922+0000] {dag.py:3239} INFO - Sync 1 DAGs
[2025-10-16T10:44:09.940+0000] {logging_mixin.py:190} INFO - [2025-10-16T10:44:09.940+0000] {dag.py:4180} INFO - Setting next_dagrun for etl_pipeline_JO to 2025-10-16 10:00:00+00:00, run_after=2025-10-16 11:00:00+00:00
[2025-10-16T10:44:09.956+0000] {processor.py:208} INFO - Processing /opt/airflow/dags/JO_dag.py took 0.406 seconds
[2025-10-16T10:44:40.843+0000] {processor.py:186} INFO - Started process (PID=3700) to work on /opt/airflow/dags/JO_dag.py
[2025-10-16T10:44:40.844+0000] {processor.py:914} INFO - Processing file /opt/airflow/dags/JO_dag.py for tasks to queue
[2025-10-16T10:44:40.847+0000] {logging_mixin.py:190} INFO - [2025-10-16T10:44:40.847+0000] {dagbag.py:588} INFO - Filling up the DagBag from /opt/airflow/dags/JO_dag.py
[2025-10-16T10:44:41.224+0000] {processor.py:925} INFO - DAG(s) 'etl_pipeline_JO' retrieved from /opt/airflow/dags/JO_dag.py
[2025-10-16T10:44:41.242+0000] {logging_mixin.py:190} INFO - [2025-10-16T10:44:41.242+0000] {dag.py:3239} INFO - Sync 1 DAGs
[2025-10-16T10:44:41.262+0000] {logging_mixin.py:190} INFO - [2025-10-16T10:44:41.262+0000] {dag.py:4180} INFO - Setting next_dagrun for etl_pipeline_JO to 2025-10-16 10:00:00+00:00, run_after=2025-10-16 11:00:00+00:00
[2025-10-16T10:44:41.277+0000] {processor.py:208} INFO - Processing /opt/airflow/dags/JO_dag.py took 0.439 seconds
[2025-10-16T10:45:11.328+0000] {processor.py:186} INFO - Started process (PID=3717) to work on /opt/airflow/dags/JO_dag.py
[2025-10-16T10:45:11.329+0000] {processor.py:914} INFO - Processing file /opt/airflow/dags/JO_dag.py for tasks to queue
[2025-10-16T10:45:11.331+0000] {logging_mixin.py:190} INFO - [2025-10-16T10:45:11.331+0000] {dagbag.py:588} INFO - Filling up the DagBag from /opt/airflow/dags/JO_dag.py
[2025-10-16T10:45:11.685+0000] {processor.py:925} INFO - DAG(s) 'etl_pipeline_JO' retrieved from /opt/airflow/dags/JO_dag.py
[2025-10-16T10:45:11.701+0000] {logging_mixin.py:190} INFO - [2025-10-16T10:45:11.701+0000] {dag.py:3239} INFO - Sync 1 DAGs
[2025-10-16T10:45:11.718+0000] {logging_mixin.py:190} INFO - [2025-10-16T10:45:11.718+0000] {dag.py:4180} INFO - Setting next_dagrun for etl_pipeline_JO to 2025-10-16 10:00:00+00:00, run_after=2025-10-16 11:00:00+00:00
[2025-10-16T10:45:11.733+0000] {processor.py:208} INFO - Processing /opt/airflow/dags/JO_dag.py took 0.410 seconds
[2025-10-16T10:45:41.852+0000] {processor.py:186} INFO - Started process (PID=3735) to work on /opt/airflow/dags/JO_dag.py
[2025-10-16T10:45:41.853+0000] {processor.py:914} INFO - Processing file /opt/airflow/dags/JO_dag.py for tasks to queue
[2025-10-16T10:45:41.855+0000] {logging_mixin.py:190} INFO - [2025-10-16T10:45:41.855+0000] {dagbag.py:588} INFO - Filling up the DagBag from /opt/airflow/dags/JO_dag.py
[2025-10-16T10:45:42.191+0000] {processor.py:925} INFO - DAG(s) 'etl_pipeline_JO' retrieved from /opt/airflow/dags/JO_dag.py
[2025-10-16T10:45:42.206+0000] {logging_mixin.py:190} INFO - [2025-10-16T10:45:42.205+0000] {dag.py:3239} INFO - Sync 1 DAGs
[2025-10-16T10:45:42.220+0000] {logging_mixin.py:190} INFO - [2025-10-16T10:45:42.220+0000] {dag.py:4180} INFO - Setting next_dagrun for etl_pipeline_JO to 2025-10-16 10:00:00+00:00, run_after=2025-10-16 11:00:00+00:00
[2025-10-16T10:45:42.233+0000] {processor.py:208} INFO - Processing /opt/airflow/dags/JO_dag.py took 0.385 seconds
[2025-10-16T10:46:13.113+0000] {processor.py:186} INFO - Started process (PID=3752) to work on /opt/airflow/dags/JO_dag.py
[2025-10-16T10:46:13.114+0000] {processor.py:914} INFO - Processing file /opt/airflow/dags/JO_dag.py for tasks to queue
[2025-10-16T10:46:13.116+0000] {logging_mixin.py:190} INFO - [2025-10-16T10:46:13.116+0000] {dagbag.py:588} INFO - Filling up the DagBag from /opt/airflow/dags/JO_dag.py
[2025-10-16T10:46:13.485+0000] {processor.py:925} INFO - DAG(s) 'etl_pipeline_JO' retrieved from /opt/airflow/dags/JO_dag.py
[2025-10-16T10:46:13.502+0000] {logging_mixin.py:190} INFO - [2025-10-16T10:46:13.502+0000] {dag.py:3239} INFO - Sync 1 DAGs
[2025-10-16T10:46:13.518+0000] {logging_mixin.py:190} INFO - [2025-10-16T10:46:13.518+0000] {dag.py:4180} INFO - Setting next_dagrun for etl_pipeline_JO to 2025-10-16 10:00:00+00:00, run_after=2025-10-16 11:00:00+00:00
[2025-10-16T10:46:13.538+0000] {processor.py:208} INFO - Processing /opt/airflow/dags/JO_dag.py took 0.429 seconds
[2025-10-16T10:46:44.387+0000] {processor.py:186} INFO - Started process (PID=3769) to work on /opt/airflow/dags/JO_dag.py
[2025-10-16T10:46:44.388+0000] {processor.py:914} INFO - Processing file /opt/airflow/dags/JO_dag.py for tasks to queue
[2025-10-16T10:46:44.390+0000] {logging_mixin.py:190} INFO - [2025-10-16T10:46:44.389+0000] {dagbag.py:588} INFO - Filling up the DagBag from /opt/airflow/dags/JO_dag.py
[2025-10-16T10:46:44.769+0000] {processor.py:925} INFO - DAG(s) 'etl_pipeline_JO' retrieved from /opt/airflow/dags/JO_dag.py
[2025-10-16T10:46:44.786+0000] {logging_mixin.py:190} INFO - [2025-10-16T10:46:44.785+0000] {dag.py:3239} INFO - Sync 1 DAGs
[2025-10-16T10:46:44.802+0000] {logging_mixin.py:190} INFO - [2025-10-16T10:46:44.802+0000] {dag.py:4180} INFO - Setting next_dagrun for etl_pipeline_JO to 2025-10-16 10:00:00+00:00, run_after=2025-10-16 11:00:00+00:00
[2025-10-16T10:46:44.819+0000] {processor.py:208} INFO - Processing /opt/airflow/dags/JO_dag.py took 0.437 seconds
[2025-10-16T10:47:15.720+0000] {processor.py:186} INFO - Started process (PID=3792) to work on /opt/airflow/dags/JO_dag.py
[2025-10-16T10:47:15.721+0000] {processor.py:914} INFO - Processing file /opt/airflow/dags/JO_dag.py for tasks to queue
[2025-10-16T10:47:15.722+0000] {logging_mixin.py:190} INFO - [2025-10-16T10:47:15.722+0000] {dagbag.py:588} INFO - Filling up the DagBag from /opt/airflow/dags/JO_dag.py
[2025-10-16T10:47:16.058+0000] {processor.py:925} INFO - DAG(s) 'etl_pipeline_JO' retrieved from /opt/airflow/dags/JO_dag.py
[2025-10-16T10:47:16.078+0000] {logging_mixin.py:190} INFO - [2025-10-16T10:47:16.077+0000] {dag.py:3239} INFO - Sync 1 DAGs
[2025-10-16T10:47:16.095+0000] {logging_mixin.py:190} INFO - [2025-10-16T10:47:16.095+0000] {dag.py:4180} INFO - Setting next_dagrun for etl_pipeline_JO to 2025-10-16 10:00:00+00:00, run_after=2025-10-16 11:00:00+00:00
[2025-10-16T10:47:16.111+0000] {processor.py:208} INFO - Processing /opt/airflow/dags/JO_dag.py took 0.396 seconds
[2025-10-16T10:47:47.022+0000] {processor.py:186} INFO - Started process (PID=3809) to work on /opt/airflow/dags/JO_dag.py
[2025-10-16T10:47:47.023+0000] {processor.py:914} INFO - Processing file /opt/airflow/dags/JO_dag.py for tasks to queue
[2025-10-16T10:47:47.025+0000] {logging_mixin.py:190} INFO - [2025-10-16T10:47:47.025+0000] {dagbag.py:588} INFO - Filling up the DagBag from /opt/airflow/dags/JO_dag.py
[2025-10-16T10:47:47.396+0000] {processor.py:925} INFO - DAG(s) 'etl_pipeline_JO' retrieved from /opt/airflow/dags/JO_dag.py
[2025-10-16T10:47:47.412+0000] {logging_mixin.py:190} INFO - [2025-10-16T10:47:47.412+0000] {dag.py:3239} INFO - Sync 1 DAGs
[2025-10-16T10:47:47.429+0000] {logging_mixin.py:190} INFO - [2025-10-16T10:47:47.428+0000] {dag.py:4180} INFO - Setting next_dagrun for etl_pipeline_JO to 2025-10-16 10:00:00+00:00, run_after=2025-10-16 11:00:00+00:00
[2025-10-16T10:47:47.444+0000] {processor.py:208} INFO - Processing /opt/airflow/dags/JO_dag.py took 0.427 seconds
[2025-10-16T10:48:17.576+0000] {processor.py:186} INFO - Started process (PID=3826) to work on /opt/airflow/dags/JO_dag.py
[2025-10-16T10:48:17.577+0000] {processor.py:914} INFO - Processing file /opt/airflow/dags/JO_dag.py for tasks to queue
[2025-10-16T10:48:17.579+0000] {logging_mixin.py:190} INFO - [2025-10-16T10:48:17.578+0000] {dagbag.py:588} INFO - Filling up the DagBag from /opt/airflow/dags/JO_dag.py
[2025-10-16T10:48:17.940+0000] {processor.py:925} INFO - DAG(s) 'etl_pipeline_JO' retrieved from /opt/airflow/dags/JO_dag.py
[2025-10-16T10:48:17.957+0000] {logging_mixin.py:190} INFO - [2025-10-16T10:48:17.957+0000] {dag.py:3239} INFO - Sync 1 DAGs
[2025-10-16T10:48:17.973+0000] {logging_mixin.py:190} INFO - [2025-10-16T10:48:17.973+0000] {dag.py:4180} INFO - Setting next_dagrun for etl_pipeline_JO to 2025-10-16 10:00:00+00:00, run_after=2025-10-16 11:00:00+00:00
[2025-10-16T10:48:17.992+0000] {processor.py:208} INFO - Processing /opt/airflow/dags/JO_dag.py took 0.421 seconds
[2025-10-16T10:48:48.846+0000] {processor.py:186} INFO - Started process (PID=3843) to work on /opt/airflow/dags/JO_dag.py
[2025-10-16T10:48:48.847+0000] {processor.py:914} INFO - Processing file /opt/airflow/dags/JO_dag.py for tasks to queue
[2025-10-16T10:48:48.849+0000] {logging_mixin.py:190} INFO - [2025-10-16T10:48:48.848+0000] {dagbag.py:588} INFO - Filling up the DagBag from /opt/airflow/dags/JO_dag.py
[2025-10-16T10:48:49.213+0000] {processor.py:925} INFO - DAG(s) 'etl_pipeline_JO' retrieved from /opt/airflow/dags/JO_dag.py
[2025-10-16T10:48:49.231+0000] {logging_mixin.py:190} INFO - [2025-10-16T10:48:49.231+0000] {dag.py:3239} INFO - Sync 1 DAGs
[2025-10-16T10:48:49.249+0000] {logging_mixin.py:190} INFO - [2025-10-16T10:48:49.249+0000] {dag.py:4180} INFO - Setting next_dagrun for etl_pipeline_JO to 2025-10-16 10:00:00+00:00, run_after=2025-10-16 11:00:00+00:00
[2025-10-16T10:48:49.268+0000] {processor.py:208} INFO - Processing /opt/airflow/dags/JO_dag.py took 0.427 seconds
[2025-10-16T10:49:19.476+0000] {processor.py:186} INFO - Started process (PID=3860) to work on /opt/airflow/dags/JO_dag.py
[2025-10-16T10:49:19.477+0000] {processor.py:914} INFO - Processing file /opt/airflow/dags/JO_dag.py for tasks to queue
[2025-10-16T10:49:19.479+0000] {logging_mixin.py:190} INFO - [2025-10-16T10:49:19.479+0000] {dagbag.py:588} INFO - Filling up the DagBag from /opt/airflow/dags/JO_dag.py
[2025-10-16T10:49:19.842+0000] {processor.py:925} INFO - DAG(s) 'etl_pipeline_JO' retrieved from /opt/airflow/dags/JO_dag.py
[2025-10-16T10:49:19.859+0000] {logging_mixin.py:190} INFO - [2025-10-16T10:49:19.858+0000] {dag.py:3239} INFO - Sync 1 DAGs
[2025-10-16T10:49:19.874+0000] {logging_mixin.py:190} INFO - [2025-10-16T10:49:19.874+0000] {dag.py:4180} INFO - Setting next_dagrun for etl_pipeline_JO to 2025-10-16 10:00:00+00:00, run_after=2025-10-16 11:00:00+00:00
[2025-10-16T10:49:19.892+0000] {processor.py:208} INFO - Processing /opt/airflow/dags/JO_dag.py took 0.421 seconds
[2025-10-16T10:49:50.732+0000] {processor.py:186} INFO - Started process (PID=3877) to work on /opt/airflow/dags/JO_dag.py
[2025-10-16T10:49:50.733+0000] {processor.py:914} INFO - Processing file /opt/airflow/dags/JO_dag.py for tasks to queue
[2025-10-16T10:49:50.735+0000] {logging_mixin.py:190} INFO - [2025-10-16T10:49:50.735+0000] {dagbag.py:588} INFO - Filling up the DagBag from /opt/airflow/dags/JO_dag.py
[2025-10-16T10:49:51.090+0000] {processor.py:925} INFO - DAG(s) 'etl_pipeline_JO' retrieved from /opt/airflow/dags/JO_dag.py
[2025-10-16T10:49:51.106+0000] {logging_mixin.py:190} INFO - [2025-10-16T10:49:51.105+0000] {dag.py:3239} INFO - Sync 1 DAGs
[2025-10-16T10:49:51.121+0000] {logging_mixin.py:190} INFO - [2025-10-16T10:49:51.120+0000] {dag.py:4180} INFO - Setting next_dagrun for etl_pipeline_JO to 2025-10-16 10:00:00+00:00, run_after=2025-10-16 11:00:00+00:00
[2025-10-16T10:49:51.137+0000] {processor.py:208} INFO - Processing /opt/airflow/dags/JO_dag.py took 0.410 seconds
[2025-10-16T10:50:22.044+0000] {processor.py:186} INFO - Started process (PID=3894) to work on /opt/airflow/dags/JO_dag.py
[2025-10-16T10:50:22.045+0000] {processor.py:914} INFO - Processing file /opt/airflow/dags/JO_dag.py for tasks to queue
[2025-10-16T10:50:22.047+0000] {logging_mixin.py:190} INFO - [2025-10-16T10:50:22.046+0000] {dagbag.py:588} INFO - Filling up the DagBag from /opt/airflow/dags/JO_dag.py
[2025-10-16T10:50:22.409+0000] {processor.py:925} INFO - DAG(s) 'etl_pipeline_JO' retrieved from /opt/airflow/dags/JO_dag.py
[2025-10-16T10:50:22.425+0000] {logging_mixin.py:190} INFO - [2025-10-16T10:50:22.425+0000] {dag.py:3239} INFO - Sync 1 DAGs
[2025-10-16T10:50:22.442+0000] {logging_mixin.py:190} INFO - [2025-10-16T10:50:22.442+0000] {dag.py:4180} INFO - Setting next_dagrun for etl_pipeline_JO to 2025-10-16 10:00:00+00:00, run_after=2025-10-16 11:00:00+00:00
[2025-10-16T10:50:22.457+0000] {processor.py:208} INFO - Processing /opt/airflow/dags/JO_dag.py took 0.418 seconds
[2025-10-16T10:50:53.374+0000] {processor.py:186} INFO - Started process (PID=3911) to work on /opt/airflow/dags/JO_dag.py
[2025-10-16T10:50:53.374+0000] {processor.py:914} INFO - Processing file /opt/airflow/dags/JO_dag.py for tasks to queue
[2025-10-16T10:50:53.376+0000] {logging_mixin.py:190} INFO - [2025-10-16T10:50:53.376+0000] {dagbag.py:588} INFO - Filling up the DagBag from /opt/airflow/dags/JO_dag.py
[2025-10-16T10:50:53.743+0000] {processor.py:925} INFO - DAG(s) 'etl_pipeline_JO' retrieved from /opt/airflow/dags/JO_dag.py
[2025-10-16T10:50:53.760+0000] {logging_mixin.py:190} INFO - [2025-10-16T10:50:53.759+0000] {dag.py:3239} INFO - Sync 1 DAGs
[2025-10-16T10:50:53.777+0000] {logging_mixin.py:190} INFO - [2025-10-16T10:50:53.777+0000] {dag.py:4180} INFO - Setting next_dagrun for etl_pipeline_JO to 2025-10-16 10:00:00+00:00, run_after=2025-10-16 11:00:00+00:00
[2025-10-16T10:50:53.789+0000] {processor.py:208} INFO - Processing /opt/airflow/dags/JO_dag.py took 0.420 seconds
[2025-10-16T10:51:23.881+0000] {processor.py:186} INFO - Started process (PID=3928) to work on /opt/airflow/dags/JO_dag.py
[2025-10-16T10:51:23.882+0000] {processor.py:914} INFO - Processing file /opt/airflow/dags/JO_dag.py for tasks to queue
[2025-10-16T10:51:23.883+0000] {logging_mixin.py:190} INFO - [2025-10-16T10:51:23.883+0000] {dagbag.py:588} INFO - Filling up the DagBag from /opt/airflow/dags/JO_dag.py
[2025-10-16T10:51:24.243+0000] {processor.py:925} INFO - DAG(s) 'etl_pipeline_JO' retrieved from /opt/airflow/dags/JO_dag.py
[2025-10-16T10:51:24.261+0000] {logging_mixin.py:190} INFO - [2025-10-16T10:51:24.260+0000] {dag.py:3239} INFO - Sync 1 DAGs
[2025-10-16T10:51:24.276+0000] {logging_mixin.py:190} INFO - [2025-10-16T10:51:24.276+0000] {dag.py:4180} INFO - Setting next_dagrun for etl_pipeline_JO to 2025-10-16 10:00:00+00:00, run_after=2025-10-16 11:00:00+00:00
[2025-10-16T10:51:24.293+0000] {processor.py:208} INFO - Processing /opt/airflow/dags/JO_dag.py took 0.418 seconds
[2025-10-16T10:51:55.134+0000] {processor.py:186} INFO - Started process (PID=3945) to work on /opt/airflow/dags/JO_dag.py
[2025-10-16T10:51:55.135+0000] {processor.py:914} INFO - Processing file /opt/airflow/dags/JO_dag.py for tasks to queue
[2025-10-16T10:51:55.137+0000] {logging_mixin.py:190} INFO - [2025-10-16T10:51:55.137+0000] {dagbag.py:588} INFO - Filling up the DagBag from /opt/airflow/dags/JO_dag.py
[2025-10-16T10:51:55.495+0000] {processor.py:925} INFO - DAG(s) 'etl_pipeline_JO' retrieved from /opt/airflow/dags/JO_dag.py
[2025-10-16T10:51:55.511+0000] {logging_mixin.py:190} INFO - [2025-10-16T10:51:55.511+0000] {dag.py:3239} INFO - Sync 1 DAGs
[2025-10-16T10:51:55.528+0000] {logging_mixin.py:190} INFO - [2025-10-16T10:51:55.527+0000] {dag.py:4180} INFO - Setting next_dagrun for etl_pipeline_JO to 2025-10-16 10:00:00+00:00, run_after=2025-10-16 11:00:00+00:00
[2025-10-16T10:51:55.542+0000] {processor.py:208} INFO - Processing /opt/airflow/dags/JO_dag.py took 0.413 seconds
[2025-10-16T10:52:25.777+0000] {processor.py:186} INFO - Started process (PID=3962) to work on /opt/airflow/dags/JO_dag.py
[2025-10-16T10:52:25.777+0000] {processor.py:914} INFO - Processing file /opt/airflow/dags/JO_dag.py for tasks to queue
[2025-10-16T10:52:25.779+0000] {logging_mixin.py:190} INFO - [2025-10-16T10:52:25.779+0000] {dagbag.py:588} INFO - Filling up the DagBag from /opt/airflow/dags/JO_dag.py
[2025-10-16T10:52:26.155+0000] {processor.py:925} INFO - DAG(s) 'etl_pipeline_JO' retrieved from /opt/airflow/dags/JO_dag.py
[2025-10-16T10:52:26.170+0000] {logging_mixin.py:190} INFO - [2025-10-16T10:52:26.170+0000] {dag.py:3239} INFO - Sync 1 DAGs
[2025-10-16T10:52:26.185+0000] {logging_mixin.py:190} INFO - [2025-10-16T10:52:26.185+0000] {dag.py:4180} INFO - Setting next_dagrun for etl_pipeline_JO to 2025-10-16 10:00:00+00:00, run_after=2025-10-16 11:00:00+00:00
[2025-10-16T10:52:26.204+0000] {processor.py:208} INFO - Processing /opt/airflow/dags/JO_dag.py took 0.433 seconds
[2025-10-16T10:52:57.082+0000] {processor.py:186} INFO - Started process (PID=3979) to work on /opt/airflow/dags/JO_dag.py
[2025-10-16T10:52:57.083+0000] {processor.py:914} INFO - Processing file /opt/airflow/dags/JO_dag.py for tasks to queue
[2025-10-16T10:52:57.085+0000] {logging_mixin.py:190} INFO - [2025-10-16T10:52:57.085+0000] {dagbag.py:588} INFO - Filling up the DagBag from /opt/airflow/dags/JO_dag.py
[2025-10-16T10:52:57.454+0000] {processor.py:925} INFO - DAG(s) 'etl_pipeline_JO' retrieved from /opt/airflow/dags/JO_dag.py
[2025-10-16T10:52:57.471+0000] {logging_mixin.py:190} INFO - [2025-10-16T10:52:57.470+0000] {dag.py:3239} INFO - Sync 1 DAGs
[2025-10-16T10:52:57.488+0000] {logging_mixin.py:190} INFO - [2025-10-16T10:52:57.488+0000] {dag.py:4180} INFO - Setting next_dagrun for etl_pipeline_JO to 2025-10-16 10:00:00+00:00, run_after=2025-10-16 11:00:00+00:00
[2025-10-16T10:52:57.505+0000] {processor.py:208} INFO - Processing /opt/airflow/dags/JO_dag.py took 0.428 seconds
[2025-10-16T10:53:28.417+0000] {processor.py:186} INFO - Started process (PID=4001) to work on /opt/airflow/dags/JO_dag.py
[2025-10-16T10:53:28.418+0000] {processor.py:914} INFO - Processing file /opt/airflow/dags/JO_dag.py for tasks to queue
[2025-10-16T10:53:28.420+0000] {logging_mixin.py:190} INFO - [2025-10-16T10:53:28.420+0000] {dagbag.py:588} INFO - Filling up the DagBag from /opt/airflow/dags/JO_dag.py
[2025-10-16T10:53:28.780+0000] {processor.py:925} INFO - DAG(s) 'etl_pipeline_JO' retrieved from /opt/airflow/dags/JO_dag.py
[2025-10-16T10:53:28.795+0000] {logging_mixin.py:190} INFO - [2025-10-16T10:53:28.795+0000] {dag.py:3239} INFO - Sync 1 DAGs
[2025-10-16T10:53:28.815+0000] {logging_mixin.py:190} INFO - [2025-10-16T10:53:28.814+0000] {dag.py:4180} INFO - Setting next_dagrun for etl_pipeline_JO to 2025-10-16 10:00:00+00:00, run_after=2025-10-16 11:00:00+00:00
[2025-10-16T10:53:28.831+0000] {processor.py:208} INFO - Processing /opt/airflow/dags/JO_dag.py took 0.419 seconds
[2025-10-16T10:53:58.990+0000] {processor.py:186} INFO - Started process (PID=4018) to work on /opt/airflow/dags/JO_dag.py
[2025-10-16T10:53:58.991+0000] {processor.py:914} INFO - Processing file /opt/airflow/dags/JO_dag.py for tasks to queue
[2025-10-16T10:53:58.993+0000] {logging_mixin.py:190} INFO - [2025-10-16T10:53:58.993+0000] {dagbag.py:588} INFO - Filling up the DagBag from /opt/airflow/dags/JO_dag.py
[2025-10-16T10:53:59.381+0000] {processor.py:925} INFO - DAG(s) 'etl_pipeline_JO' retrieved from /opt/airflow/dags/JO_dag.py
[2025-10-16T10:53:59.400+0000] {logging_mixin.py:190} INFO - [2025-10-16T10:53:59.400+0000] {dag.py:3239} INFO - Sync 1 DAGs
[2025-10-16T10:53:59.420+0000] {logging_mixin.py:190} INFO - [2025-10-16T10:53:59.420+0000] {dag.py:4180} INFO - Setting next_dagrun for etl_pipeline_JO to 2025-10-16 10:00:00+00:00, run_after=2025-10-16 11:00:00+00:00
[2025-10-16T10:53:59.443+0000] {processor.py:208} INFO - Processing /opt/airflow/dags/JO_dag.py took 0.458 seconds
[2025-10-16T10:54:30.205+0000] {processor.py:186} INFO - Started process (PID=4035) to work on /opt/airflow/dags/JO_dag.py
[2025-10-16T10:54:30.206+0000] {processor.py:914} INFO - Processing file /opt/airflow/dags/JO_dag.py for tasks to queue
[2025-10-16T10:54:30.208+0000] {logging_mixin.py:190} INFO - [2025-10-16T10:54:30.207+0000] {dagbag.py:588} INFO - Filling up the DagBag from /opt/airflow/dags/JO_dag.py
[2025-10-16T10:54:30.572+0000] {processor.py:925} INFO - DAG(s) 'etl_pipeline_JO' retrieved from /opt/airflow/dags/JO_dag.py
[2025-10-16T10:54:30.590+0000] {logging_mixin.py:190} INFO - [2025-10-16T10:54:30.590+0000] {dag.py:3239} INFO - Sync 1 DAGs
[2025-10-16T10:54:30.606+0000] {logging_mixin.py:190} INFO - [2025-10-16T10:54:30.606+0000] {dag.py:4180} INFO - Setting next_dagrun for etl_pipeline_JO to 2025-10-16 10:00:00+00:00, run_after=2025-10-16 11:00:00+00:00
[2025-10-16T10:54:30.619+0000] {processor.py:208} INFO - Processing /opt/airflow/dags/JO_dag.py took 0.419 seconds
[2025-10-16T10:55:00.839+0000] {processor.py:186} INFO - Started process (PID=4052) to work on /opt/airflow/dags/JO_dag.py
[2025-10-16T10:55:00.840+0000] {processor.py:914} INFO - Processing file /opt/airflow/dags/JO_dag.py for tasks to queue
[2025-10-16T10:55:00.842+0000] {logging_mixin.py:190} INFO - [2025-10-16T10:55:00.842+0000] {dagbag.py:588} INFO - Filling up the DagBag from /opt/airflow/dags/JO_dag.py
[2025-10-16T10:55:01.211+0000] {processor.py:925} INFO - DAG(s) 'etl_pipeline_JO' retrieved from /opt/airflow/dags/JO_dag.py
[2025-10-16T10:55:01.227+0000] {logging_mixin.py:190} INFO - [2025-10-16T10:55:01.226+0000] {dag.py:3239} INFO - Sync 1 DAGs
[2025-10-16T10:55:01.242+0000] {logging_mixin.py:190} INFO - [2025-10-16T10:55:01.242+0000] {dag.py:4180} INFO - Setting next_dagrun for etl_pipeline_JO to 2025-10-16 10:00:00+00:00, run_after=2025-10-16 11:00:00+00:00
[2025-10-16T10:55:01.256+0000] {processor.py:208} INFO - Processing /opt/airflow/dags/JO_dag.py took 0.421 seconds
[2025-10-16T10:55:32.072+0000] {processor.py:186} INFO - Started process (PID=4069) to work on /opt/airflow/dags/JO_dag.py
[2025-10-16T10:55:32.073+0000] {processor.py:914} INFO - Processing file /opt/airflow/dags/JO_dag.py for tasks to queue
[2025-10-16T10:55:32.075+0000] {logging_mixin.py:190} INFO - [2025-10-16T10:55:32.074+0000] {dagbag.py:588} INFO - Filling up the DagBag from /opt/airflow/dags/JO_dag.py
[2025-10-16T10:55:32.423+0000] {processor.py:925} INFO - DAG(s) 'etl_pipeline_JO' retrieved from /opt/airflow/dags/JO_dag.py
[2025-10-16T10:55:32.439+0000] {logging_mixin.py:190} INFO - [2025-10-16T10:55:32.438+0000] {dag.py:3239} INFO - Sync 1 DAGs
[2025-10-16T10:55:32.455+0000] {logging_mixin.py:190} INFO - [2025-10-16T10:55:32.454+0000] {dag.py:4180} INFO - Setting next_dagrun for etl_pipeline_JO to 2025-10-16 10:00:00+00:00, run_after=2025-10-16 11:00:00+00:00
[2025-10-16T10:55:32.471+0000] {processor.py:208} INFO - Processing /opt/airflow/dags/JO_dag.py took 0.404 seconds
[2025-10-16T10:56:03.390+0000] {processor.py:186} INFO - Started process (PID=4086) to work on /opt/airflow/dags/JO_dag.py
[2025-10-16T10:56:03.391+0000] {processor.py:914} INFO - Processing file /opt/airflow/dags/JO_dag.py for tasks to queue
[2025-10-16T10:56:03.393+0000] {logging_mixin.py:190} INFO - [2025-10-16T10:56:03.393+0000] {dagbag.py:588} INFO - Filling up the DagBag from /opt/airflow/dags/JO_dag.py
[2025-10-16T10:56:03.766+0000] {processor.py:925} INFO - DAG(s) 'etl_pipeline_JO' retrieved from /opt/airflow/dags/JO_dag.py
[2025-10-16T10:56:03.782+0000] {logging_mixin.py:190} INFO - [2025-10-16T10:56:03.782+0000] {dag.py:3239} INFO - Sync 1 DAGs
[2025-10-16T10:56:03.798+0000] {logging_mixin.py:190} INFO - [2025-10-16T10:56:03.798+0000] {dag.py:4180} INFO - Setting next_dagrun for etl_pipeline_JO to 2025-10-16 10:00:00+00:00, run_after=2025-10-16 11:00:00+00:00
[2025-10-16T10:56:03.815+0000] {processor.py:208} INFO - Processing /opt/airflow/dags/JO_dag.py took 0.430 seconds
