[2025-10-16T08:25:49.068+0000] {processor.py:186} INFO - Started process (PID=273) to work on /opt/airflow/dags/premier_dag.py
[2025-10-16T08:25:49.069+0000] {processor.py:914} INFO - Processing file /opt/airflow/dags/premier_dag.py for tasks to queue
[2025-10-16T08:25:49.072+0000] {logging_mixin.py:190} INFO - [2025-10-16T08:25:49.072+0000] {dagbag.py:588} INFO - Filling up the DagBag from /opt/airflow/dags/premier_dag.py
[2025-10-16T08:25:49.089+0000] {processor.py:925} INFO - DAG(s) 'premier_dag_test' retrieved from /opt/airflow/dags/premier_dag.py
[2025-10-16T08:25:49.140+0000] {logging_mixin.py:190} INFO - [2025-10-16T08:25:49.140+0000] {dag.py:3239} INFO - Sync 1 DAGs
[2025-10-16T08:25:49.169+0000] {logging_mixin.py:190} INFO - [2025-10-16T08:25:49.169+0000] {dag.py:4180} INFO - Setting next_dagrun for premier_dag_test to 2025-06-02 09:00:00+00:00, run_after=2025-06-02 10:00:00+00:00
[2025-10-16T08:25:49.185+0000] {processor.py:208} INFO - Processing /opt/airflow/dags/premier_dag.py took 0.123 seconds
[2025-10-16T08:26:19.403+0000] {processor.py:186} INFO - Started process (PID=302) to work on /opt/airflow/dags/premier_dag.py
[2025-10-16T08:26:19.403+0000] {processor.py:914} INFO - Processing file /opt/airflow/dags/premier_dag.py for tasks to queue
[2025-10-16T08:26:19.405+0000] {logging_mixin.py:190} INFO - [2025-10-16T08:26:19.405+0000] {dagbag.py:588} INFO - Filling up the DagBag from /opt/airflow/dags/premier_dag.py
[2025-10-16T08:26:19.420+0000] {processor.py:925} INFO - DAG(s) 'premier_dag_test' retrieved from /opt/airflow/dags/premier_dag.py
[2025-10-16T08:26:19.442+0000] {logging_mixin.py:190} INFO - [2025-10-16T08:26:19.442+0000] {dag.py:3239} INFO - Sync 1 DAGs
[2025-10-16T08:26:19.466+0000] {logging_mixin.py:190} INFO - [2025-10-16T08:26:19.466+0000] {dag.py:4180} INFO - Setting next_dagrun for premier_dag_test to 2025-06-02 09:00:00+00:00, run_after=2025-06-02 10:00:00+00:00
[2025-10-16T08:26:19.488+0000] {processor.py:208} INFO - Processing /opt/airflow/dags/premier_dag.py took 0.090 seconds
[2025-10-16T08:26:49.711+0000] {processor.py:186} INFO - Started process (PID=319) to work on /opt/airflow/dags/premier_dag.py
[2025-10-16T08:26:49.712+0000] {processor.py:914} INFO - Processing file /opt/airflow/dags/premier_dag.py for tasks to queue
[2025-10-16T08:26:49.714+0000] {logging_mixin.py:190} INFO - [2025-10-16T08:26:49.713+0000] {dagbag.py:588} INFO - Filling up the DagBag from /opt/airflow/dags/premier_dag.py
[2025-10-16T08:26:49.729+0000] {processor.py:925} INFO - DAG(s) 'premier_dag_test' retrieved from /opt/airflow/dags/premier_dag.py
[2025-10-16T08:26:49.750+0000] {logging_mixin.py:190} INFO - [2025-10-16T08:26:49.750+0000] {dag.py:3239} INFO - Sync 1 DAGs
[2025-10-16T08:26:49.772+0000] {logging_mixin.py:190} INFO - [2025-10-16T08:26:49.772+0000] {dag.py:4180} INFO - Setting next_dagrun for premier_dag_test to 2025-06-02 09:00:00+00:00, run_after=2025-06-02 10:00:00+00:00
[2025-10-16T08:26:49.794+0000] {processor.py:208} INFO - Processing /opt/airflow/dags/premier_dag.py took 0.089 seconds
[2025-10-16T08:27:20.012+0000] {processor.py:186} INFO - Started process (PID=336) to work on /opt/airflow/dags/premier_dag.py
[2025-10-16T08:27:20.013+0000] {processor.py:914} INFO - Processing file /opt/airflow/dags/premier_dag.py for tasks to queue
[2025-10-16T08:27:20.016+0000] {logging_mixin.py:190} INFO - [2025-10-16T08:27:20.015+0000] {dagbag.py:588} INFO - Filling up the DagBag from /opt/airflow/dags/premier_dag.py
[2025-10-16T08:27:20.038+0000] {processor.py:925} INFO - DAG(s) 'premier_dag_test' retrieved from /opt/airflow/dags/premier_dag.py
[2025-10-16T08:27:20.090+0000] {logging_mixin.py:190} INFO - [2025-10-16T08:27:20.089+0000] {dag.py:3239} INFO - Sync 1 DAGs
[2025-10-16T08:27:20.127+0000] {logging_mixin.py:190} INFO - [2025-10-16T08:27:20.126+0000] {dag.py:4180} INFO - Setting next_dagrun for premier_dag_test to 2025-06-02 09:00:00+00:00, run_after=2025-06-02 10:00:00+00:00
[2025-10-16T08:27:20.147+0000] {processor.py:208} INFO - Processing /opt/airflow/dags/premier_dag.py took 0.141 seconds
[2025-10-16T08:27:50.366+0000] {processor.py:186} INFO - Started process (PID=353) to work on /opt/airflow/dags/premier_dag.py
[2025-10-16T08:27:50.366+0000] {processor.py:914} INFO - Processing file /opt/airflow/dags/premier_dag.py for tasks to queue
[2025-10-16T08:27:50.369+0000] {logging_mixin.py:190} INFO - [2025-10-16T08:27:50.368+0000] {dagbag.py:588} INFO - Filling up the DagBag from /opt/airflow/dags/premier_dag.py
[2025-10-16T08:27:50.384+0000] {processor.py:925} INFO - DAG(s) 'premier_dag_test' retrieved from /opt/airflow/dags/premier_dag.py
[2025-10-16T08:27:50.405+0000] {logging_mixin.py:190} INFO - [2025-10-16T08:27:50.405+0000] {dag.py:3239} INFO - Sync 1 DAGs
[2025-10-16T08:27:50.425+0000] {logging_mixin.py:190} INFO - [2025-10-16T08:27:50.425+0000] {dag.py:4180} INFO - Setting next_dagrun for premier_dag_test to 2025-06-02 09:00:00+00:00, run_after=2025-06-02 10:00:00+00:00
[2025-10-16T08:27:50.444+0000] {processor.py:208} INFO - Processing /opt/airflow/dags/premier_dag.py took 0.084 seconds
[2025-10-16T08:28:20.659+0000] {processor.py:186} INFO - Started process (PID=370) to work on /opt/airflow/dags/premier_dag.py
[2025-10-16T08:28:20.660+0000] {processor.py:914} INFO - Processing file /opt/airflow/dags/premier_dag.py for tasks to queue
[2025-10-16T08:28:20.662+0000] {logging_mixin.py:190} INFO - [2025-10-16T08:28:20.661+0000] {dagbag.py:588} INFO - Filling up the DagBag from /opt/airflow/dags/premier_dag.py
[2025-10-16T08:28:20.675+0000] {processor.py:925} INFO - DAG(s) 'premier_dag_test' retrieved from /opt/airflow/dags/premier_dag.py
[2025-10-16T08:28:20.696+0000] {logging_mixin.py:190} INFO - [2025-10-16T08:28:20.696+0000] {dag.py:3239} INFO - Sync 1 DAGs
[2025-10-16T08:28:20.718+0000] {logging_mixin.py:190} INFO - [2025-10-16T08:28:20.717+0000] {dag.py:4180} INFO - Setting next_dagrun for premier_dag_test to 2025-06-02 09:00:00+00:00, run_after=2025-06-02 10:00:00+00:00
[2025-10-16T08:28:20.739+0000] {processor.py:208} INFO - Processing /opt/airflow/dags/premier_dag.py took 0.085 seconds
[2025-10-16T08:28:50.946+0000] {processor.py:186} INFO - Started process (PID=387) to work on /opt/airflow/dags/premier_dag.py
[2025-10-16T08:28:50.947+0000] {processor.py:914} INFO - Processing file /opt/airflow/dags/premier_dag.py for tasks to queue
[2025-10-16T08:28:50.949+0000] {logging_mixin.py:190} INFO - [2025-10-16T08:28:50.949+0000] {dagbag.py:588} INFO - Filling up the DagBag from /opt/airflow/dags/premier_dag.py
[2025-10-16T08:28:50.965+0000] {processor.py:925} INFO - DAG(s) 'premier_dag_test' retrieved from /opt/airflow/dags/premier_dag.py
[2025-10-16T08:28:50.986+0000] {logging_mixin.py:190} INFO - [2025-10-16T08:28:50.986+0000] {dag.py:3239} INFO - Sync 1 DAGs
[2025-10-16T08:28:51.008+0000] {logging_mixin.py:190} INFO - [2025-10-16T08:28:51.008+0000] {dag.py:4180} INFO - Setting next_dagrun for premier_dag_test to 2025-06-02 09:00:00+00:00, run_after=2025-06-02 10:00:00+00:00
[2025-10-16T08:28:51.028+0000] {processor.py:208} INFO - Processing /opt/airflow/dags/premier_dag.py took 0.087 seconds
[2025-10-16T08:29:21.249+0000] {processor.py:186} INFO - Started process (PID=404) to work on /opt/airflow/dags/premier_dag.py
[2025-10-16T08:29:21.250+0000] {processor.py:914} INFO - Processing file /opt/airflow/dags/premier_dag.py for tasks to queue
[2025-10-16T08:29:21.253+0000] {logging_mixin.py:190} INFO - [2025-10-16T08:29:21.252+0000] {dagbag.py:588} INFO - Filling up the DagBag from /opt/airflow/dags/premier_dag.py
[2025-10-16T08:29:21.270+0000] {processor.py:925} INFO - DAG(s) 'premier_dag_test' retrieved from /opt/airflow/dags/premier_dag.py
[2025-10-16T08:29:21.296+0000] {logging_mixin.py:190} INFO - [2025-10-16T08:29:21.295+0000] {dag.py:3239} INFO - Sync 1 DAGs
[2025-10-16T08:29:21.321+0000] {logging_mixin.py:190} INFO - [2025-10-16T08:29:21.321+0000] {dag.py:4180} INFO - Setting next_dagrun for premier_dag_test to 2025-06-02 09:00:00+00:00, run_after=2025-06-02 10:00:00+00:00
[2025-10-16T08:29:21.339+0000] {processor.py:208} INFO - Processing /opt/airflow/dags/premier_dag.py took 0.096 seconds
[2025-10-16T08:29:51.558+0000] {processor.py:186} INFO - Started process (PID=421) to work on /opt/airflow/dags/premier_dag.py
[2025-10-16T08:29:51.559+0000] {processor.py:914} INFO - Processing file /opt/airflow/dags/premier_dag.py for tasks to queue
[2025-10-16T08:29:51.561+0000] {logging_mixin.py:190} INFO - [2025-10-16T08:29:51.561+0000] {dagbag.py:588} INFO - Filling up the DagBag from /opt/airflow/dags/premier_dag.py
[2025-10-16T08:29:51.576+0000] {processor.py:925} INFO - DAG(s) 'premier_dag_test' retrieved from /opt/airflow/dags/premier_dag.py
[2025-10-16T08:29:51.599+0000] {logging_mixin.py:190} INFO - [2025-10-16T08:29:51.598+0000] {dag.py:3239} INFO - Sync 1 DAGs
[2025-10-16T08:29:51.621+0000] {logging_mixin.py:190} INFO - [2025-10-16T08:29:51.620+0000] {dag.py:4180} INFO - Setting next_dagrun for premier_dag_test to 2025-06-02 09:00:00+00:00, run_after=2025-06-02 10:00:00+00:00
[2025-10-16T08:29:51.641+0000] {processor.py:208} INFO - Processing /opt/airflow/dags/premier_dag.py took 0.088 seconds
[2025-10-16T08:30:21.859+0000] {processor.py:186} INFO - Started process (PID=438) to work on /opt/airflow/dags/premier_dag.py
[2025-10-16T08:30:21.860+0000] {processor.py:914} INFO - Processing file /opt/airflow/dags/premier_dag.py for tasks to queue
[2025-10-16T08:30:21.862+0000] {logging_mixin.py:190} INFO - [2025-10-16T08:30:21.862+0000] {dagbag.py:588} INFO - Filling up the DagBag from /opt/airflow/dags/premier_dag.py
[2025-10-16T08:30:21.880+0000] {processor.py:925} INFO - DAG(s) 'premier_dag_test' retrieved from /opt/airflow/dags/premier_dag.py
[2025-10-16T08:30:21.903+0000] {logging_mixin.py:190} INFO - [2025-10-16T08:30:21.903+0000] {dag.py:3239} INFO - Sync 1 DAGs
[2025-10-16T08:30:21.924+0000] {logging_mixin.py:190} INFO - [2025-10-16T08:30:21.924+0000] {dag.py:4180} INFO - Setting next_dagrun for premier_dag_test to 2025-06-02 09:00:00+00:00, run_after=2025-06-02 10:00:00+00:00
[2025-10-16T08:30:21.940+0000] {processor.py:208} INFO - Processing /opt/airflow/dags/premier_dag.py took 0.085 seconds
[2025-10-16T09:02:45.603+0000] {processor.py:186} INFO - Started process (PID=272) to work on /opt/airflow/dags/premier_dag.py
[2025-10-16T09:02:45.607+0000] {processor.py:914} INFO - Processing file /opt/airflow/dags/premier_dag.py for tasks to queue
[2025-10-16T09:02:45.611+0000] {logging_mixin.py:190} INFO - [2025-10-16T09:02:45.611+0000] {dagbag.py:588} INFO - Filling up the DagBag from /opt/airflow/dags/premier_dag.py
[2025-10-16T09:02:45.646+0000] {processor.py:925} INFO - DAG(s) 'premier_dag_test' retrieved from /opt/airflow/dags/premier_dag.py
[2025-10-16T09:02:45.699+0000] {logging_mixin.py:190} INFO - [2025-10-16T09:02:45.699+0000] {dag.py:3239} INFO - Sync 1 DAGs
[2025-10-16T09:02:45.733+0000] {logging_mixin.py:190} INFO - [2025-10-16T09:02:45.733+0000] {dag.py:4180} INFO - Setting next_dagrun for premier_dag_test to 2025-06-02 09:00:00+00:00, run_after=2025-06-02 10:00:00+00:00
[2025-10-16T09:02:45.756+0000] {processor.py:208} INFO - Processing /opt/airflow/dags/premier_dag.py took 0.164 seconds
[2025-10-16T09:03:15.976+0000] {processor.py:186} INFO - Started process (PID=295) to work on /opt/airflow/dags/premier_dag.py
[2025-10-16T09:03:15.977+0000] {processor.py:914} INFO - Processing file /opt/airflow/dags/premier_dag.py for tasks to queue
[2025-10-16T09:03:15.980+0000] {logging_mixin.py:190} INFO - [2025-10-16T09:03:15.980+0000] {dagbag.py:588} INFO - Filling up the DagBag from /opt/airflow/dags/premier_dag.py
[2025-10-16T09:03:15.996+0000] {processor.py:925} INFO - DAG(s) 'premier_dag_test' retrieved from /opt/airflow/dags/premier_dag.py
[2025-10-16T09:03:16.024+0000] {logging_mixin.py:190} INFO - [2025-10-16T09:03:16.024+0000] {dag.py:3239} INFO - Sync 1 DAGs
[2025-10-16T09:03:16.049+0000] {logging_mixin.py:190} INFO - [2025-10-16T09:03:16.049+0000] {dag.py:4180} INFO - Setting next_dagrun for premier_dag_test to 2025-06-02 09:00:00+00:00, run_after=2025-06-02 10:00:00+00:00
[2025-10-16T09:03:16.073+0000] {processor.py:208} INFO - Processing /opt/airflow/dags/premier_dag.py took 0.102 seconds
[2025-10-16T09:03:46.275+0000] {processor.py:186} INFO - Started process (PID=312) to work on /opt/airflow/dags/premier_dag.py
[2025-10-16T09:03:46.276+0000] {processor.py:914} INFO - Processing file /opt/airflow/dags/premier_dag.py for tasks to queue
[2025-10-16T09:03:46.280+0000] {logging_mixin.py:190} INFO - [2025-10-16T09:03:46.279+0000] {dagbag.py:588} INFO - Filling up the DagBag from /opt/airflow/dags/premier_dag.py
[2025-10-16T09:03:46.305+0000] {processor.py:925} INFO - DAG(s) 'premier_dag_test' retrieved from /opt/airflow/dags/premier_dag.py
[2025-10-16T09:03:46.340+0000] {logging_mixin.py:190} INFO - [2025-10-16T09:03:46.339+0000] {dag.py:3239} INFO - Sync 1 DAGs
[2025-10-16T09:03:46.370+0000] {logging_mixin.py:190} INFO - [2025-10-16T09:03:46.369+0000] {dag.py:4180} INFO - Setting next_dagrun for premier_dag_test to 2025-06-02 09:00:00+00:00, run_after=2025-06-02 10:00:00+00:00
[2025-10-16T09:03:46.393+0000] {processor.py:208} INFO - Processing /opt/airflow/dags/premier_dag.py took 0.125 seconds
[2025-10-16T09:04:16.620+0000] {processor.py:186} INFO - Started process (PID=329) to work on /opt/airflow/dags/premier_dag.py
[2025-10-16T09:04:16.620+0000] {processor.py:914} INFO - Processing file /opt/airflow/dags/premier_dag.py for tasks to queue
[2025-10-16T09:04:16.622+0000] {logging_mixin.py:190} INFO - [2025-10-16T09:04:16.622+0000] {dagbag.py:588} INFO - Filling up the DagBag from /opt/airflow/dags/premier_dag.py
[2025-10-16T09:04:16.641+0000] {processor.py:925} INFO - DAG(s) 'premier_dag_test' retrieved from /opt/airflow/dags/premier_dag.py
[2025-10-16T09:04:16.678+0000] {logging_mixin.py:190} INFO - [2025-10-16T09:04:16.677+0000] {dag.py:3239} INFO - Sync 1 DAGs
[2025-10-16T09:04:16.719+0000] {logging_mixin.py:190} INFO - [2025-10-16T09:04:16.718+0000] {dag.py:4180} INFO - Setting next_dagrun for premier_dag_test to 2025-06-02 09:00:00+00:00, run_after=2025-06-02 10:00:00+00:00
[2025-10-16T09:04:16.750+0000] {processor.py:208} INFO - Processing /opt/airflow/dags/premier_dag.py took 0.137 seconds
[2025-10-16T09:04:46.959+0000] {processor.py:186} INFO - Started process (PID=346) to work on /opt/airflow/dags/premier_dag.py
[2025-10-16T09:04:46.960+0000] {processor.py:914} INFO - Processing file /opt/airflow/dags/premier_dag.py for tasks to queue
[2025-10-16T09:04:46.962+0000] {logging_mixin.py:190} INFO - [2025-10-16T09:04:46.961+0000] {dagbag.py:588} INFO - Filling up the DagBag from /opt/airflow/dags/premier_dag.py
[2025-10-16T09:04:46.977+0000] {processor.py:925} INFO - DAG(s) 'premier_dag_test' retrieved from /opt/airflow/dags/premier_dag.py
[2025-10-16T09:04:47.000+0000] {logging_mixin.py:190} INFO - [2025-10-16T09:04:47.000+0000] {dag.py:3239} INFO - Sync 1 DAGs
[2025-10-16T09:04:47.021+0000] {logging_mixin.py:190} INFO - [2025-10-16T09:04:47.021+0000] {dag.py:4180} INFO - Setting next_dagrun for premier_dag_test to 2025-06-02 09:00:00+00:00, run_after=2025-06-02 10:00:00+00:00
[2025-10-16T09:04:47.038+0000] {processor.py:208} INFO - Processing /opt/airflow/dags/premier_dag.py took 0.085 seconds
[2025-10-16T09:05:17.241+0000] {processor.py:186} INFO - Started process (PID=363) to work on /opt/airflow/dags/premier_dag.py
[2025-10-16T09:05:17.242+0000] {processor.py:914} INFO - Processing file /opt/airflow/dags/premier_dag.py for tasks to queue
[2025-10-16T09:05:17.244+0000] {logging_mixin.py:190} INFO - [2025-10-16T09:05:17.244+0000] {dagbag.py:588} INFO - Filling up the DagBag from /opt/airflow/dags/premier_dag.py
[2025-10-16T09:05:17.261+0000] {processor.py:925} INFO - DAG(s) 'premier_dag_test' retrieved from /opt/airflow/dags/premier_dag.py
[2025-10-16T09:05:17.282+0000] {logging_mixin.py:190} INFO - [2025-10-16T09:05:17.282+0000] {dag.py:3239} INFO - Sync 1 DAGs
[2025-10-16T09:05:17.304+0000] {logging_mixin.py:190} INFO - [2025-10-16T09:05:17.303+0000] {dag.py:4180} INFO - Setting next_dagrun for premier_dag_test to 2025-06-02 09:00:00+00:00, run_after=2025-06-02 10:00:00+00:00
[2025-10-16T09:05:17.327+0000] {processor.py:208} INFO - Processing /opt/airflow/dags/premier_dag.py took 0.090 seconds
[2025-10-16T09:05:47.534+0000] {processor.py:186} INFO - Started process (PID=380) to work on /opt/airflow/dags/premier_dag.py
[2025-10-16T09:05:47.535+0000] {processor.py:914} INFO - Processing file /opt/airflow/dags/premier_dag.py for tasks to queue
[2025-10-16T09:05:47.537+0000] {logging_mixin.py:190} INFO - [2025-10-16T09:05:47.537+0000] {dagbag.py:588} INFO - Filling up the DagBag from /opt/airflow/dags/premier_dag.py
[2025-10-16T09:05:47.552+0000] {processor.py:925} INFO - DAG(s) 'premier_dag_test' retrieved from /opt/airflow/dags/premier_dag.py
[2025-10-16T09:05:47.575+0000] {logging_mixin.py:190} INFO - [2025-10-16T09:05:47.575+0000] {dag.py:3239} INFO - Sync 1 DAGs
[2025-10-16T09:05:47.598+0000] {logging_mixin.py:190} INFO - [2025-10-16T09:05:47.598+0000] {dag.py:4180} INFO - Setting next_dagrun for premier_dag_test to 2025-06-02 09:00:00+00:00, run_after=2025-06-02 10:00:00+00:00
[2025-10-16T09:05:47.618+0000] {processor.py:208} INFO - Processing /opt/airflow/dags/premier_dag.py took 0.089 seconds
[2025-10-16T09:06:17.815+0000] {processor.py:186} INFO - Started process (PID=397) to work on /opt/airflow/dags/premier_dag.py
[2025-10-16T09:06:17.816+0000] {processor.py:914} INFO - Processing file /opt/airflow/dags/premier_dag.py for tasks to queue
[2025-10-16T09:06:17.818+0000] {logging_mixin.py:190} INFO - [2025-10-16T09:06:17.818+0000] {dagbag.py:588} INFO - Filling up the DagBag from /opt/airflow/dags/premier_dag.py
[2025-10-16T09:06:17.835+0000] {processor.py:925} INFO - DAG(s) 'premier_dag_test' retrieved from /opt/airflow/dags/premier_dag.py
[2025-10-16T09:06:17.859+0000] {logging_mixin.py:190} INFO - [2025-10-16T09:06:17.858+0000] {dag.py:3239} INFO - Sync 1 DAGs
[2025-10-16T09:06:17.884+0000] {logging_mixin.py:190} INFO - [2025-10-16T09:06:17.884+0000] {dag.py:4180} INFO - Setting next_dagrun for premier_dag_test to 2025-06-02 09:00:00+00:00, run_after=2025-06-02 10:00:00+00:00
[2025-10-16T09:06:17.906+0000] {processor.py:208} INFO - Processing /opt/airflow/dags/premier_dag.py took 0.096 seconds
[2025-10-16T09:06:48.111+0000] {processor.py:186} INFO - Started process (PID=414) to work on /opt/airflow/dags/premier_dag.py
[2025-10-16T09:06:48.112+0000] {processor.py:914} INFO - Processing file /opt/airflow/dags/premier_dag.py for tasks to queue
[2025-10-16T09:06:48.115+0000] {logging_mixin.py:190} INFO - [2025-10-16T09:06:48.114+0000] {dagbag.py:588} INFO - Filling up the DagBag from /opt/airflow/dags/premier_dag.py
[2025-10-16T09:06:48.129+0000] {processor.py:925} INFO - DAG(s) 'premier_dag_test' retrieved from /opt/airflow/dags/premier_dag.py
[2025-10-16T09:06:48.151+0000] {logging_mixin.py:190} INFO - [2025-10-16T09:06:48.151+0000] {dag.py:3239} INFO - Sync 1 DAGs
[2025-10-16T09:06:48.174+0000] {logging_mixin.py:190} INFO - [2025-10-16T09:06:48.173+0000] {dag.py:4180} INFO - Setting next_dagrun for premier_dag_test to 2025-06-02 09:00:00+00:00, run_after=2025-06-02 10:00:00+00:00
[2025-10-16T09:06:48.189+0000] {processor.py:208} INFO - Processing /opt/airflow/dags/premier_dag.py took 0.083 seconds
[2025-10-16T09:07:18.381+0000] {processor.py:186} INFO - Started process (PID=431) to work on /opt/airflow/dags/premier_dag.py
[2025-10-16T09:07:18.381+0000] {processor.py:914} INFO - Processing file /opt/airflow/dags/premier_dag.py for tasks to queue
[2025-10-16T09:07:18.384+0000] {logging_mixin.py:190} INFO - [2025-10-16T09:07:18.383+0000] {dagbag.py:588} INFO - Filling up the DagBag from /opt/airflow/dags/premier_dag.py
[2025-10-16T09:07:18.399+0000] {processor.py:925} INFO - DAG(s) 'premier_dag_test' retrieved from /opt/airflow/dags/premier_dag.py
[2025-10-16T09:07:18.422+0000] {logging_mixin.py:190} INFO - [2025-10-16T09:07:18.421+0000] {dag.py:3239} INFO - Sync 1 DAGs
[2025-10-16T09:07:18.445+0000] {logging_mixin.py:190} INFO - [2025-10-16T09:07:18.444+0000] {dag.py:4180} INFO - Setting next_dagrun for premier_dag_test to 2025-06-02 09:00:00+00:00, run_after=2025-06-02 10:00:00+00:00
[2025-10-16T09:07:18.466+0000] {processor.py:208} INFO - Processing /opt/airflow/dags/premier_dag.py took 0.090 seconds
[2025-10-16T09:07:48.711+0000] {processor.py:186} INFO - Started process (PID=448) to work on /opt/airflow/dags/premier_dag.py
[2025-10-16T09:07:48.712+0000] {processor.py:914} INFO - Processing file /opt/airflow/dags/premier_dag.py for tasks to queue
[2025-10-16T09:07:48.714+0000] {logging_mixin.py:190} INFO - [2025-10-16T09:07:48.714+0000] {dagbag.py:588} INFO - Filling up the DagBag from /opt/airflow/dags/premier_dag.py
[2025-10-16T09:07:48.731+0000] {processor.py:925} INFO - DAG(s) 'premier_dag_test' retrieved from /opt/airflow/dags/premier_dag.py
[2025-10-16T09:07:48.753+0000] {logging_mixin.py:190} INFO - [2025-10-16T09:07:48.753+0000] {dag.py:3239} INFO - Sync 1 DAGs
[2025-10-16T09:07:48.774+0000] {logging_mixin.py:190} INFO - [2025-10-16T09:07:48.774+0000] {dag.py:4180} INFO - Setting next_dagrun for premier_dag_test to 2025-06-02 09:00:00+00:00, run_after=2025-06-02 10:00:00+00:00
[2025-10-16T09:07:48.791+0000] {processor.py:208} INFO - Processing /opt/airflow/dags/premier_dag.py took 0.084 seconds
[2025-10-16T09:08:19.044+0000] {processor.py:186} INFO - Started process (PID=465) to work on /opt/airflow/dags/premier_dag.py
[2025-10-16T09:08:19.045+0000] {processor.py:914} INFO - Processing file /opt/airflow/dags/premier_dag.py for tasks to queue
[2025-10-16T09:08:19.046+0000] {logging_mixin.py:190} INFO - [2025-10-16T09:08:19.046+0000] {dagbag.py:588} INFO - Filling up the DagBag from /opt/airflow/dags/premier_dag.py
[2025-10-16T09:08:19.062+0000] {processor.py:925} INFO - DAG(s) 'premier_dag_test' retrieved from /opt/airflow/dags/premier_dag.py
[2025-10-16T09:08:19.085+0000] {logging_mixin.py:190} INFO - [2025-10-16T09:08:19.085+0000] {dag.py:3239} INFO - Sync 1 DAGs
[2025-10-16T09:08:19.107+0000] {logging_mixin.py:190} INFO - [2025-10-16T09:08:19.106+0000] {dag.py:4180} INFO - Setting next_dagrun for premier_dag_test to 2025-06-02 09:00:00+00:00, run_after=2025-06-02 10:00:00+00:00
[2025-10-16T09:08:19.126+0000] {processor.py:208} INFO - Processing /opt/airflow/dags/premier_dag.py took 0.088 seconds
[2025-10-16T09:08:49.345+0000] {processor.py:186} INFO - Started process (PID=482) to work on /opt/airflow/dags/premier_dag.py
[2025-10-16T09:08:49.346+0000] {processor.py:914} INFO - Processing file /opt/airflow/dags/premier_dag.py for tasks to queue
[2025-10-16T09:08:49.348+0000] {logging_mixin.py:190} INFO - [2025-10-16T09:08:49.348+0000] {dagbag.py:588} INFO - Filling up the DagBag from /opt/airflow/dags/premier_dag.py
[2025-10-16T09:08:49.367+0000] {processor.py:925} INFO - DAG(s) 'premier_dag_test' retrieved from /opt/airflow/dags/premier_dag.py
[2025-10-16T09:08:49.396+0000] {logging_mixin.py:190} INFO - [2025-10-16T09:08:49.396+0000] {dag.py:3239} INFO - Sync 1 DAGs
[2025-10-16T09:08:49.421+0000] {logging_mixin.py:190} INFO - [2025-10-16T09:08:49.421+0000] {dag.py:4180} INFO - Setting next_dagrun for premier_dag_test to 2025-06-02 09:00:00+00:00, run_after=2025-06-02 10:00:00+00:00
[2025-10-16T09:08:49.441+0000] {processor.py:208} INFO - Processing /opt/airflow/dags/premier_dag.py took 0.103 seconds
[2025-10-16T09:09:19.633+0000] {processor.py:186} INFO - Started process (PID=499) to work on /opt/airflow/dags/premier_dag.py
[2025-10-16T09:09:19.634+0000] {processor.py:914} INFO - Processing file /opt/airflow/dags/premier_dag.py for tasks to queue
[2025-10-16T09:09:19.636+0000] {logging_mixin.py:190} INFO - [2025-10-16T09:09:19.635+0000] {dagbag.py:588} INFO - Filling up the DagBag from /opt/airflow/dags/premier_dag.py
[2025-10-16T09:09:19.651+0000] {processor.py:925} INFO - DAG(s) 'premier_dag_test' retrieved from /opt/airflow/dags/premier_dag.py
[2025-10-16T09:09:19.677+0000] {logging_mixin.py:190} INFO - [2025-10-16T09:09:19.677+0000] {dag.py:3239} INFO - Sync 1 DAGs
[2025-10-16T09:09:19.700+0000] {logging_mixin.py:190} INFO - [2025-10-16T09:09:19.699+0000] {dag.py:4180} INFO - Setting next_dagrun for premier_dag_test to 2025-06-02 09:00:00+00:00, run_after=2025-06-02 10:00:00+00:00
[2025-10-16T09:09:19.715+0000] {processor.py:208} INFO - Processing /opt/airflow/dags/premier_dag.py took 0.087 seconds
[2025-10-16T09:09:49.909+0000] {processor.py:186} INFO - Started process (PID=516) to work on /opt/airflow/dags/premier_dag.py
[2025-10-16T09:09:49.911+0000] {processor.py:914} INFO - Processing file /opt/airflow/dags/premier_dag.py for tasks to queue
[2025-10-16T09:09:49.914+0000] {logging_mixin.py:190} INFO - [2025-10-16T09:09:49.914+0000] {dagbag.py:588} INFO - Filling up the DagBag from /opt/airflow/dags/premier_dag.py
[2025-10-16T09:09:49.931+0000] {processor.py:925} INFO - DAG(s) 'premier_dag_test' retrieved from /opt/airflow/dags/premier_dag.py
[2025-10-16T09:09:49.956+0000] {logging_mixin.py:190} INFO - [2025-10-16T09:09:49.955+0000] {dag.py:3239} INFO - Sync 1 DAGs
[2025-10-16T09:09:49.983+0000] {logging_mixin.py:190} INFO - [2025-10-16T09:09:49.983+0000] {dag.py:4180} INFO - Setting next_dagrun for premier_dag_test to 2025-06-02 09:00:00+00:00, run_after=2025-06-02 10:00:00+00:00
[2025-10-16T09:09:50.003+0000] {processor.py:208} INFO - Processing /opt/airflow/dags/premier_dag.py took 0.100 seconds
[2025-10-16T09:10:20.206+0000] {processor.py:186} INFO - Started process (PID=533) to work on /opt/airflow/dags/premier_dag.py
[2025-10-16T09:10:20.206+0000] {processor.py:914} INFO - Processing file /opt/airflow/dags/premier_dag.py for tasks to queue
[2025-10-16T09:10:20.208+0000] {logging_mixin.py:190} INFO - [2025-10-16T09:10:20.208+0000] {dagbag.py:588} INFO - Filling up the DagBag from /opt/airflow/dags/premier_dag.py
[2025-10-16T09:10:20.224+0000] {processor.py:925} INFO - DAG(s) 'premier_dag_test' retrieved from /opt/airflow/dags/premier_dag.py
[2025-10-16T09:10:20.247+0000] {logging_mixin.py:190} INFO - [2025-10-16T09:10:20.247+0000] {dag.py:3239} INFO - Sync 1 DAGs
[2025-10-16T09:10:20.271+0000] {logging_mixin.py:190} INFO - [2025-10-16T09:10:20.270+0000] {dag.py:4180} INFO - Setting next_dagrun for premier_dag_test to 2025-06-02 09:00:00+00:00, run_after=2025-06-02 10:00:00+00:00
[2025-10-16T09:10:20.292+0000] {processor.py:208} INFO - Processing /opt/airflow/dags/premier_dag.py took 0.092 seconds
[2025-10-16T09:10:50.492+0000] {processor.py:186} INFO - Started process (PID=550) to work on /opt/airflow/dags/premier_dag.py
[2025-10-16T09:10:50.492+0000] {processor.py:914} INFO - Processing file /opt/airflow/dags/premier_dag.py for tasks to queue
[2025-10-16T09:10:50.495+0000] {logging_mixin.py:190} INFO - [2025-10-16T09:10:50.495+0000] {dagbag.py:588} INFO - Filling up the DagBag from /opt/airflow/dags/premier_dag.py
[2025-10-16T09:10:50.511+0000] {processor.py:925} INFO - DAG(s) 'premier_dag_test' retrieved from /opt/airflow/dags/premier_dag.py
[2025-10-16T09:10:50.533+0000] {logging_mixin.py:190} INFO - [2025-10-16T09:10:50.533+0000] {dag.py:3239} INFO - Sync 1 DAGs
[2025-10-16T09:10:50.559+0000] {logging_mixin.py:190} INFO - [2025-10-16T09:10:50.559+0000] {dag.py:4180} INFO - Setting next_dagrun for premier_dag_test to 2025-06-02 09:00:00+00:00, run_after=2025-06-02 10:00:00+00:00
[2025-10-16T09:10:50.593+0000] {processor.py:208} INFO - Processing /opt/airflow/dags/premier_dag.py took 0.107 seconds
[2025-10-16T09:11:20.796+0000] {processor.py:186} INFO - Started process (PID=567) to work on /opt/airflow/dags/premier_dag.py
[2025-10-16T09:11:20.797+0000] {processor.py:914} INFO - Processing file /opt/airflow/dags/premier_dag.py for tasks to queue
[2025-10-16T09:11:20.799+0000] {logging_mixin.py:190} INFO - [2025-10-16T09:11:20.799+0000] {dagbag.py:588} INFO - Filling up the DagBag from /opt/airflow/dags/premier_dag.py
[2025-10-16T09:11:20.815+0000] {processor.py:925} INFO - DAG(s) 'premier_dag_test' retrieved from /opt/airflow/dags/premier_dag.py
[2025-10-16T09:11:20.837+0000] {logging_mixin.py:190} INFO - [2025-10-16T09:11:20.837+0000] {dag.py:3239} INFO - Sync 1 DAGs
[2025-10-16T09:11:20.860+0000] {logging_mixin.py:190} INFO - [2025-10-16T09:11:20.860+0000] {dag.py:4180} INFO - Setting next_dagrun for premier_dag_test to 2025-06-02 09:00:00+00:00, run_after=2025-06-02 10:00:00+00:00
[2025-10-16T09:11:20.879+0000] {processor.py:208} INFO - Processing /opt/airflow/dags/premier_dag.py took 0.088 seconds
[2025-10-16T09:11:51.079+0000] {processor.py:186} INFO - Started process (PID=584) to work on /opt/airflow/dags/premier_dag.py
[2025-10-16T09:11:51.080+0000] {processor.py:914} INFO - Processing file /opt/airflow/dags/premier_dag.py for tasks to queue
[2025-10-16T09:11:51.082+0000] {logging_mixin.py:190} INFO - [2025-10-16T09:11:51.082+0000] {dagbag.py:588} INFO - Filling up the DagBag from /opt/airflow/dags/premier_dag.py
[2025-10-16T09:11:51.098+0000] {processor.py:925} INFO - DAG(s) 'premier_dag_test' retrieved from /opt/airflow/dags/premier_dag.py
[2025-10-16T09:11:51.122+0000] {logging_mixin.py:190} INFO - [2025-10-16T09:11:51.122+0000] {dag.py:3239} INFO - Sync 1 DAGs
[2025-10-16T09:11:51.145+0000] {logging_mixin.py:190} INFO - [2025-10-16T09:11:51.145+0000] {dag.py:4180} INFO - Setting next_dagrun for premier_dag_test to 2025-06-02 09:00:00+00:00, run_after=2025-06-02 10:00:00+00:00
[2025-10-16T09:11:51.166+0000] {processor.py:208} INFO - Processing /opt/airflow/dags/premier_dag.py took 0.093 seconds
[2025-10-16T09:12:21.363+0000] {processor.py:186} INFO - Started process (PID=601) to work on /opt/airflow/dags/premier_dag.py
[2025-10-16T09:12:21.363+0000] {processor.py:914} INFO - Processing file /opt/airflow/dags/premier_dag.py for tasks to queue
[2025-10-16T09:12:21.366+0000] {logging_mixin.py:190} INFO - [2025-10-16T09:12:21.365+0000] {dagbag.py:588} INFO - Filling up the DagBag from /opt/airflow/dags/premier_dag.py
[2025-10-16T09:12:21.381+0000] {processor.py:925} INFO - DAG(s) 'premier_dag_test' retrieved from /opt/airflow/dags/premier_dag.py
[2025-10-16T09:12:21.404+0000] {logging_mixin.py:190} INFO - [2025-10-16T09:12:21.403+0000] {dag.py:3239} INFO - Sync 1 DAGs
[2025-10-16T09:12:21.426+0000] {logging_mixin.py:190} INFO - [2025-10-16T09:12:21.426+0000] {dag.py:4180} INFO - Setting next_dagrun for premier_dag_test to 2025-06-02 09:00:00+00:00, run_after=2025-06-02 10:00:00+00:00
[2025-10-16T09:12:21.446+0000] {processor.py:208} INFO - Processing /opt/airflow/dags/premier_dag.py took 0.088 seconds
[2025-10-16T09:12:51.649+0000] {processor.py:186} INFO - Started process (PID=618) to work on /opt/airflow/dags/premier_dag.py
[2025-10-16T09:12:51.650+0000] {processor.py:914} INFO - Processing file /opt/airflow/dags/premier_dag.py for tasks to queue
[2025-10-16T09:12:51.652+0000] {logging_mixin.py:190} INFO - [2025-10-16T09:12:51.652+0000] {dagbag.py:588} INFO - Filling up the DagBag from /opt/airflow/dags/premier_dag.py
[2025-10-16T09:12:51.668+0000] {processor.py:925} INFO - DAG(s) 'premier_dag_test' retrieved from /opt/airflow/dags/premier_dag.py
[2025-10-16T09:12:51.690+0000] {logging_mixin.py:190} INFO - [2025-10-16T09:12:51.689+0000] {dag.py:3239} INFO - Sync 1 DAGs
[2025-10-16T09:12:51.713+0000] {logging_mixin.py:190} INFO - [2025-10-16T09:12:51.713+0000] {dag.py:4180} INFO - Setting next_dagrun for premier_dag_test to 2025-06-02 09:00:00+00:00, run_after=2025-06-02 10:00:00+00:00
[2025-10-16T09:12:51.734+0000] {processor.py:208} INFO - Processing /opt/airflow/dags/premier_dag.py took 0.089 seconds
[2025-10-16T09:13:21.930+0000] {processor.py:186} INFO - Started process (PID=635) to work on /opt/airflow/dags/premier_dag.py
[2025-10-16T09:13:21.930+0000] {processor.py:914} INFO - Processing file /opt/airflow/dags/premier_dag.py for tasks to queue
[2025-10-16T09:13:21.932+0000] {logging_mixin.py:190} INFO - [2025-10-16T09:13:21.932+0000] {dagbag.py:588} INFO - Filling up the DagBag from /opt/airflow/dags/premier_dag.py
[2025-10-16T09:13:21.948+0000] {processor.py:925} INFO - DAG(s) 'premier_dag_test' retrieved from /opt/airflow/dags/premier_dag.py
[2025-10-16T09:13:21.970+0000] {logging_mixin.py:190} INFO - [2025-10-16T09:13:21.969+0000] {dag.py:3239} INFO - Sync 1 DAGs
[2025-10-16T09:13:21.993+0000] {logging_mixin.py:190} INFO - [2025-10-16T09:13:21.993+0000] {dag.py:4180} INFO - Setting next_dagrun for premier_dag_test to 2025-06-02 09:00:00+00:00, run_after=2025-06-02 10:00:00+00:00
[2025-10-16T09:13:22.014+0000] {processor.py:208} INFO - Processing /opt/airflow/dags/premier_dag.py took 0.089 seconds
[2025-10-16T09:13:52.217+0000] {processor.py:186} INFO - Started process (PID=652) to work on /opt/airflow/dags/premier_dag.py
[2025-10-16T09:13:52.218+0000] {processor.py:914} INFO - Processing file /opt/airflow/dags/premier_dag.py for tasks to queue
[2025-10-16T09:13:52.221+0000] {logging_mixin.py:190} INFO - [2025-10-16T09:13:52.220+0000] {dagbag.py:588} INFO - Filling up the DagBag from /opt/airflow/dags/premier_dag.py
[2025-10-16T09:13:52.243+0000] {processor.py:925} INFO - DAG(s) 'premier_dag_test' retrieved from /opt/airflow/dags/premier_dag.py
[2025-10-16T09:13:52.271+0000] {logging_mixin.py:190} INFO - [2025-10-16T09:13:52.271+0000] {dag.py:3239} INFO - Sync 1 DAGs
[2025-10-16T09:13:52.296+0000] {logging_mixin.py:190} INFO - [2025-10-16T09:13:52.295+0000] {dag.py:4180} INFO - Setting next_dagrun for premier_dag_test to 2025-06-02 09:00:00+00:00, run_after=2025-06-02 10:00:00+00:00
[2025-10-16T09:13:52.313+0000] {processor.py:208} INFO - Processing /opt/airflow/dags/premier_dag.py took 0.102 seconds
[2025-10-16T09:14:22.514+0000] {processor.py:186} INFO - Started process (PID=669) to work on /opt/airflow/dags/premier_dag.py
[2025-10-16T09:14:22.515+0000] {processor.py:914} INFO - Processing file /opt/airflow/dags/premier_dag.py for tasks to queue
[2025-10-16T09:14:22.516+0000] {logging_mixin.py:190} INFO - [2025-10-16T09:14:22.516+0000] {dagbag.py:588} INFO - Filling up the DagBag from /opt/airflow/dags/premier_dag.py
[2025-10-16T09:14:22.531+0000] {processor.py:925} INFO - DAG(s) 'premier_dag_test' retrieved from /opt/airflow/dags/premier_dag.py
[2025-10-16T09:14:22.553+0000] {logging_mixin.py:190} INFO - [2025-10-16T09:14:22.553+0000] {dag.py:3239} INFO - Sync 1 DAGs
[2025-10-16T09:14:22.575+0000] {logging_mixin.py:190} INFO - [2025-10-16T09:14:22.574+0000] {dag.py:4180} INFO - Setting next_dagrun for premier_dag_test to 2025-06-02 09:00:00+00:00, run_after=2025-06-02 10:00:00+00:00
[2025-10-16T09:14:22.595+0000] {processor.py:208} INFO - Processing /opt/airflow/dags/premier_dag.py took 0.086 seconds
[2025-10-16T09:14:52.797+0000] {processor.py:186} INFO - Started process (PID=686) to work on /opt/airflow/dags/premier_dag.py
[2025-10-16T09:14:52.798+0000] {processor.py:914} INFO - Processing file /opt/airflow/dags/premier_dag.py for tasks to queue
[2025-10-16T09:14:52.800+0000] {logging_mixin.py:190} INFO - [2025-10-16T09:14:52.799+0000] {dagbag.py:588} INFO - Filling up the DagBag from /opt/airflow/dags/premier_dag.py
[2025-10-16T09:14:52.815+0000] {processor.py:925} INFO - DAG(s) 'premier_dag_test' retrieved from /opt/airflow/dags/premier_dag.py
[2025-10-16T09:14:52.837+0000] {logging_mixin.py:190} INFO - [2025-10-16T09:14:52.837+0000] {dag.py:3239} INFO - Sync 1 DAGs
[2025-10-16T09:14:52.859+0000] {logging_mixin.py:190} INFO - [2025-10-16T09:14:52.859+0000] {dag.py:4180} INFO - Setting next_dagrun for premier_dag_test to 2025-06-02 09:00:00+00:00, run_after=2025-06-02 10:00:00+00:00
[2025-10-16T09:14:52.875+0000] {processor.py:208} INFO - Processing /opt/airflow/dags/premier_dag.py took 0.083 seconds
[2025-10-16T09:15:23.089+0000] {processor.py:186} INFO - Started process (PID=703) to work on /opt/airflow/dags/premier_dag.py
[2025-10-16T09:15:23.090+0000] {processor.py:914} INFO - Processing file /opt/airflow/dags/premier_dag.py for tasks to queue
[2025-10-16T09:15:23.092+0000] {logging_mixin.py:190} INFO - [2025-10-16T09:15:23.092+0000] {dagbag.py:588} INFO - Filling up the DagBag from /opt/airflow/dags/premier_dag.py
[2025-10-16T09:15:23.108+0000] {processor.py:925} INFO - DAG(s) 'premier_dag_test' retrieved from /opt/airflow/dags/premier_dag.py
[2025-10-16T09:15:23.132+0000] {logging_mixin.py:190} INFO - [2025-10-16T09:15:23.132+0000] {dag.py:3239} INFO - Sync 1 DAGs
[2025-10-16T09:15:23.155+0000] {logging_mixin.py:190} INFO - [2025-10-16T09:15:23.155+0000] {dag.py:4180} INFO - Setting next_dagrun for premier_dag_test to 2025-06-02 09:00:00+00:00, run_after=2025-06-02 10:00:00+00:00
[2025-10-16T09:15:23.171+0000] {processor.py:208} INFO - Processing /opt/airflow/dags/premier_dag.py took 0.087 seconds
[2025-10-16T09:15:53.364+0000] {processor.py:186} INFO - Started process (PID=720) to work on /opt/airflow/dags/premier_dag.py
[2025-10-16T09:15:53.365+0000] {processor.py:914} INFO - Processing file /opt/airflow/dags/premier_dag.py for tasks to queue
[2025-10-16T09:15:53.367+0000] {logging_mixin.py:190} INFO - [2025-10-16T09:15:53.366+0000] {dagbag.py:588} INFO - Filling up the DagBag from /opt/airflow/dags/premier_dag.py
[2025-10-16T09:15:53.384+0000] {processor.py:925} INFO - DAG(s) 'premier_dag_test' retrieved from /opt/airflow/dags/premier_dag.py
[2025-10-16T09:15:53.407+0000] {logging_mixin.py:190} INFO - [2025-10-16T09:15:53.407+0000] {dag.py:3239} INFO - Sync 1 DAGs
[2025-10-16T09:15:53.428+0000] {logging_mixin.py:190} INFO - [2025-10-16T09:15:53.428+0000] {dag.py:4180} INFO - Setting next_dagrun for premier_dag_test to 2025-06-02 09:00:00+00:00, run_after=2025-06-02 10:00:00+00:00
[2025-10-16T09:15:53.445+0000] {processor.py:208} INFO - Processing /opt/airflow/dags/premier_dag.py took 0.086 seconds
[2025-10-16T09:16:23.635+0000] {processor.py:186} INFO - Started process (PID=737) to work on /opt/airflow/dags/premier_dag.py
[2025-10-16T09:16:23.636+0000] {processor.py:914} INFO - Processing file /opt/airflow/dags/premier_dag.py for tasks to queue
[2025-10-16T09:16:23.637+0000] {logging_mixin.py:190} INFO - [2025-10-16T09:16:23.637+0000] {dagbag.py:588} INFO - Filling up the DagBag from /opt/airflow/dags/premier_dag.py
[2025-10-16T09:16:23.653+0000] {processor.py:925} INFO - DAG(s) 'premier_dag_test' retrieved from /opt/airflow/dags/premier_dag.py
[2025-10-16T09:16:23.677+0000] {logging_mixin.py:190} INFO - [2025-10-16T09:16:23.677+0000] {dag.py:3239} INFO - Sync 1 DAGs
[2025-10-16T09:16:23.700+0000] {logging_mixin.py:190} INFO - [2025-10-16T09:16:23.699+0000] {dag.py:4180} INFO - Setting next_dagrun for premier_dag_test to 2025-06-02 09:00:00+00:00, run_after=2025-06-02 10:00:00+00:00
[2025-10-16T09:16:23.715+0000] {processor.py:208} INFO - Processing /opt/airflow/dags/premier_dag.py took 0.086 seconds
[2025-10-16T09:16:53.901+0000] {processor.py:186} INFO - Started process (PID=754) to work on /opt/airflow/dags/premier_dag.py
[2025-10-16T09:16:53.901+0000] {processor.py:914} INFO - Processing file /opt/airflow/dags/premier_dag.py for tasks to queue
[2025-10-16T09:16:53.904+0000] {logging_mixin.py:190} INFO - [2025-10-16T09:16:53.903+0000] {dagbag.py:588} INFO - Filling up the DagBag from /opt/airflow/dags/premier_dag.py
[2025-10-16T09:16:53.919+0000] {processor.py:925} INFO - DAG(s) 'premier_dag_test' retrieved from /opt/airflow/dags/premier_dag.py
[2025-10-16T09:16:53.940+0000] {logging_mixin.py:190} INFO - [2025-10-16T09:16:53.940+0000] {dag.py:3239} INFO - Sync 1 DAGs
[2025-10-16T09:16:53.963+0000] {logging_mixin.py:190} INFO - [2025-10-16T09:16:53.963+0000] {dag.py:4180} INFO - Setting next_dagrun for premier_dag_test to 2025-06-02 09:00:00+00:00, run_after=2025-06-02 10:00:00+00:00
[2025-10-16T09:16:53.985+0000] {processor.py:208} INFO - Processing /opt/airflow/dags/premier_dag.py took 0.089 seconds
[2025-10-16T09:17:24.184+0000] {processor.py:186} INFO - Started process (PID=771) to work on /opt/airflow/dags/premier_dag.py
[2025-10-16T09:17:24.184+0000] {processor.py:914} INFO - Processing file /opt/airflow/dags/premier_dag.py for tasks to queue
[2025-10-16T09:17:24.186+0000] {logging_mixin.py:190} INFO - [2025-10-16T09:17:24.186+0000] {dagbag.py:588} INFO - Filling up the DagBag from /opt/airflow/dags/premier_dag.py
[2025-10-16T09:17:24.200+0000] {processor.py:925} INFO - DAG(s) 'premier_dag_test' retrieved from /opt/airflow/dags/premier_dag.py
[2025-10-16T09:17:24.223+0000] {logging_mixin.py:190} INFO - [2025-10-16T09:17:24.223+0000] {dag.py:3239} INFO - Sync 1 DAGs
[2025-10-16T09:17:24.247+0000] {logging_mixin.py:190} INFO - [2025-10-16T09:17:24.247+0000] {dag.py:4180} INFO - Setting next_dagrun for premier_dag_test to 2025-06-02 09:00:00+00:00, run_after=2025-06-02 10:00:00+00:00
[2025-10-16T09:17:24.268+0000] {processor.py:208} INFO - Processing /opt/airflow/dags/premier_dag.py took 0.089 seconds
[2025-10-16T09:17:54.419+0000] {processor.py:186} INFO - Started process (PID=785) to work on /opt/airflow/dags/premier_dag.py
[2025-10-16T09:17:54.420+0000] {processor.py:914} INFO - Processing file /opt/airflow/dags/premier_dag.py for tasks to queue
[2025-10-16T09:17:54.423+0000] {logging_mixin.py:190} INFO - [2025-10-16T09:17:54.422+0000] {dagbag.py:588} INFO - Filling up the DagBag from /opt/airflow/dags/premier_dag.py
[2025-10-16T09:17:54.439+0000] {processor.py:925} INFO - DAG(s) 'premier_dag_test' retrieved from /opt/airflow/dags/premier_dag.py
[2025-10-16T09:17:54.463+0000] {logging_mixin.py:190} INFO - [2025-10-16T09:17:54.463+0000] {dag.py:3239} INFO - Sync 1 DAGs
[2025-10-16T09:17:54.486+0000] {logging_mixin.py:190} INFO - [2025-10-16T09:17:54.486+0000] {dag.py:4180} INFO - Setting next_dagrun for premier_dag_test to 2025-06-02 09:00:00+00:00, run_after=2025-06-02 10:00:00+00:00
[2025-10-16T09:17:54.510+0000] {processor.py:208} INFO - Processing /opt/airflow/dags/premier_dag.py took 0.098 seconds
[2025-10-16T09:18:24.710+0000] {processor.py:186} INFO - Started process (PID=799) to work on /opt/airflow/dags/premier_dag.py
[2025-10-16T09:18:24.711+0000] {processor.py:914} INFO - Processing file /opt/airflow/dags/premier_dag.py for tasks to queue
[2025-10-16T09:18:24.713+0000] {logging_mixin.py:190} INFO - [2025-10-16T09:18:24.712+0000] {dagbag.py:588} INFO - Filling up the DagBag from /opt/airflow/dags/premier_dag.py
[2025-10-16T09:18:24.729+0000] {processor.py:925} INFO - DAG(s) 'premier_dag_test' retrieved from /opt/airflow/dags/premier_dag.py
[2025-10-16T09:18:24.752+0000] {logging_mixin.py:190} INFO - [2025-10-16T09:18:24.752+0000] {dag.py:3239} INFO - Sync 1 DAGs
[2025-10-16T09:18:24.774+0000] {logging_mixin.py:190} INFO - [2025-10-16T09:18:24.774+0000] {dag.py:4180} INFO - Setting next_dagrun for premier_dag_test to 2025-06-02 09:00:00+00:00, run_after=2025-06-02 10:00:00+00:00
[2025-10-16T09:18:24.793+0000] {processor.py:208} INFO - Processing /opt/airflow/dags/premier_dag.py took 0.089 seconds
[2025-10-16T09:18:55.013+0000] {processor.py:186} INFO - Started process (PID=816) to work on /opt/airflow/dags/premier_dag.py
[2025-10-16T09:18:55.014+0000] {processor.py:914} INFO - Processing file /opt/airflow/dags/premier_dag.py for tasks to queue
[2025-10-16T09:18:55.017+0000] {logging_mixin.py:190} INFO - [2025-10-16T09:18:55.017+0000] {dagbag.py:588} INFO - Filling up the DagBag from /opt/airflow/dags/premier_dag.py
[2025-10-16T09:18:55.038+0000] {processor.py:925} INFO - DAG(s) 'premier_dag_test' retrieved from /opt/airflow/dags/premier_dag.py
[2025-10-16T09:18:55.067+0000] {logging_mixin.py:190} INFO - [2025-10-16T09:18:55.066+0000] {dag.py:3239} INFO - Sync 1 DAGs
[2025-10-16T09:18:55.095+0000] {logging_mixin.py:190} INFO - [2025-10-16T09:18:55.095+0000] {dag.py:4180} INFO - Setting next_dagrun for premier_dag_test to 2025-06-02 09:00:00+00:00, run_after=2025-06-02 10:00:00+00:00
[2025-10-16T09:18:55.121+0000] {processor.py:208} INFO - Processing /opt/airflow/dags/premier_dag.py took 0.113 seconds
[2025-10-16T09:19:25.333+0000] {processor.py:186} INFO - Started process (PID=833) to work on /opt/airflow/dags/premier_dag.py
[2025-10-16T09:19:25.334+0000] {processor.py:914} INFO - Processing file /opt/airflow/dags/premier_dag.py for tasks to queue
[2025-10-16T09:19:25.336+0000] {logging_mixin.py:190} INFO - [2025-10-16T09:19:25.335+0000] {dagbag.py:588} INFO - Filling up the DagBag from /opt/airflow/dags/premier_dag.py
[2025-10-16T09:19:25.352+0000] {processor.py:925} INFO - DAG(s) 'premier_dag_test' retrieved from /opt/airflow/dags/premier_dag.py
[2025-10-16T09:19:25.373+0000] {logging_mixin.py:190} INFO - [2025-10-16T09:19:25.373+0000] {dag.py:3239} INFO - Sync 1 DAGs
[2025-10-16T09:19:25.397+0000] {logging_mixin.py:190} INFO - [2025-10-16T09:19:25.397+0000] {dag.py:4180} INFO - Setting next_dagrun for premier_dag_test to 2025-06-02 09:00:00+00:00, run_after=2025-06-02 10:00:00+00:00
[2025-10-16T09:19:25.420+0000] {processor.py:208} INFO - Processing /opt/airflow/dags/premier_dag.py took 0.092 seconds
[2025-10-16T09:19:55.618+0000] {processor.py:186} INFO - Started process (PID=850) to work on /opt/airflow/dags/premier_dag.py
[2025-10-16T09:19:55.619+0000] {processor.py:914} INFO - Processing file /opt/airflow/dags/premier_dag.py for tasks to queue
[2025-10-16T09:19:55.621+0000] {logging_mixin.py:190} INFO - [2025-10-16T09:19:55.621+0000] {dagbag.py:588} INFO - Filling up the DagBag from /opt/airflow/dags/premier_dag.py
[2025-10-16T09:19:55.638+0000] {processor.py:925} INFO - DAG(s) 'premier_dag_test' retrieved from /opt/airflow/dags/premier_dag.py
[2025-10-16T09:19:55.663+0000] {logging_mixin.py:190} INFO - [2025-10-16T09:19:55.662+0000] {dag.py:3239} INFO - Sync 1 DAGs
[2025-10-16T09:19:55.688+0000] {logging_mixin.py:190} INFO - [2025-10-16T09:19:55.687+0000] {dag.py:4180} INFO - Setting next_dagrun for premier_dag_test to 2025-06-02 09:00:00+00:00, run_after=2025-06-02 10:00:00+00:00
[2025-10-16T09:19:55.709+0000] {processor.py:208} INFO - Processing /opt/airflow/dags/premier_dag.py took 0.097 seconds
[2025-10-16T09:20:25.913+0000] {processor.py:186} INFO - Started process (PID=867) to work on /opt/airflow/dags/premier_dag.py
[2025-10-16T09:20:25.914+0000] {processor.py:914} INFO - Processing file /opt/airflow/dags/premier_dag.py for tasks to queue
[2025-10-16T09:20:25.916+0000] {logging_mixin.py:190} INFO - [2025-10-16T09:20:25.915+0000] {dagbag.py:588} INFO - Filling up the DagBag from /opt/airflow/dags/premier_dag.py
[2025-10-16T09:20:25.931+0000] {processor.py:925} INFO - DAG(s) 'premier_dag_test' retrieved from /opt/airflow/dags/premier_dag.py
[2025-10-16T09:20:25.954+0000] {logging_mixin.py:190} INFO - [2025-10-16T09:20:25.954+0000] {dag.py:3239} INFO - Sync 1 DAGs
[2025-10-16T09:20:25.979+0000] {logging_mixin.py:190} INFO - [2025-10-16T09:20:25.979+0000] {dag.py:4180} INFO - Setting next_dagrun for premier_dag_test to 2025-06-02 09:00:00+00:00, run_after=2025-06-02 10:00:00+00:00
[2025-10-16T09:20:26.002+0000] {processor.py:208} INFO - Processing /opt/airflow/dags/premier_dag.py took 0.094 seconds
[2025-10-16T09:20:56.210+0000] {processor.py:186} INFO - Started process (PID=884) to work on /opt/airflow/dags/premier_dag.py
[2025-10-16T09:20:56.210+0000] {processor.py:914} INFO - Processing file /opt/airflow/dags/premier_dag.py for tasks to queue
[2025-10-16T09:20:56.212+0000] {logging_mixin.py:190} INFO - [2025-10-16T09:20:56.212+0000] {dagbag.py:588} INFO - Filling up the DagBag from /opt/airflow/dags/premier_dag.py
[2025-10-16T09:20:56.229+0000] {processor.py:925} INFO - DAG(s) 'premier_dag_test' retrieved from /opt/airflow/dags/premier_dag.py
[2025-10-16T09:20:56.251+0000] {logging_mixin.py:190} INFO - [2025-10-16T09:20:56.251+0000] {dag.py:3239} INFO - Sync 1 DAGs
[2025-10-16T09:20:56.275+0000] {logging_mixin.py:190} INFO - [2025-10-16T09:20:56.275+0000] {dag.py:4180} INFO - Setting next_dagrun for premier_dag_test to 2025-06-02 09:00:00+00:00, run_after=2025-06-02 10:00:00+00:00
[2025-10-16T09:20:56.293+0000] {processor.py:208} INFO - Processing /opt/airflow/dags/premier_dag.py took 0.089 seconds
[2025-10-16T09:21:26.519+0000] {processor.py:186} INFO - Started process (PID=901) to work on /opt/airflow/dags/premier_dag.py
[2025-10-16T09:21:26.519+0000] {processor.py:914} INFO - Processing file /opt/airflow/dags/premier_dag.py for tasks to queue
[2025-10-16T09:21:26.521+0000] {logging_mixin.py:190} INFO - [2025-10-16T09:21:26.521+0000] {dagbag.py:588} INFO - Filling up the DagBag from /opt/airflow/dags/premier_dag.py
[2025-10-16T09:21:26.537+0000] {processor.py:925} INFO - DAG(s) 'premier_dag_test' retrieved from /opt/airflow/dags/premier_dag.py
[2025-10-16T09:21:26.560+0000] {logging_mixin.py:190} INFO - [2025-10-16T09:21:26.559+0000] {dag.py:3239} INFO - Sync 1 DAGs
[2025-10-16T09:21:26.582+0000] {logging_mixin.py:190} INFO - [2025-10-16T09:21:26.581+0000] {dag.py:4180} INFO - Setting next_dagrun for premier_dag_test to 2025-06-02 09:00:00+00:00, run_after=2025-06-02 10:00:00+00:00
[2025-10-16T09:21:26.602+0000] {processor.py:208} INFO - Processing /opt/airflow/dags/premier_dag.py took 0.089 seconds
[2025-10-16T09:21:56.797+0000] {processor.py:186} INFO - Started process (PID=918) to work on /opt/airflow/dags/premier_dag.py
[2025-10-16T09:21:56.798+0000] {processor.py:914} INFO - Processing file /opt/airflow/dags/premier_dag.py for tasks to queue
[2025-10-16T09:21:56.801+0000] {logging_mixin.py:190} INFO - [2025-10-16T09:21:56.800+0000] {dagbag.py:588} INFO - Filling up the DagBag from /opt/airflow/dags/premier_dag.py
[2025-10-16T09:21:56.817+0000] {processor.py:925} INFO - DAG(s) 'premier_dag_test' retrieved from /opt/airflow/dags/premier_dag.py
[2025-10-16T09:21:56.840+0000] {logging_mixin.py:190} INFO - [2025-10-16T09:21:56.840+0000] {dag.py:3239} INFO - Sync 1 DAGs
[2025-10-16T09:21:56.863+0000] {logging_mixin.py:190} INFO - [2025-10-16T09:21:56.863+0000] {dag.py:4180} INFO - Setting next_dagrun for premier_dag_test to 2025-06-02 09:00:00+00:00, run_after=2025-06-02 10:00:00+00:00
[2025-10-16T09:21:56.879+0000] {processor.py:208} INFO - Processing /opt/airflow/dags/premier_dag.py took 0.087 seconds
[2025-10-16T09:22:27.116+0000] {processor.py:186} INFO - Started process (PID=935) to work on /opt/airflow/dags/premier_dag.py
[2025-10-16T09:22:27.117+0000] {processor.py:914} INFO - Processing file /opt/airflow/dags/premier_dag.py for tasks to queue
[2025-10-16T09:22:27.120+0000] {logging_mixin.py:190} INFO - [2025-10-16T09:22:27.119+0000] {dagbag.py:588} INFO - Filling up the DagBag from /opt/airflow/dags/premier_dag.py
[2025-10-16T09:22:27.141+0000] {processor.py:925} INFO - DAG(s) 'premier_dag_test' retrieved from /opt/airflow/dags/premier_dag.py
[2025-10-16T09:22:27.172+0000] {logging_mixin.py:190} INFO - [2025-10-16T09:22:27.172+0000] {dag.py:3239} INFO - Sync 1 DAGs
[2025-10-16T09:22:27.211+0000] {logging_mixin.py:190} INFO - [2025-10-16T09:22:27.210+0000] {dag.py:4180} INFO - Setting next_dagrun for premier_dag_test to 2025-06-02 09:00:00+00:00, run_after=2025-06-02 10:00:00+00:00
[2025-10-16T09:22:27.250+0000] {processor.py:208} INFO - Processing /opt/airflow/dags/premier_dag.py took 0.141 seconds
[2025-10-16T09:22:57.516+0000] {processor.py:186} INFO - Started process (PID=952) to work on /opt/airflow/dags/premier_dag.py
[2025-10-16T09:22:57.517+0000] {processor.py:914} INFO - Processing file /opt/airflow/dags/premier_dag.py for tasks to queue
[2025-10-16T09:22:57.520+0000] {logging_mixin.py:190} INFO - [2025-10-16T09:22:57.520+0000] {dagbag.py:588} INFO - Filling up the DagBag from /opt/airflow/dags/premier_dag.py
[2025-10-16T09:22:57.536+0000] {processor.py:925} INFO - DAG(s) 'premier_dag_test' retrieved from /opt/airflow/dags/premier_dag.py
[2025-10-16T09:22:57.560+0000] {logging_mixin.py:190} INFO - [2025-10-16T09:22:57.559+0000] {dag.py:3239} INFO - Sync 1 DAGs
[2025-10-16T09:22:57.583+0000] {logging_mixin.py:190} INFO - [2025-10-16T09:22:57.582+0000] {dag.py:4180} INFO - Setting next_dagrun for premier_dag_test to 2025-06-02 09:00:00+00:00, run_after=2025-06-02 10:00:00+00:00
[2025-10-16T09:22:57.599+0000] {processor.py:208} INFO - Processing /opt/airflow/dags/premier_dag.py took 0.089 seconds
[2025-10-16T09:23:27.800+0000] {processor.py:186} INFO - Started process (PID=969) to work on /opt/airflow/dags/premier_dag.py
[2025-10-16T09:23:27.801+0000] {processor.py:914} INFO - Processing file /opt/airflow/dags/premier_dag.py for tasks to queue
[2025-10-16T09:23:27.804+0000] {logging_mixin.py:190} INFO - [2025-10-16T09:23:27.803+0000] {dagbag.py:588} INFO - Filling up the DagBag from /opt/airflow/dags/premier_dag.py
[2025-10-16T09:23:27.823+0000] {processor.py:925} INFO - DAG(s) 'premier_dag_test' retrieved from /opt/airflow/dags/premier_dag.py
[2025-10-16T09:23:27.849+0000] {logging_mixin.py:190} INFO - [2025-10-16T09:23:27.849+0000] {dag.py:3239} INFO - Sync 1 DAGs
[2025-10-16T09:23:27.876+0000] {logging_mixin.py:190} INFO - [2025-10-16T09:23:27.876+0000] {dag.py:4180} INFO - Setting next_dagrun for premier_dag_test to 2025-06-02 09:00:00+00:00, run_after=2025-06-02 10:00:00+00:00
[2025-10-16T09:23:27.898+0000] {processor.py:208} INFO - Processing /opt/airflow/dags/premier_dag.py took 0.104 seconds
[2025-10-16T09:23:58.108+0000] {processor.py:186} INFO - Started process (PID=986) to work on /opt/airflow/dags/premier_dag.py
[2025-10-16T09:23:58.109+0000] {processor.py:914} INFO - Processing file /opt/airflow/dags/premier_dag.py for tasks to queue
[2025-10-16T09:23:58.111+0000] {logging_mixin.py:190} INFO - [2025-10-16T09:23:58.111+0000] {dagbag.py:588} INFO - Filling up the DagBag from /opt/airflow/dags/premier_dag.py
[2025-10-16T09:23:58.125+0000] {processor.py:925} INFO - DAG(s) 'premier_dag_test' retrieved from /opt/airflow/dags/premier_dag.py
[2025-10-16T09:23:58.148+0000] {logging_mixin.py:190} INFO - [2025-10-16T09:23:58.147+0000] {dag.py:3239} INFO - Sync 1 DAGs
[2025-10-16T09:23:58.171+0000] {logging_mixin.py:190} INFO - [2025-10-16T09:23:58.171+0000] {dag.py:4180} INFO - Setting next_dagrun for premier_dag_test to 2025-06-02 09:00:00+00:00, run_after=2025-06-02 10:00:00+00:00
[2025-10-16T09:23:58.186+0000] {processor.py:208} INFO - Processing /opt/airflow/dags/premier_dag.py took 0.083 seconds
[2025-10-16T09:24:28.384+0000] {processor.py:186} INFO - Started process (PID=1004) to work on /opt/airflow/dags/premier_dag.py
[2025-10-16T09:24:28.384+0000] {processor.py:914} INFO - Processing file /opt/airflow/dags/premier_dag.py for tasks to queue
[2025-10-16T09:24:28.387+0000] {logging_mixin.py:190} INFO - [2025-10-16T09:24:28.386+0000] {dagbag.py:588} INFO - Filling up the DagBag from /opt/airflow/dags/premier_dag.py
[2025-10-16T09:24:28.403+0000] {processor.py:925} INFO - DAG(s) 'premier_dag_test' retrieved from /opt/airflow/dags/premier_dag.py
[2025-10-16T09:24:28.425+0000] {logging_mixin.py:190} INFO - [2025-10-16T09:24:28.424+0000] {dag.py:3239} INFO - Sync 1 DAGs
[2025-10-16T09:24:28.447+0000] {logging_mixin.py:190} INFO - [2025-10-16T09:24:28.447+0000] {dag.py:4180} INFO - Setting next_dagrun for premier_dag_test to 2025-06-02 09:00:00+00:00, run_after=2025-06-02 10:00:00+00:00
[2025-10-16T09:24:28.470+0000] {processor.py:208} INFO - Processing /opt/airflow/dags/premier_dag.py took 0.092 seconds
[2025-10-16T09:24:58.669+0000] {processor.py:186} INFO - Started process (PID=1021) to work on /opt/airflow/dags/premier_dag.py
[2025-10-16T09:24:58.669+0000] {processor.py:914} INFO - Processing file /opt/airflow/dags/premier_dag.py for tasks to queue
[2025-10-16T09:24:58.671+0000] {logging_mixin.py:190} INFO - [2025-10-16T09:24:58.671+0000] {dagbag.py:588} INFO - Filling up the DagBag from /opt/airflow/dags/premier_dag.py
[2025-10-16T09:24:58.686+0000] {processor.py:925} INFO - DAG(s) 'premier_dag_test' retrieved from /opt/airflow/dags/premier_dag.py
[2025-10-16T09:24:58.709+0000] {logging_mixin.py:190} INFO - [2025-10-16T09:24:58.709+0000] {dag.py:3239} INFO - Sync 1 DAGs
[2025-10-16T09:24:58.735+0000] {logging_mixin.py:190} INFO - [2025-10-16T09:24:58.735+0000] {dag.py:4180} INFO - Setting next_dagrun for premier_dag_test to 2025-06-02 09:00:00+00:00, run_after=2025-06-02 10:00:00+00:00
[2025-10-16T09:24:58.759+0000] {processor.py:208} INFO - Processing /opt/airflow/dags/premier_dag.py took 0.096 seconds
[2025-10-16T09:25:28.956+0000] {processor.py:186} INFO - Started process (PID=1038) to work on /opt/airflow/dags/premier_dag.py
[2025-10-16T09:25:28.957+0000] {processor.py:914} INFO - Processing file /opt/airflow/dags/premier_dag.py for tasks to queue
[2025-10-16T09:25:28.959+0000] {logging_mixin.py:190} INFO - [2025-10-16T09:25:28.959+0000] {dagbag.py:588} INFO - Filling up the DagBag from /opt/airflow/dags/premier_dag.py
[2025-10-16T09:25:28.974+0000] {processor.py:925} INFO - DAG(s) 'premier_dag_test' retrieved from /opt/airflow/dags/premier_dag.py
[2025-10-16T09:25:28.995+0000] {logging_mixin.py:190} INFO - [2025-10-16T09:25:28.995+0000] {dag.py:3239} INFO - Sync 1 DAGs
[2025-10-16T09:25:29.017+0000] {logging_mixin.py:190} INFO - [2025-10-16T09:25:29.016+0000] {dag.py:4180} INFO - Setting next_dagrun for premier_dag_test to 2025-06-02 09:00:00+00:00, run_after=2025-06-02 10:00:00+00:00
[2025-10-16T09:25:29.039+0000] {processor.py:208} INFO - Processing /opt/airflow/dags/premier_dag.py took 0.089 seconds
[2025-10-16T09:25:59.234+0000] {processor.py:186} INFO - Started process (PID=1055) to work on /opt/airflow/dags/premier_dag.py
[2025-10-16T09:25:59.235+0000] {processor.py:914} INFO - Processing file /opt/airflow/dags/premier_dag.py for tasks to queue
[2025-10-16T09:25:59.236+0000] {logging_mixin.py:190} INFO - [2025-10-16T09:25:59.236+0000] {dagbag.py:588} INFO - Filling up the DagBag from /opt/airflow/dags/premier_dag.py
[2025-10-16T09:25:59.253+0000] {processor.py:925} INFO - DAG(s) 'premier_dag_test' retrieved from /opt/airflow/dags/premier_dag.py
[2025-10-16T09:25:59.274+0000] {logging_mixin.py:190} INFO - [2025-10-16T09:25:59.273+0000] {dag.py:3239} INFO - Sync 1 DAGs
[2025-10-16T09:25:59.296+0000] {logging_mixin.py:190} INFO - [2025-10-16T09:25:59.296+0000] {dag.py:4180} INFO - Setting next_dagrun for premier_dag_test to 2025-06-02 09:00:00+00:00, run_after=2025-06-02 10:00:00+00:00
[2025-10-16T09:25:59.318+0000] {processor.py:208} INFO - Processing /opt/airflow/dags/premier_dag.py took 0.089 seconds
[2025-10-16T09:26:29.522+0000] {processor.py:186} INFO - Started process (PID=1072) to work on /opt/airflow/dags/premier_dag.py
[2025-10-16T09:26:29.522+0000] {processor.py:914} INFO - Processing file /opt/airflow/dags/premier_dag.py for tasks to queue
[2025-10-16T09:26:29.524+0000] {logging_mixin.py:190} INFO - [2025-10-16T09:26:29.524+0000] {dagbag.py:588} INFO - Filling up the DagBag from /opt/airflow/dags/premier_dag.py
[2025-10-16T09:26:29.538+0000] {processor.py:925} INFO - DAG(s) 'premier_dag_test' retrieved from /opt/airflow/dags/premier_dag.py
[2025-10-16T09:26:29.560+0000] {logging_mixin.py:190} INFO - [2025-10-16T09:26:29.560+0000] {dag.py:3239} INFO - Sync 1 DAGs
[2025-10-16T09:26:29.582+0000] {logging_mixin.py:190} INFO - [2025-10-16T09:26:29.582+0000] {dag.py:4180} INFO - Setting next_dagrun for premier_dag_test to 2025-06-02 09:00:00+00:00, run_after=2025-06-02 10:00:00+00:00
[2025-10-16T09:26:29.605+0000] {processor.py:208} INFO - Processing /opt/airflow/dags/premier_dag.py took 0.088 seconds
[2025-10-16T09:26:59.804+0000] {processor.py:186} INFO - Started process (PID=1089) to work on /opt/airflow/dags/premier_dag.py
[2025-10-16T09:26:59.805+0000] {processor.py:914} INFO - Processing file /opt/airflow/dags/premier_dag.py for tasks to queue
[2025-10-16T09:26:59.807+0000] {logging_mixin.py:190} INFO - [2025-10-16T09:26:59.807+0000] {dagbag.py:588} INFO - Filling up the DagBag from /opt/airflow/dags/premier_dag.py
[2025-10-16T09:26:59.825+0000] {processor.py:925} INFO - DAG(s) 'premier_dag_test' retrieved from /opt/airflow/dags/premier_dag.py
[2025-10-16T09:26:59.847+0000] {logging_mixin.py:190} INFO - [2025-10-16T09:26:59.846+0000] {dag.py:3239} INFO - Sync 1 DAGs
[2025-10-16T09:26:59.871+0000] {logging_mixin.py:190} INFO - [2025-10-16T09:26:59.871+0000] {dag.py:4180} INFO - Setting next_dagrun for premier_dag_test to 2025-06-02 09:00:00+00:00, run_after=2025-06-02 10:00:00+00:00
[2025-10-16T09:26:59.893+0000] {processor.py:208} INFO - Processing /opt/airflow/dags/premier_dag.py took 0.095 seconds
[2025-10-16T09:27:30.092+0000] {processor.py:186} INFO - Started process (PID=1106) to work on /opt/airflow/dags/premier_dag.py
[2025-10-16T09:27:30.093+0000] {processor.py:914} INFO - Processing file /opt/airflow/dags/premier_dag.py for tasks to queue
[2025-10-16T09:27:30.096+0000] {logging_mixin.py:190} INFO - [2025-10-16T09:27:30.096+0000] {dagbag.py:588} INFO - Filling up the DagBag from /opt/airflow/dags/premier_dag.py
[2025-10-16T09:27:30.113+0000] {processor.py:925} INFO - DAG(s) 'premier_dag_test' retrieved from /opt/airflow/dags/premier_dag.py
[2025-10-16T09:27:30.135+0000] {logging_mixin.py:190} INFO - [2025-10-16T09:27:30.135+0000] {dag.py:3239} INFO - Sync 1 DAGs
[2025-10-16T09:27:30.158+0000] {logging_mixin.py:190} INFO - [2025-10-16T09:27:30.158+0000] {dag.py:4180} INFO - Setting next_dagrun for premier_dag_test to 2025-06-02 09:00:00+00:00, run_after=2025-06-02 10:00:00+00:00
[2025-10-16T09:27:30.174+0000] {processor.py:208} INFO - Processing /opt/airflow/dags/premier_dag.py took 0.087 seconds
[2025-10-16T09:28:00.364+0000] {processor.py:186} INFO - Started process (PID=1124) to work on /opt/airflow/dags/premier_dag.py
[2025-10-16T09:28:00.365+0000] {processor.py:914} INFO - Processing file /opt/airflow/dags/premier_dag.py for tasks to queue
[2025-10-16T09:28:00.368+0000] {logging_mixin.py:190} INFO - [2025-10-16T09:28:00.367+0000] {dagbag.py:588} INFO - Filling up the DagBag from /opt/airflow/dags/premier_dag.py
[2025-10-16T09:28:00.384+0000] {processor.py:925} INFO - DAG(s) 'premier_dag_test' retrieved from /opt/airflow/dags/premier_dag.py
[2025-10-16T09:28:00.407+0000] {logging_mixin.py:190} INFO - [2025-10-16T09:28:00.407+0000] {dag.py:3239} INFO - Sync 1 DAGs
[2025-10-16T09:28:00.429+0000] {logging_mixin.py:190} INFO - [2025-10-16T09:28:00.428+0000] {dag.py:4180} INFO - Setting next_dagrun for premier_dag_test to 2025-06-02 09:00:00+00:00, run_after=2025-06-02 10:00:00+00:00
[2025-10-16T09:28:00.446+0000] {processor.py:208} INFO - Processing /opt/airflow/dags/premier_dag.py took 0.088 seconds
[2025-10-16T09:28:30.637+0000] {processor.py:186} INFO - Started process (PID=1141) to work on /opt/airflow/dags/premier_dag.py
[2025-10-16T09:28:30.638+0000] {processor.py:914} INFO - Processing file /opt/airflow/dags/premier_dag.py for tasks to queue
[2025-10-16T09:28:30.640+0000] {logging_mixin.py:190} INFO - [2025-10-16T09:28:30.640+0000] {dagbag.py:588} INFO - Filling up the DagBag from /opt/airflow/dags/premier_dag.py
[2025-10-16T09:28:30.656+0000] {processor.py:925} INFO - DAG(s) 'premier_dag_test' retrieved from /opt/airflow/dags/premier_dag.py
[2025-10-16T09:28:30.678+0000] {logging_mixin.py:190} INFO - [2025-10-16T09:28:30.678+0000] {dag.py:3239} INFO - Sync 1 DAGs
[2025-10-16T09:28:30.701+0000] {logging_mixin.py:190} INFO - [2025-10-16T09:28:30.701+0000] {dag.py:4180} INFO - Setting next_dagrun for premier_dag_test to 2025-06-02 09:00:00+00:00, run_after=2025-06-02 10:00:00+00:00
[2025-10-16T09:28:30.719+0000] {processor.py:208} INFO - Processing /opt/airflow/dags/premier_dag.py took 0.087 seconds
[2025-10-16T09:29:00.914+0000] {processor.py:186} INFO - Started process (PID=1158) to work on /opt/airflow/dags/premier_dag.py
[2025-10-16T09:29:00.915+0000] {processor.py:914} INFO - Processing file /opt/airflow/dags/premier_dag.py for tasks to queue
[2025-10-16T09:29:00.917+0000] {logging_mixin.py:190} INFO - [2025-10-16T09:29:00.917+0000] {dagbag.py:588} INFO - Filling up the DagBag from /opt/airflow/dags/premier_dag.py
[2025-10-16T09:29:00.934+0000] {processor.py:925} INFO - DAG(s) 'premier_dag_test' retrieved from /opt/airflow/dags/premier_dag.py
[2025-10-16T09:29:00.956+0000] {logging_mixin.py:190} INFO - [2025-10-16T09:29:00.956+0000] {dag.py:3239} INFO - Sync 1 DAGs
[2025-10-16T09:29:00.978+0000] {logging_mixin.py:190} INFO - [2025-10-16T09:29:00.978+0000] {dag.py:4180} INFO - Setting next_dagrun for premier_dag_test to 2025-06-02 09:00:00+00:00, run_after=2025-06-02 10:00:00+00:00
[2025-10-16T09:29:00.993+0000] {processor.py:208} INFO - Processing /opt/airflow/dags/premier_dag.py took 0.084 seconds
[2025-10-16T09:29:31.219+0000] {processor.py:186} INFO - Started process (PID=1175) to work on /opt/airflow/dags/premier_dag.py
[2025-10-16T09:29:31.221+0000] {processor.py:914} INFO - Processing file /opt/airflow/dags/premier_dag.py for tasks to queue
[2025-10-16T09:29:31.225+0000] {logging_mixin.py:190} INFO - [2025-10-16T09:29:31.224+0000] {dagbag.py:588} INFO - Filling up the DagBag from /opt/airflow/dags/premier_dag.py
[2025-10-16T09:29:31.261+0000] {processor.py:925} INFO - DAG(s) 'premier_dag_test' retrieved from /opt/airflow/dags/premier_dag.py
[2025-10-16T09:29:31.292+0000] {logging_mixin.py:190} INFO - [2025-10-16T09:29:31.292+0000] {dag.py:3239} INFO - Sync 1 DAGs
[2025-10-16T09:29:31.320+0000] {logging_mixin.py:190} INFO - [2025-10-16T09:29:31.320+0000] {dag.py:4180} INFO - Setting next_dagrun for premier_dag_test to 2025-06-02 09:00:00+00:00, run_after=2025-06-02 10:00:00+00:00
[2025-10-16T09:29:31.339+0000] {processor.py:208} INFO - Processing /opt/airflow/dags/premier_dag.py took 0.128 seconds
[2025-10-16T09:30:01.542+0000] {processor.py:186} INFO - Started process (PID=1192) to work on /opt/airflow/dags/premier_dag.py
[2025-10-16T09:30:01.543+0000] {processor.py:914} INFO - Processing file /opt/airflow/dags/premier_dag.py for tasks to queue
[2025-10-16T09:30:01.546+0000] {logging_mixin.py:190} INFO - [2025-10-16T09:30:01.545+0000] {dagbag.py:588} INFO - Filling up the DagBag from /opt/airflow/dags/premier_dag.py
[2025-10-16T09:30:01.562+0000] {processor.py:925} INFO - DAG(s) 'premier_dag_test' retrieved from /opt/airflow/dags/premier_dag.py
[2025-10-16T09:30:01.583+0000] {logging_mixin.py:190} INFO - [2025-10-16T09:30:01.583+0000] {dag.py:3239} INFO - Sync 1 DAGs
[2025-10-16T09:30:01.608+0000] {logging_mixin.py:190} INFO - [2025-10-16T09:30:01.607+0000] {dag.py:4180} INFO - Setting next_dagrun for premier_dag_test to 2025-06-02 09:00:00+00:00, run_after=2025-06-02 10:00:00+00:00
[2025-10-16T09:30:01.645+0000] {processor.py:208} INFO - Processing /opt/airflow/dags/premier_dag.py took 0.108 seconds
[2025-10-16T09:30:31.850+0000] {processor.py:186} INFO - Started process (PID=1209) to work on /opt/airflow/dags/premier_dag.py
[2025-10-16T09:30:31.851+0000] {processor.py:914} INFO - Processing file /opt/airflow/dags/premier_dag.py for tasks to queue
[2025-10-16T09:30:31.854+0000] {logging_mixin.py:190} INFO - [2025-10-16T09:30:31.853+0000] {dagbag.py:588} INFO - Filling up the DagBag from /opt/airflow/dags/premier_dag.py
[2025-10-16T09:30:31.873+0000] {processor.py:925} INFO - DAG(s) 'premier_dag_test' retrieved from /opt/airflow/dags/premier_dag.py
[2025-10-16T09:30:31.899+0000] {logging_mixin.py:190} INFO - [2025-10-16T09:30:31.899+0000] {dag.py:3239} INFO - Sync 1 DAGs
[2025-10-16T09:30:31.928+0000] {logging_mixin.py:190} INFO - [2025-10-16T09:30:31.928+0000] {dag.py:4180} INFO - Setting next_dagrun for premier_dag_test to 2025-06-02 09:00:00+00:00, run_after=2025-06-02 10:00:00+00:00
[2025-10-16T09:30:31.952+0000] {processor.py:208} INFO - Processing /opt/airflow/dags/premier_dag.py took 0.108 seconds
[2025-10-16T09:31:02.148+0000] {processor.py:186} INFO - Started process (PID=1226) to work on /opt/airflow/dags/premier_dag.py
[2025-10-16T09:31:02.149+0000] {processor.py:914} INFO - Processing file /opt/airflow/dags/premier_dag.py for tasks to queue
[2025-10-16T09:31:02.151+0000] {logging_mixin.py:190} INFO - [2025-10-16T09:31:02.151+0000] {dagbag.py:588} INFO - Filling up the DagBag from /opt/airflow/dags/premier_dag.py
[2025-10-16T09:31:02.167+0000] {processor.py:925} INFO - DAG(s) 'premier_dag_test' retrieved from /opt/airflow/dags/premier_dag.py
[2025-10-16T09:31:02.190+0000] {logging_mixin.py:190} INFO - [2025-10-16T09:31:02.190+0000] {dag.py:3239} INFO - Sync 1 DAGs
[2025-10-16T09:31:02.215+0000] {logging_mixin.py:190} INFO - [2025-10-16T09:31:02.214+0000] {dag.py:4180} INFO - Setting next_dagrun for premier_dag_test to 2025-06-02 09:00:00+00:00, run_after=2025-06-02 10:00:00+00:00
[2025-10-16T09:31:02.231+0000] {processor.py:208} INFO - Processing /opt/airflow/dags/premier_dag.py took 0.088 seconds
[2025-10-16T09:31:32.424+0000] {processor.py:186} INFO - Started process (PID=1243) to work on /opt/airflow/dags/premier_dag.py
[2025-10-16T09:31:32.424+0000] {processor.py:914} INFO - Processing file /opt/airflow/dags/premier_dag.py for tasks to queue
[2025-10-16T09:31:32.427+0000] {logging_mixin.py:190} INFO - [2025-10-16T09:31:32.426+0000] {dagbag.py:588} INFO - Filling up the DagBag from /opt/airflow/dags/premier_dag.py
[2025-10-16T09:31:32.442+0000] {processor.py:925} INFO - DAG(s) 'premier_dag_test' retrieved from /opt/airflow/dags/premier_dag.py
[2025-10-16T09:31:32.464+0000] {logging_mixin.py:190} INFO - [2025-10-16T09:31:32.464+0000] {dag.py:3239} INFO - Sync 1 DAGs
[2025-10-16T09:31:32.487+0000] {logging_mixin.py:190} INFO - [2025-10-16T09:31:32.487+0000] {dag.py:4180} INFO - Setting next_dagrun for premier_dag_test to 2025-06-02 09:00:00+00:00, run_after=2025-06-02 10:00:00+00:00
[2025-10-16T09:31:32.506+0000] {processor.py:208} INFO - Processing /opt/airflow/dags/premier_dag.py took 0.088 seconds
[2025-10-16T09:32:02.701+0000] {processor.py:186} INFO - Started process (PID=1260) to work on /opt/airflow/dags/premier_dag.py
[2025-10-16T09:32:02.701+0000] {processor.py:914} INFO - Processing file /opt/airflow/dags/premier_dag.py for tasks to queue
[2025-10-16T09:32:02.703+0000] {logging_mixin.py:190} INFO - [2025-10-16T09:32:02.703+0000] {dagbag.py:588} INFO - Filling up the DagBag from /opt/airflow/dags/premier_dag.py
[2025-10-16T09:32:02.718+0000] {processor.py:925} INFO - DAG(s) 'premier_dag_test' retrieved from /opt/airflow/dags/premier_dag.py
[2025-10-16T09:32:02.741+0000] {logging_mixin.py:190} INFO - [2025-10-16T09:32:02.741+0000] {dag.py:3239} INFO - Sync 1 DAGs
[2025-10-16T09:32:02.765+0000] {logging_mixin.py:190} INFO - [2025-10-16T09:32:02.764+0000] {dag.py:4180} INFO - Setting next_dagrun for premier_dag_test to 2025-06-02 09:00:00+00:00, run_after=2025-06-02 10:00:00+00:00
[2025-10-16T09:32:02.783+0000] {processor.py:208} INFO - Processing /opt/airflow/dags/premier_dag.py took 0.088 seconds
[2025-10-16T09:32:32.973+0000] {processor.py:186} INFO - Started process (PID=1277) to work on /opt/airflow/dags/premier_dag.py
[2025-10-16T09:32:32.974+0000] {processor.py:914} INFO - Processing file /opt/airflow/dags/premier_dag.py for tasks to queue
[2025-10-16T09:32:32.976+0000] {logging_mixin.py:190} INFO - [2025-10-16T09:32:32.976+0000] {dagbag.py:588} INFO - Filling up the DagBag from /opt/airflow/dags/premier_dag.py
[2025-10-16T09:32:32.991+0000] {processor.py:925} INFO - DAG(s) 'premier_dag_test' retrieved from /opt/airflow/dags/premier_dag.py
[2025-10-16T09:32:33.013+0000] {logging_mixin.py:190} INFO - [2025-10-16T09:32:33.013+0000] {dag.py:3239} INFO - Sync 1 DAGs
[2025-10-16T09:32:33.036+0000] {logging_mixin.py:190} INFO - [2025-10-16T09:32:33.036+0000] {dag.py:4180} INFO - Setting next_dagrun for premier_dag_test to 2025-06-02 09:00:00+00:00, run_after=2025-06-02 10:00:00+00:00
[2025-10-16T09:32:33.059+0000] {processor.py:208} INFO - Processing /opt/airflow/dags/premier_dag.py took 0.091 seconds
[2025-10-16T09:33:03.259+0000] {processor.py:186} INFO - Started process (PID=1294) to work on /opt/airflow/dags/premier_dag.py
[2025-10-16T09:33:03.260+0000] {processor.py:914} INFO - Processing file /opt/airflow/dags/premier_dag.py for tasks to queue
[2025-10-16T09:33:03.262+0000] {logging_mixin.py:190} INFO - [2025-10-16T09:33:03.262+0000] {dagbag.py:588} INFO - Filling up the DagBag from /opt/airflow/dags/premier_dag.py
[2025-10-16T09:33:03.277+0000] {processor.py:925} INFO - DAG(s) 'premier_dag_test' retrieved from /opt/airflow/dags/premier_dag.py
[2025-10-16T09:33:03.301+0000] {logging_mixin.py:190} INFO - [2025-10-16T09:33:03.300+0000] {dag.py:3239} INFO - Sync 1 DAGs
[2025-10-16T09:33:03.325+0000] {logging_mixin.py:190} INFO - [2025-10-16T09:33:03.325+0000] {dag.py:4180} INFO - Setting next_dagrun for premier_dag_test to 2025-06-02 09:00:00+00:00, run_after=2025-06-02 10:00:00+00:00
[2025-10-16T09:33:03.345+0000] {processor.py:208} INFO - Processing /opt/airflow/dags/premier_dag.py took 0.091 seconds
[2025-10-16T09:33:33.458+0000] {processor.py:186} INFO - Started process (PID=1308) to work on /opt/airflow/dags/premier_dag.py
[2025-10-16T09:33:33.459+0000] {processor.py:914} INFO - Processing file /opt/airflow/dags/premier_dag.py for tasks to queue
[2025-10-16T09:33:33.462+0000] {logging_mixin.py:190} INFO - [2025-10-16T09:33:33.461+0000] {dagbag.py:588} INFO - Filling up the DagBag from /opt/airflow/dags/premier_dag.py
[2025-10-16T09:33:33.478+0000] {processor.py:925} INFO - DAG(s) 'premier_dag_test' retrieved from /opt/airflow/dags/premier_dag.py
[2025-10-16T09:33:33.503+0000] {logging_mixin.py:190} INFO - [2025-10-16T09:33:33.503+0000] {dag.py:3239} INFO - Sync 1 DAGs
[2025-10-16T09:33:33.526+0000] {logging_mixin.py:190} INFO - [2025-10-16T09:33:33.526+0000] {dag.py:4180} INFO - Setting next_dagrun for premier_dag_test to 2025-06-02 09:00:00+00:00, run_after=2025-06-02 10:00:00+00:00
[2025-10-16T09:33:33.544+0000] {processor.py:208} INFO - Processing /opt/airflow/dags/premier_dag.py took 0.092 seconds
[2025-10-16T09:34:03.752+0000] {processor.py:186} INFO - Started process (PID=1322) to work on /opt/airflow/dags/premier_dag.py
[2025-10-16T09:34:03.752+0000] {processor.py:914} INFO - Processing file /opt/airflow/dags/premier_dag.py for tasks to queue
[2025-10-16T09:34:03.754+0000] {logging_mixin.py:190} INFO - [2025-10-16T09:34:03.754+0000] {dagbag.py:588} INFO - Filling up the DagBag from /opt/airflow/dags/premier_dag.py
[2025-10-16T09:34:03.770+0000] {processor.py:925} INFO - DAG(s) 'premier_dag_test' retrieved from /opt/airflow/dags/premier_dag.py
[2025-10-16T09:34:03.794+0000] {logging_mixin.py:190} INFO - [2025-10-16T09:34:03.794+0000] {dag.py:3239} INFO - Sync 1 DAGs
[2025-10-16T09:34:03.817+0000] {logging_mixin.py:190} INFO - [2025-10-16T09:34:03.817+0000] {dag.py:4180} INFO - Setting next_dagrun for premier_dag_test to 2025-06-02 09:00:00+00:00, run_after=2025-06-02 10:00:00+00:00
[2025-10-16T09:34:03.833+0000] {processor.py:208} INFO - Processing /opt/airflow/dags/premier_dag.py took 0.087 seconds
[2025-10-16T09:34:34.042+0000] {processor.py:186} INFO - Started process (PID=1339) to work on /opt/airflow/dags/premier_dag.py
[2025-10-16T09:34:34.043+0000] {processor.py:914} INFO - Processing file /opt/airflow/dags/premier_dag.py for tasks to queue
[2025-10-16T09:34:34.046+0000] {logging_mixin.py:190} INFO - [2025-10-16T09:34:34.046+0000] {dagbag.py:588} INFO - Filling up the DagBag from /opt/airflow/dags/premier_dag.py
[2025-10-16T09:34:34.061+0000] {processor.py:925} INFO - DAG(s) 'premier_dag_test' retrieved from /opt/airflow/dags/premier_dag.py
[2025-10-16T09:34:34.085+0000] {logging_mixin.py:190} INFO - [2025-10-16T09:34:34.084+0000] {dag.py:3239} INFO - Sync 1 DAGs
[2025-10-16T09:34:34.108+0000] {logging_mixin.py:190} INFO - [2025-10-16T09:34:34.108+0000] {dag.py:4180} INFO - Setting next_dagrun for premier_dag_test to 2025-06-02 09:00:00+00:00, run_after=2025-06-02 10:00:00+00:00
[2025-10-16T09:34:34.124+0000] {processor.py:208} INFO - Processing /opt/airflow/dags/premier_dag.py took 0.087 seconds
[2025-10-16T09:35:04.321+0000] {processor.py:186} INFO - Started process (PID=1356) to work on /opt/airflow/dags/premier_dag.py
[2025-10-16T09:35:04.321+0000] {processor.py:914} INFO - Processing file /opt/airflow/dags/premier_dag.py for tasks to queue
[2025-10-16T09:35:04.324+0000] {logging_mixin.py:190} INFO - [2025-10-16T09:35:04.323+0000] {dagbag.py:588} INFO - Filling up the DagBag from /opt/airflow/dags/premier_dag.py
[2025-10-16T09:35:04.338+0000] {processor.py:925} INFO - DAG(s) 'premier_dag_test' retrieved from /opt/airflow/dags/premier_dag.py
[2025-10-16T09:35:04.361+0000] {logging_mixin.py:190} INFO - [2025-10-16T09:35:04.360+0000] {dag.py:3239} INFO - Sync 1 DAGs
[2025-10-16T09:35:04.385+0000] {logging_mixin.py:190} INFO - [2025-10-16T09:35:04.384+0000] {dag.py:4180} INFO - Setting next_dagrun for premier_dag_test to 2025-06-02 09:00:00+00:00, run_after=2025-06-02 10:00:00+00:00
[2025-10-16T09:35:04.406+0000] {processor.py:208} INFO - Processing /opt/airflow/dags/premier_dag.py took 0.091 seconds
[2025-10-16T09:35:34.624+0000] {processor.py:186} INFO - Started process (PID=1373) to work on /opt/airflow/dags/premier_dag.py
[2025-10-16T09:35:34.624+0000] {processor.py:914} INFO - Processing file /opt/airflow/dags/premier_dag.py for tasks to queue
[2025-10-16T09:35:34.627+0000] {logging_mixin.py:190} INFO - [2025-10-16T09:35:34.627+0000] {dagbag.py:588} INFO - Filling up the DagBag from /opt/airflow/dags/premier_dag.py
[2025-10-16T09:35:34.643+0000] {processor.py:925} INFO - DAG(s) 'premier_dag_test' retrieved from /opt/airflow/dags/premier_dag.py
[2025-10-16T09:35:34.667+0000] {logging_mixin.py:190} INFO - [2025-10-16T09:35:34.666+0000] {dag.py:3239} INFO - Sync 1 DAGs
[2025-10-16T09:35:34.689+0000] {logging_mixin.py:190} INFO - [2025-10-16T09:35:34.689+0000] {dag.py:4180} INFO - Setting next_dagrun for premier_dag_test to 2025-06-02 09:00:00+00:00, run_after=2025-06-02 10:00:00+00:00
[2025-10-16T09:35:34.705+0000] {processor.py:208} INFO - Processing /opt/airflow/dags/premier_dag.py took 0.087 seconds
[2025-10-16T09:36:04.914+0000] {processor.py:186} INFO - Started process (PID=1390) to work on /opt/airflow/dags/premier_dag.py
[2025-10-16T09:36:04.915+0000] {processor.py:914} INFO - Processing file /opt/airflow/dags/premier_dag.py for tasks to queue
[2025-10-16T09:36:04.918+0000] {logging_mixin.py:190} INFO - [2025-10-16T09:36:04.917+0000] {dagbag.py:588} INFO - Filling up the DagBag from /opt/airflow/dags/premier_dag.py
[2025-10-16T09:36:04.932+0000] {processor.py:925} INFO - DAG(s) 'premier_dag_test' retrieved from /opt/airflow/dags/premier_dag.py
[2025-10-16T09:36:04.955+0000] {logging_mixin.py:190} INFO - [2025-10-16T09:36:04.955+0000] {dag.py:3239} INFO - Sync 1 DAGs
[2025-10-16T09:36:04.978+0000] {logging_mixin.py:190} INFO - [2025-10-16T09:36:04.978+0000] {dag.py:4180} INFO - Setting next_dagrun for premier_dag_test to 2025-06-02 09:00:00+00:00, run_after=2025-06-02 10:00:00+00:00
[2025-10-16T09:36:04.997+0000] {processor.py:208} INFO - Processing /opt/airflow/dags/premier_dag.py took 0.088 seconds
[2025-10-16T09:36:35.191+0000] {processor.py:186} INFO - Started process (PID=1407) to work on /opt/airflow/dags/premier_dag.py
[2025-10-16T09:36:35.192+0000] {processor.py:914} INFO - Processing file /opt/airflow/dags/premier_dag.py for tasks to queue
[2025-10-16T09:36:35.195+0000] {logging_mixin.py:190} INFO - [2025-10-16T09:36:35.194+0000] {dagbag.py:588} INFO - Filling up the DagBag from /opt/airflow/dags/premier_dag.py
[2025-10-16T09:36:35.210+0000] {processor.py:925} INFO - DAG(s) 'premier_dag_test' retrieved from /opt/airflow/dags/premier_dag.py
[2025-10-16T09:36:35.234+0000] {logging_mixin.py:190} INFO - [2025-10-16T09:36:35.234+0000] {dag.py:3239} INFO - Sync 1 DAGs
[2025-10-16T09:36:35.257+0000] {logging_mixin.py:190} INFO - [2025-10-16T09:36:35.256+0000] {dag.py:4180} INFO - Setting next_dagrun for premier_dag_test to 2025-06-02 09:00:00+00:00, run_after=2025-06-02 10:00:00+00:00
[2025-10-16T09:36:35.276+0000] {processor.py:208} INFO - Processing /opt/airflow/dags/premier_dag.py took 0.090 seconds
[2025-10-16T09:37:05.491+0000] {processor.py:186} INFO - Started process (PID=1424) to work on /opt/airflow/dags/premier_dag.py
[2025-10-16T09:37:05.492+0000] {processor.py:914} INFO - Processing file /opt/airflow/dags/premier_dag.py for tasks to queue
[2025-10-16T09:37:05.494+0000] {logging_mixin.py:190} INFO - [2025-10-16T09:37:05.494+0000] {dagbag.py:588} INFO - Filling up the DagBag from /opt/airflow/dags/premier_dag.py
[2025-10-16T09:37:05.508+0000] {processor.py:925} INFO - DAG(s) 'premier_dag_test' retrieved from /opt/airflow/dags/premier_dag.py
[2025-10-16T09:37:05.530+0000] {logging_mixin.py:190} INFO - [2025-10-16T09:37:05.529+0000] {dag.py:3239} INFO - Sync 1 DAGs
[2025-10-16T09:37:05.551+0000] {logging_mixin.py:190} INFO - [2025-10-16T09:37:05.550+0000] {dag.py:4180} INFO - Setting next_dagrun for premier_dag_test to 2025-06-02 09:00:00+00:00, run_after=2025-06-02 10:00:00+00:00
[2025-10-16T09:37:05.572+0000] {processor.py:208} INFO - Processing /opt/airflow/dags/premier_dag.py took 0.085 seconds
[2025-10-16T09:37:35.822+0000] {processor.py:186} INFO - Started process (PID=1441) to work on /opt/airflow/dags/premier_dag.py
[2025-10-16T09:37:35.823+0000] {processor.py:914} INFO - Processing file /opt/airflow/dags/premier_dag.py for tasks to queue
[2025-10-16T09:37:35.825+0000] {logging_mixin.py:190} INFO - [2025-10-16T09:37:35.824+0000] {dagbag.py:588} INFO - Filling up the DagBag from /opt/airflow/dags/premier_dag.py
[2025-10-16T09:37:35.839+0000] {processor.py:925} INFO - DAG(s) 'premier_dag_test' retrieved from /opt/airflow/dags/premier_dag.py
[2025-10-16T09:37:35.861+0000] {logging_mixin.py:190} INFO - [2025-10-16T09:37:35.861+0000] {dag.py:3239} INFO - Sync 1 DAGs
[2025-10-16T09:37:35.881+0000] {logging_mixin.py:190} INFO - [2025-10-16T09:37:35.881+0000] {dag.py:4180} INFO - Setting next_dagrun for premier_dag_test to 2025-06-02 09:00:00+00:00, run_after=2025-06-02 10:00:00+00:00
[2025-10-16T09:37:35.896+0000] {processor.py:208} INFO - Processing /opt/airflow/dags/premier_dag.py took 0.079 seconds
[2025-10-16T09:38:06.135+0000] {processor.py:186} INFO - Started process (PID=1458) to work on /opt/airflow/dags/premier_dag.py
[2025-10-16T09:38:06.136+0000] {processor.py:914} INFO - Processing file /opt/airflow/dags/premier_dag.py for tasks to queue
[2025-10-16T09:38:06.137+0000] {logging_mixin.py:190} INFO - [2025-10-16T09:38:06.137+0000] {dagbag.py:588} INFO - Filling up the DagBag from /opt/airflow/dags/premier_dag.py
[2025-10-16T09:38:06.152+0000] {processor.py:925} INFO - DAG(s) 'premier_dag_test' retrieved from /opt/airflow/dags/premier_dag.py
[2025-10-16T09:38:06.171+0000] {logging_mixin.py:190} INFO - [2025-10-16T09:38:06.171+0000] {dag.py:3239} INFO - Sync 1 DAGs
[2025-10-16T09:38:06.190+0000] {logging_mixin.py:190} INFO - [2025-10-16T09:38:06.190+0000] {dag.py:4180} INFO - Setting next_dagrun for premier_dag_test to 2025-06-02 09:00:00+00:00, run_after=2025-06-02 10:00:00+00:00
[2025-10-16T09:38:06.207+0000] {processor.py:208} INFO - Processing /opt/airflow/dags/premier_dag.py took 0.077 seconds
[2025-10-16T09:38:36.466+0000] {processor.py:186} INFO - Started process (PID=1475) to work on /opt/airflow/dags/premier_dag.py
[2025-10-16T09:38:36.467+0000] {processor.py:914} INFO - Processing file /opt/airflow/dags/premier_dag.py for tasks to queue
[2025-10-16T09:38:36.469+0000] {logging_mixin.py:190} INFO - [2025-10-16T09:38:36.469+0000] {dagbag.py:588} INFO - Filling up the DagBag from /opt/airflow/dags/premier_dag.py
[2025-10-16T09:38:36.483+0000] {processor.py:925} INFO - DAG(s) 'premier_dag_test' retrieved from /opt/airflow/dags/premier_dag.py
[2025-10-16T09:38:36.503+0000] {logging_mixin.py:190} INFO - [2025-10-16T09:38:36.503+0000] {dag.py:3239} INFO - Sync 1 DAGs
[2025-10-16T09:38:36.523+0000] {logging_mixin.py:190} INFO - [2025-10-16T09:38:36.522+0000] {dag.py:4180} INFO - Setting next_dagrun for premier_dag_test to 2025-06-02 09:00:00+00:00, run_after=2025-06-02 10:00:00+00:00
[2025-10-16T09:38:36.538+0000] {processor.py:208} INFO - Processing /opt/airflow/dags/premier_dag.py took 0.076 seconds
[2025-10-16T09:39:06.785+0000] {processor.py:186} INFO - Started process (PID=1492) to work on /opt/airflow/dags/premier_dag.py
[2025-10-16T09:39:06.786+0000] {processor.py:914} INFO - Processing file /opt/airflow/dags/premier_dag.py for tasks to queue
[2025-10-16T09:39:06.787+0000] {logging_mixin.py:190} INFO - [2025-10-16T09:39:06.787+0000] {dagbag.py:588} INFO - Filling up the DagBag from /opt/airflow/dags/premier_dag.py
[2025-10-16T09:39:06.801+0000] {processor.py:925} INFO - DAG(s) 'premier_dag_test' retrieved from /opt/airflow/dags/premier_dag.py
[2025-10-16T09:39:06.822+0000] {logging_mixin.py:190} INFO - [2025-10-16T09:39:06.822+0000] {dag.py:3239} INFO - Sync 1 DAGs
[2025-10-16T09:39:06.844+0000] {logging_mixin.py:190} INFO - [2025-10-16T09:39:06.843+0000] {dag.py:4180} INFO - Setting next_dagrun for premier_dag_test to 2025-06-02 09:00:00+00:00, run_after=2025-06-02 10:00:00+00:00
[2025-10-16T09:39:06.860+0000] {processor.py:208} INFO - Processing /opt/airflow/dags/premier_dag.py took 0.079 seconds
[2025-10-16T09:39:37.141+0000] {processor.py:186} INFO - Started process (PID=1509) to work on /opt/airflow/dags/premier_dag.py
[2025-10-16T09:39:37.142+0000] {processor.py:914} INFO - Processing file /opt/airflow/dags/premier_dag.py for tasks to queue
[2025-10-16T09:39:37.143+0000] {logging_mixin.py:190} INFO - [2025-10-16T09:39:37.143+0000] {dagbag.py:588} INFO - Filling up the DagBag from /opt/airflow/dags/premier_dag.py
[2025-10-16T09:39:37.158+0000] {processor.py:925} INFO - DAG(s) 'premier_dag_test' retrieved from /opt/airflow/dags/premier_dag.py
[2025-10-16T09:39:37.178+0000] {logging_mixin.py:190} INFO - [2025-10-16T09:39:37.178+0000] {dag.py:3239} INFO - Sync 1 DAGs
[2025-10-16T09:39:37.198+0000] {logging_mixin.py:190} INFO - [2025-10-16T09:39:37.198+0000] {dag.py:4180} INFO - Setting next_dagrun for premier_dag_test to 2025-06-02 09:00:00+00:00, run_after=2025-06-02 10:00:00+00:00
[2025-10-16T09:39:37.213+0000] {processor.py:208} INFO - Processing /opt/airflow/dags/premier_dag.py took 0.078 seconds
[2025-10-16T09:40:07.457+0000] {processor.py:186} INFO - Started process (PID=1526) to work on /opt/airflow/dags/premier_dag.py
[2025-10-16T09:40:07.458+0000] {processor.py:914} INFO - Processing file /opt/airflow/dags/premier_dag.py for tasks to queue
[2025-10-16T09:40:07.460+0000] {logging_mixin.py:190} INFO - [2025-10-16T09:40:07.459+0000] {dagbag.py:588} INFO - Filling up the DagBag from /opt/airflow/dags/premier_dag.py
[2025-10-16T09:40:07.474+0000] {processor.py:925} INFO - DAG(s) 'premier_dag_test' retrieved from /opt/airflow/dags/premier_dag.py
[2025-10-16T09:40:07.494+0000] {logging_mixin.py:190} INFO - [2025-10-16T09:40:07.493+0000] {dag.py:3239} INFO - Sync 1 DAGs
[2025-10-16T09:40:07.513+0000] {logging_mixin.py:190} INFO - [2025-10-16T09:40:07.513+0000] {dag.py:4180} INFO - Setting next_dagrun for premier_dag_test to 2025-06-02 09:00:00+00:00, run_after=2025-06-02 10:00:00+00:00
[2025-10-16T09:40:07.529+0000] {processor.py:208} INFO - Processing /opt/airflow/dags/premier_dag.py took 0.077 seconds
[2025-10-16T09:40:37.777+0000] {processor.py:186} INFO - Started process (PID=1543) to work on /opt/airflow/dags/premier_dag.py
[2025-10-16T09:40:37.778+0000] {processor.py:914} INFO - Processing file /opt/airflow/dags/premier_dag.py for tasks to queue
[2025-10-16T09:40:37.780+0000] {logging_mixin.py:190} INFO - [2025-10-16T09:40:37.779+0000] {dagbag.py:588} INFO - Filling up the DagBag from /opt/airflow/dags/premier_dag.py
[2025-10-16T09:40:37.794+0000] {processor.py:925} INFO - DAG(s) 'premier_dag_test' retrieved from /opt/airflow/dags/premier_dag.py
[2025-10-16T09:40:37.813+0000] {logging_mixin.py:190} INFO - [2025-10-16T09:40:37.813+0000] {dag.py:3239} INFO - Sync 1 DAGs
[2025-10-16T09:40:37.832+0000] {logging_mixin.py:190} INFO - [2025-10-16T09:40:37.832+0000] {dag.py:4180} INFO - Setting next_dagrun for premier_dag_test to 2025-06-02 09:00:00+00:00, run_after=2025-06-02 10:00:00+00:00
[2025-10-16T09:40:37.853+0000] {processor.py:208} INFO - Processing /opt/airflow/dags/premier_dag.py took 0.081 seconds
[2025-10-16T09:41:08.123+0000] {processor.py:186} INFO - Started process (PID=1561) to work on /opt/airflow/dags/premier_dag.py
[2025-10-16T09:41:08.123+0000] {processor.py:914} INFO - Processing file /opt/airflow/dags/premier_dag.py for tasks to queue
[2025-10-16T09:41:08.125+0000] {logging_mixin.py:190} INFO - [2025-10-16T09:41:08.125+0000] {dagbag.py:588} INFO - Filling up the DagBag from /opt/airflow/dags/premier_dag.py
[2025-10-16T09:41:08.139+0000] {processor.py:925} INFO - DAG(s) 'premier_dag_test' retrieved from /opt/airflow/dags/premier_dag.py
[2025-10-16T09:41:08.160+0000] {logging_mixin.py:190} INFO - [2025-10-16T09:41:08.159+0000] {dag.py:3239} INFO - Sync 1 DAGs
[2025-10-16T09:41:08.179+0000] {logging_mixin.py:190} INFO - [2025-10-16T09:41:08.179+0000] {dag.py:4180} INFO - Setting next_dagrun for premier_dag_test to 2025-06-02 09:00:00+00:00, run_after=2025-06-02 10:00:00+00:00
[2025-10-16T09:41:08.201+0000] {processor.py:208} INFO - Processing /opt/airflow/dags/premier_dag.py took 0.083 seconds
[2025-10-16T09:41:38.442+0000] {processor.py:186} INFO - Started process (PID=1578) to work on /opt/airflow/dags/premier_dag.py
[2025-10-16T09:41:38.443+0000] {processor.py:914} INFO - Processing file /opt/airflow/dags/premier_dag.py for tasks to queue
[2025-10-16T09:41:38.445+0000] {logging_mixin.py:190} INFO - [2025-10-16T09:41:38.444+0000] {dagbag.py:588} INFO - Filling up the DagBag from /opt/airflow/dags/premier_dag.py
[2025-10-16T09:41:38.459+0000] {processor.py:925} INFO - DAG(s) 'premier_dag_test' retrieved from /opt/airflow/dags/premier_dag.py
[2025-10-16T09:41:38.480+0000] {logging_mixin.py:190} INFO - [2025-10-16T09:41:38.479+0000] {dag.py:3239} INFO - Sync 1 DAGs
[2025-10-16T09:41:38.501+0000] {logging_mixin.py:190} INFO - [2025-10-16T09:41:38.501+0000] {dag.py:4180} INFO - Setting next_dagrun for premier_dag_test to 2025-06-02 09:00:00+00:00, run_after=2025-06-02 10:00:00+00:00
[2025-10-16T09:41:38.517+0000] {processor.py:208} INFO - Processing /opt/airflow/dags/premier_dag.py took 0.081 seconds
[2025-10-16T09:42:08.775+0000] {processor.py:186} INFO - Started process (PID=1595) to work on /opt/airflow/dags/premier_dag.py
[2025-10-16T09:42:08.776+0000] {processor.py:914} INFO - Processing file /opt/airflow/dags/premier_dag.py for tasks to queue
[2025-10-16T09:42:08.778+0000] {logging_mixin.py:190} INFO - [2025-10-16T09:42:08.778+0000] {dagbag.py:588} INFO - Filling up the DagBag from /opt/airflow/dags/premier_dag.py
[2025-10-16T09:42:08.792+0000] {processor.py:925} INFO - DAG(s) 'premier_dag_test' retrieved from /opt/airflow/dags/premier_dag.py
[2025-10-16T09:42:08.813+0000] {logging_mixin.py:190} INFO - [2025-10-16T09:42:08.813+0000] {dag.py:3239} INFO - Sync 1 DAGs
[2025-10-16T09:42:08.833+0000] {logging_mixin.py:190} INFO - [2025-10-16T09:42:08.832+0000] {dag.py:4180} INFO - Setting next_dagrun for premier_dag_test to 2025-06-02 09:00:00+00:00, run_after=2025-06-02 10:00:00+00:00
[2025-10-16T09:42:08.847+0000] {processor.py:208} INFO - Processing /opt/airflow/dags/premier_dag.py took 0.077 seconds
[2025-10-16T09:42:39.118+0000] {processor.py:186} INFO - Started process (PID=1612) to work on /opt/airflow/dags/premier_dag.py
[2025-10-16T09:42:39.119+0000] {processor.py:914} INFO - Processing file /opt/airflow/dags/premier_dag.py for tasks to queue
[2025-10-16T09:42:39.121+0000] {logging_mixin.py:190} INFO - [2025-10-16T09:42:39.121+0000] {dagbag.py:588} INFO - Filling up the DagBag from /opt/airflow/dags/premier_dag.py
[2025-10-16T09:42:39.134+0000] {processor.py:925} INFO - DAG(s) 'premier_dag_test' retrieved from /opt/airflow/dags/premier_dag.py
[2025-10-16T09:42:39.155+0000] {logging_mixin.py:190} INFO - [2025-10-16T09:42:39.155+0000] {dag.py:3239} INFO - Sync 1 DAGs
[2025-10-16T09:42:39.174+0000] {logging_mixin.py:190} INFO - [2025-10-16T09:42:39.174+0000] {dag.py:4180} INFO - Setting next_dagrun for premier_dag_test to 2025-06-02 09:00:00+00:00, run_after=2025-06-02 10:00:00+00:00
[2025-10-16T09:42:39.194+0000] {processor.py:208} INFO - Processing /opt/airflow/dags/premier_dag.py took 0.080 seconds
[2025-10-16T09:43:09.435+0000] {processor.py:186} INFO - Started process (PID=1630) to work on /opt/airflow/dags/premier_dag.py
[2025-10-16T09:43:09.436+0000] {processor.py:914} INFO - Processing file /opt/airflow/dags/premier_dag.py for tasks to queue
[2025-10-16T09:43:09.438+0000] {logging_mixin.py:190} INFO - [2025-10-16T09:43:09.437+0000] {dagbag.py:588} INFO - Filling up the DagBag from /opt/airflow/dags/premier_dag.py
[2025-10-16T09:43:09.452+0000] {processor.py:925} INFO - DAG(s) 'premier_dag_test' retrieved from /opt/airflow/dags/premier_dag.py
[2025-10-16T09:43:09.475+0000] {logging_mixin.py:190} INFO - [2025-10-16T09:43:09.475+0000] {dag.py:3239} INFO - Sync 1 DAGs
[2025-10-16T09:43:09.497+0000] {logging_mixin.py:190} INFO - [2025-10-16T09:43:09.497+0000] {dag.py:4180} INFO - Setting next_dagrun for premier_dag_test to 2025-06-02 09:00:00+00:00, run_after=2025-06-02 10:00:00+00:00
[2025-10-16T09:43:09.516+0000] {processor.py:208} INFO - Processing /opt/airflow/dags/premier_dag.py took 0.086 seconds
[2025-10-16T09:43:39.765+0000] {processor.py:186} INFO - Started process (PID=1647) to work on /opt/airflow/dags/premier_dag.py
[2025-10-16T09:43:39.765+0000] {processor.py:914} INFO - Processing file /opt/airflow/dags/premier_dag.py for tasks to queue
[2025-10-16T09:43:39.767+0000] {logging_mixin.py:190} INFO - [2025-10-16T09:43:39.767+0000] {dagbag.py:588} INFO - Filling up the DagBag from /opt/airflow/dags/premier_dag.py
[2025-10-16T09:43:39.784+0000] {processor.py:925} INFO - DAG(s) 'premier_dag_test' retrieved from /opt/airflow/dags/premier_dag.py
[2025-10-16T09:43:39.805+0000] {logging_mixin.py:190} INFO - [2025-10-16T09:43:39.804+0000] {dag.py:3239} INFO - Sync 1 DAGs
[2025-10-16T09:43:39.824+0000] {logging_mixin.py:190} INFO - [2025-10-16T09:43:39.824+0000] {dag.py:4180} INFO - Setting next_dagrun for premier_dag_test to 2025-06-02 09:00:00+00:00, run_after=2025-06-02 10:00:00+00:00
[2025-10-16T09:43:39.843+0000] {processor.py:208} INFO - Processing /opt/airflow/dags/premier_dag.py took 0.083 seconds
[2025-10-16T09:44:10.095+0000] {processor.py:186} INFO - Started process (PID=1664) to work on /opt/airflow/dags/premier_dag.py
[2025-10-16T09:44:10.096+0000] {processor.py:914} INFO - Processing file /opt/airflow/dags/premier_dag.py for tasks to queue
[2025-10-16T09:44:10.098+0000] {logging_mixin.py:190} INFO - [2025-10-16T09:44:10.098+0000] {dagbag.py:588} INFO - Filling up the DagBag from /opt/airflow/dags/premier_dag.py
[2025-10-16T09:44:10.113+0000] {processor.py:925} INFO - DAG(s) 'premier_dag_test' retrieved from /opt/airflow/dags/premier_dag.py
[2025-10-16T09:44:10.134+0000] {logging_mixin.py:190} INFO - [2025-10-16T09:44:10.134+0000] {dag.py:3239} INFO - Sync 1 DAGs
[2025-10-16T09:44:10.155+0000] {logging_mixin.py:190} INFO - [2025-10-16T09:44:10.155+0000] {dag.py:4180} INFO - Setting next_dagrun for premier_dag_test to 2025-06-02 09:00:00+00:00, run_after=2025-06-02 10:00:00+00:00
[2025-10-16T09:44:10.177+0000] {processor.py:208} INFO - Processing /opt/airflow/dags/premier_dag.py took 0.087 seconds
[2025-10-16T09:44:40.418+0000] {processor.py:186} INFO - Started process (PID=1681) to work on /opt/airflow/dags/premier_dag.py
[2025-10-16T09:44:40.419+0000] {processor.py:914} INFO - Processing file /opt/airflow/dags/premier_dag.py for tasks to queue
[2025-10-16T09:44:40.421+0000] {logging_mixin.py:190} INFO - [2025-10-16T09:44:40.421+0000] {dagbag.py:588} INFO - Filling up the DagBag from /opt/airflow/dags/premier_dag.py
[2025-10-16T09:44:40.436+0000] {processor.py:925} INFO - DAG(s) 'premier_dag_test' retrieved from /opt/airflow/dags/premier_dag.py
[2025-10-16T09:44:40.456+0000] {logging_mixin.py:190} INFO - [2025-10-16T09:44:40.455+0000] {dag.py:3239} INFO - Sync 1 DAGs
[2025-10-16T09:44:40.476+0000] {logging_mixin.py:190} INFO - [2025-10-16T09:44:40.475+0000] {dag.py:4180} INFO - Setting next_dagrun for premier_dag_test to 2025-06-02 09:00:00+00:00, run_after=2025-06-02 10:00:00+00:00
[2025-10-16T09:44:40.490+0000] {processor.py:208} INFO - Processing /opt/airflow/dags/premier_dag.py took 0.076 seconds
[2025-10-16T09:45:10.730+0000] {processor.py:186} INFO - Started process (PID=1698) to work on /opt/airflow/dags/premier_dag.py
[2025-10-16T09:45:10.731+0000] {processor.py:914} INFO - Processing file /opt/airflow/dags/premier_dag.py for tasks to queue
[2025-10-16T09:45:10.733+0000] {logging_mixin.py:190} INFO - [2025-10-16T09:45:10.733+0000] {dagbag.py:588} INFO - Filling up the DagBag from /opt/airflow/dags/premier_dag.py
[2025-10-16T09:45:10.748+0000] {processor.py:925} INFO - DAG(s) 'premier_dag_test' retrieved from /opt/airflow/dags/premier_dag.py
[2025-10-16T09:45:10.769+0000] {logging_mixin.py:190} INFO - [2025-10-16T09:45:10.769+0000] {dag.py:3239} INFO - Sync 1 DAGs
[2025-10-16T09:45:10.789+0000] {logging_mixin.py:190} INFO - [2025-10-16T09:45:10.788+0000] {dag.py:4180} INFO - Setting next_dagrun for premier_dag_test to 2025-06-02 09:00:00+00:00, run_after=2025-06-02 10:00:00+00:00
[2025-10-16T09:45:10.805+0000] {processor.py:208} INFO - Processing /opt/airflow/dags/premier_dag.py took 0.080 seconds
[2025-10-16T09:45:41.037+0000] {processor.py:186} INFO - Started process (PID=1715) to work on /opt/airflow/dags/premier_dag.py
[2025-10-16T09:45:41.038+0000] {processor.py:914} INFO - Processing file /opt/airflow/dags/premier_dag.py for tasks to queue
[2025-10-16T09:45:41.040+0000] {logging_mixin.py:190} INFO - [2025-10-16T09:45:41.040+0000] {dagbag.py:588} INFO - Filling up the DagBag from /opt/airflow/dags/premier_dag.py
[2025-10-16T09:45:41.054+0000] {processor.py:925} INFO - DAG(s) 'premier_dag_test' retrieved from /opt/airflow/dags/premier_dag.py
[2025-10-16T09:45:41.074+0000] {logging_mixin.py:190} INFO - [2025-10-16T09:45:41.074+0000] {dag.py:3239} INFO - Sync 1 DAGs
[2025-10-16T09:45:41.093+0000] {logging_mixin.py:190} INFO - [2025-10-16T09:45:41.093+0000] {dag.py:4180} INFO - Setting next_dagrun for premier_dag_test to 2025-06-02 09:00:00+00:00, run_after=2025-06-02 10:00:00+00:00
[2025-10-16T09:45:41.113+0000] {processor.py:208} INFO - Processing /opt/airflow/dags/premier_dag.py took 0.081 seconds
[2025-10-16T09:46:11.358+0000] {processor.py:186} INFO - Started process (PID=1732) to work on /opt/airflow/dags/premier_dag.py
[2025-10-16T09:46:11.359+0000] {processor.py:914} INFO - Processing file /opt/airflow/dags/premier_dag.py for tasks to queue
[2025-10-16T09:46:11.361+0000] {logging_mixin.py:190} INFO - [2025-10-16T09:46:11.361+0000] {dagbag.py:588} INFO - Filling up the DagBag from /opt/airflow/dags/premier_dag.py
[2025-10-16T09:46:11.376+0000] {processor.py:925} INFO - DAG(s) 'premier_dag_test' retrieved from /opt/airflow/dags/premier_dag.py
[2025-10-16T09:46:11.397+0000] {logging_mixin.py:190} INFO - [2025-10-16T09:46:11.397+0000] {dag.py:3239} INFO - Sync 1 DAGs
[2025-10-16T09:46:11.416+0000] {logging_mixin.py:190} INFO - [2025-10-16T09:46:11.416+0000] {dag.py:4180} INFO - Setting next_dagrun for premier_dag_test to 2025-06-02 09:00:00+00:00, run_after=2025-06-02 10:00:00+00:00
[2025-10-16T09:46:11.432+0000] {processor.py:208} INFO - Processing /opt/airflow/dags/premier_dag.py took 0.079 seconds
[2025-10-16T09:46:41.659+0000] {processor.py:186} INFO - Started process (PID=1749) to work on /opt/airflow/dags/premier_dag.py
[2025-10-16T09:46:41.660+0000] {processor.py:914} INFO - Processing file /opt/airflow/dags/premier_dag.py for tasks to queue
[2025-10-16T09:46:41.662+0000] {logging_mixin.py:190} INFO - [2025-10-16T09:46:41.662+0000] {dagbag.py:588} INFO - Filling up the DagBag from /opt/airflow/dags/premier_dag.py
[2025-10-16T09:46:41.677+0000] {processor.py:925} INFO - DAG(s) 'premier_dag_test' retrieved from /opt/airflow/dags/premier_dag.py
[2025-10-16T09:46:41.698+0000] {logging_mixin.py:190} INFO - [2025-10-16T09:46:41.698+0000] {dag.py:3239} INFO - Sync 1 DAGs
[2025-10-16T09:46:41.717+0000] {logging_mixin.py:190} INFO - [2025-10-16T09:46:41.717+0000] {dag.py:4180} INFO - Setting next_dagrun for premier_dag_test to 2025-06-02 09:00:00+00:00, run_after=2025-06-02 10:00:00+00:00
[2025-10-16T09:46:41.733+0000] {processor.py:208} INFO - Processing /opt/airflow/dags/premier_dag.py took 0.078 seconds
[2025-10-16T09:47:11.983+0000] {processor.py:186} INFO - Started process (PID=1766) to work on /opt/airflow/dags/premier_dag.py
[2025-10-16T09:47:11.984+0000] {processor.py:914} INFO - Processing file /opt/airflow/dags/premier_dag.py for tasks to queue
[2025-10-16T09:47:11.987+0000] {logging_mixin.py:190} INFO - [2025-10-16T09:47:11.986+0000] {dagbag.py:588} INFO - Filling up the DagBag from /opt/airflow/dags/premier_dag.py
[2025-10-16T09:47:12.000+0000] {processor.py:925} INFO - DAG(s) 'premier_dag_test' retrieved from /opt/airflow/dags/premier_dag.py
[2025-10-16T09:47:12.019+0000] {logging_mixin.py:190} INFO - [2025-10-16T09:47:12.019+0000] {dag.py:3239} INFO - Sync 1 DAGs
[2025-10-16T09:47:12.039+0000] {logging_mixin.py:190} INFO - [2025-10-16T09:47:12.038+0000] {dag.py:4180} INFO - Setting next_dagrun for premier_dag_test to 2025-06-02 09:00:00+00:00, run_after=2025-06-02 10:00:00+00:00
[2025-10-16T09:47:12.054+0000] {processor.py:208} INFO - Processing /opt/airflow/dags/premier_dag.py took 0.075 seconds
[2025-10-16T09:47:42.302+0000] {processor.py:186} INFO - Started process (PID=1783) to work on /opt/airflow/dags/premier_dag.py
[2025-10-16T09:47:42.302+0000] {processor.py:914} INFO - Processing file /opt/airflow/dags/premier_dag.py for tasks to queue
[2025-10-16T09:47:42.304+0000] {logging_mixin.py:190} INFO - [2025-10-16T09:47:42.304+0000] {dagbag.py:588} INFO - Filling up the DagBag from /opt/airflow/dags/premier_dag.py
[2025-10-16T09:47:42.320+0000] {processor.py:925} INFO - DAG(s) 'premier_dag_test' retrieved from /opt/airflow/dags/premier_dag.py
[2025-10-16T09:47:42.341+0000] {logging_mixin.py:190} INFO - [2025-10-16T09:47:42.341+0000] {dag.py:3239} INFO - Sync 1 DAGs
[2025-10-16T09:47:42.365+0000] {logging_mixin.py:190} INFO - [2025-10-16T09:47:42.365+0000] {dag.py:4180} INFO - Setting next_dagrun for premier_dag_test to 2025-06-02 09:00:00+00:00, run_after=2025-06-02 10:00:00+00:00
[2025-10-16T09:47:42.385+0000] {processor.py:208} INFO - Processing /opt/airflow/dags/premier_dag.py took 0.088 seconds
[2025-10-16T09:48:12.638+0000] {processor.py:186} INFO - Started process (PID=1800) to work on /opt/airflow/dags/premier_dag.py
[2025-10-16T09:48:12.639+0000] {processor.py:914} INFO - Processing file /opt/airflow/dags/premier_dag.py for tasks to queue
[2025-10-16T09:48:12.642+0000] {logging_mixin.py:190} INFO - [2025-10-16T09:48:12.641+0000] {dagbag.py:588} INFO - Filling up the DagBag from /opt/airflow/dags/premier_dag.py
[2025-10-16T09:48:12.656+0000] {processor.py:925} INFO - DAG(s) 'premier_dag_test' retrieved from /opt/airflow/dags/premier_dag.py
[2025-10-16T09:48:12.678+0000] {logging_mixin.py:190} INFO - [2025-10-16T09:48:12.678+0000] {dag.py:3239} INFO - Sync 1 DAGs
[2025-10-16T09:48:12.698+0000] {logging_mixin.py:190} INFO - [2025-10-16T09:48:12.698+0000] {dag.py:4180} INFO - Setting next_dagrun for premier_dag_test to 2025-06-02 09:00:00+00:00, run_after=2025-06-02 10:00:00+00:00
[2025-10-16T09:48:12.717+0000] {processor.py:208} INFO - Processing /opt/airflow/dags/premier_dag.py took 0.086 seconds
[2025-10-16T09:48:42.980+0000] {processor.py:186} INFO - Started process (PID=1817) to work on /opt/airflow/dags/premier_dag.py
[2025-10-16T09:48:42.981+0000] {processor.py:914} INFO - Processing file /opt/airflow/dags/premier_dag.py for tasks to queue
[2025-10-16T09:48:42.983+0000] {logging_mixin.py:190} INFO - [2025-10-16T09:48:42.982+0000] {dagbag.py:588} INFO - Filling up the DagBag from /opt/airflow/dags/premier_dag.py
[2025-10-16T09:48:42.996+0000] {processor.py:925} INFO - DAG(s) 'premier_dag_test' retrieved from /opt/airflow/dags/premier_dag.py
[2025-10-16T09:48:43.016+0000] {logging_mixin.py:190} INFO - [2025-10-16T09:48:43.016+0000] {dag.py:3239} INFO - Sync 1 DAGs
[2025-10-16T09:48:43.035+0000] {logging_mixin.py:190} INFO - [2025-10-16T09:48:43.035+0000] {dag.py:4180} INFO - Setting next_dagrun for premier_dag_test to 2025-06-02 09:00:00+00:00, run_after=2025-06-02 10:00:00+00:00
[2025-10-16T09:48:43.055+0000] {processor.py:208} INFO - Processing /opt/airflow/dags/premier_dag.py took 0.079 seconds
[2025-10-16T09:49:13.218+0000] {processor.py:186} INFO - Started process (PID=1831) to work on /opt/airflow/dags/premier_dag.py
[2025-10-16T09:49:13.221+0000] {processor.py:914} INFO - Processing file /opt/airflow/dags/premier_dag.py for tasks to queue
[2025-10-16T09:49:13.223+0000] {logging_mixin.py:190} INFO - [2025-10-16T09:49:13.223+0000] {dagbag.py:588} INFO - Filling up the DagBag from /opt/airflow/dags/premier_dag.py
[2025-10-16T09:49:13.237+0000] {processor.py:925} INFO - DAG(s) 'premier_dag_test' retrieved from /opt/airflow/dags/premier_dag.py
[2025-10-16T09:49:13.258+0000] {logging_mixin.py:190} INFO - [2025-10-16T09:49:13.257+0000] {dag.py:3239} INFO - Sync 1 DAGs
[2025-10-16T09:49:13.278+0000] {logging_mixin.py:190} INFO - [2025-10-16T09:49:13.278+0000] {dag.py:4180} INFO - Setting next_dagrun for premier_dag_test to 2025-06-02 09:00:00+00:00, run_after=2025-06-02 10:00:00+00:00
[2025-10-16T09:49:13.293+0000] {processor.py:208} INFO - Processing /opt/airflow/dags/premier_dag.py took 0.080 seconds
[2025-10-16T09:49:43.519+0000] {processor.py:186} INFO - Started process (PID=1845) to work on /opt/airflow/dags/premier_dag.py
[2025-10-16T09:49:43.520+0000] {processor.py:914} INFO - Processing file /opt/airflow/dags/premier_dag.py for tasks to queue
[2025-10-16T09:49:43.522+0000] {logging_mixin.py:190} INFO - [2025-10-16T09:49:43.522+0000] {dagbag.py:588} INFO - Filling up the DagBag from /opt/airflow/dags/premier_dag.py
[2025-10-16T09:49:43.536+0000] {processor.py:925} INFO - DAG(s) 'premier_dag_test' retrieved from /opt/airflow/dags/premier_dag.py
[2025-10-16T09:49:43.555+0000] {logging_mixin.py:190} INFO - [2025-10-16T09:49:43.555+0000] {dag.py:3239} INFO - Sync 1 DAGs
[2025-10-16T09:49:43.575+0000] {logging_mixin.py:190} INFO - [2025-10-16T09:49:43.574+0000] {dag.py:4180} INFO - Setting next_dagrun for premier_dag_test to 2025-06-02 09:00:00+00:00, run_after=2025-06-02 10:00:00+00:00
[2025-10-16T09:49:43.594+0000] {processor.py:208} INFO - Processing /opt/airflow/dags/premier_dag.py took 0.080 seconds
[2025-10-16T09:50:13.866+0000] {processor.py:186} INFO - Started process (PID=1862) to work on /opt/airflow/dags/premier_dag.py
[2025-10-16T09:50:13.866+0000] {processor.py:914} INFO - Processing file /opt/airflow/dags/premier_dag.py for tasks to queue
[2025-10-16T09:50:13.868+0000] {logging_mixin.py:190} INFO - [2025-10-16T09:50:13.868+0000] {dagbag.py:588} INFO - Filling up the DagBag from /opt/airflow/dags/premier_dag.py
[2025-10-16T09:50:13.885+0000] {processor.py:925} INFO - DAG(s) 'premier_dag_test' retrieved from /opt/airflow/dags/premier_dag.py
[2025-10-16T09:50:13.906+0000] {logging_mixin.py:190} INFO - [2025-10-16T09:50:13.906+0000] {dag.py:3239} INFO - Sync 1 DAGs
[2025-10-16T09:50:13.926+0000] {logging_mixin.py:190} INFO - [2025-10-16T09:50:13.926+0000] {dag.py:4180} INFO - Setting next_dagrun for premier_dag_test to 2025-06-02 09:00:00+00:00, run_after=2025-06-02 10:00:00+00:00
[2025-10-16T09:50:13.947+0000] {processor.py:208} INFO - Processing /opt/airflow/dags/premier_dag.py took 0.086 seconds
[2025-10-16T09:50:44.223+0000] {processor.py:186} INFO - Started process (PID=1885) to work on /opt/airflow/dags/premier_dag.py
[2025-10-16T09:50:44.224+0000] {processor.py:914} INFO - Processing file /opt/airflow/dags/premier_dag.py for tasks to queue
[2025-10-16T09:50:44.225+0000] {logging_mixin.py:190} INFO - [2025-10-16T09:50:44.225+0000] {dagbag.py:588} INFO - Filling up the DagBag from /opt/airflow/dags/premier_dag.py
[2025-10-16T09:50:44.239+0000] {processor.py:925} INFO - DAG(s) 'premier_dag_test' retrieved from /opt/airflow/dags/premier_dag.py
[2025-10-16T09:50:44.260+0000] {logging_mixin.py:190} INFO - [2025-10-16T09:50:44.260+0000] {dag.py:3239} INFO - Sync 1 DAGs
[2025-10-16T09:50:44.283+0000] {logging_mixin.py:190} INFO - [2025-10-16T09:50:44.283+0000] {dag.py:4180} INFO - Setting next_dagrun for premier_dag_test to 2025-06-02 09:00:00+00:00, run_after=2025-06-02 10:00:00+00:00
[2025-10-16T09:50:44.299+0000] {processor.py:208} INFO - Processing /opt/airflow/dags/premier_dag.py took 0.080 seconds
[2025-10-16T09:51:14.532+0000] {processor.py:186} INFO - Started process (PID=1902) to work on /opt/airflow/dags/premier_dag.py
[2025-10-16T09:51:14.533+0000] {processor.py:914} INFO - Processing file /opt/airflow/dags/premier_dag.py for tasks to queue
[2025-10-16T09:51:14.535+0000] {logging_mixin.py:190} INFO - [2025-10-16T09:51:14.534+0000] {dagbag.py:588} INFO - Filling up the DagBag from /opt/airflow/dags/premier_dag.py
[2025-10-16T09:51:14.551+0000] {processor.py:925} INFO - DAG(s) 'premier_dag_test' retrieved from /opt/airflow/dags/premier_dag.py
[2025-10-16T09:51:14.572+0000] {logging_mixin.py:190} INFO - [2025-10-16T09:51:14.572+0000] {dag.py:3239} INFO - Sync 1 DAGs
[2025-10-16T09:51:14.592+0000] {logging_mixin.py:190} INFO - [2025-10-16T09:51:14.592+0000] {dag.py:4180} INFO - Setting next_dagrun for premier_dag_test to 2025-06-02 09:00:00+00:00, run_after=2025-06-02 10:00:00+00:00
[2025-10-16T09:51:14.608+0000] {processor.py:208} INFO - Processing /opt/airflow/dags/premier_dag.py took 0.082 seconds
[2025-10-16T09:51:44.864+0000] {processor.py:186} INFO - Started process (PID=1919) to work on /opt/airflow/dags/premier_dag.py
[2025-10-16T09:51:44.865+0000] {processor.py:914} INFO - Processing file /opt/airflow/dags/premier_dag.py for tasks to queue
[2025-10-16T09:51:44.867+0000] {logging_mixin.py:190} INFO - [2025-10-16T09:51:44.867+0000] {dagbag.py:588} INFO - Filling up the DagBag from /opt/airflow/dags/premier_dag.py
[2025-10-16T09:51:44.880+0000] {processor.py:925} INFO - DAG(s) 'premier_dag_test' retrieved from /opt/airflow/dags/premier_dag.py
[2025-10-16T09:51:44.901+0000] {logging_mixin.py:190} INFO - [2025-10-16T09:51:44.901+0000] {dag.py:3239} INFO - Sync 1 DAGs
[2025-10-16T09:51:44.922+0000] {logging_mixin.py:190} INFO - [2025-10-16T09:51:44.922+0000] {dag.py:4180} INFO - Setting next_dagrun for premier_dag_test to 2025-06-02 09:00:00+00:00, run_after=2025-06-02 10:00:00+00:00
[2025-10-16T09:51:44.940+0000] {processor.py:208} INFO - Processing /opt/airflow/dags/premier_dag.py took 0.080 seconds
[2025-10-16T09:52:15.213+0000] {processor.py:186} INFO - Started process (PID=1936) to work on /opt/airflow/dags/premier_dag.py
[2025-10-16T09:52:15.214+0000] {processor.py:914} INFO - Processing file /opt/airflow/dags/premier_dag.py for tasks to queue
[2025-10-16T09:52:15.216+0000] {logging_mixin.py:190} INFO - [2025-10-16T09:52:15.216+0000] {dagbag.py:588} INFO - Filling up the DagBag from /opt/airflow/dags/premier_dag.py
[2025-10-16T09:52:15.230+0000] {processor.py:925} INFO - DAG(s) 'premier_dag_test' retrieved from /opt/airflow/dags/premier_dag.py
[2025-10-16T09:52:15.249+0000] {logging_mixin.py:190} INFO - [2025-10-16T09:52:15.249+0000] {dag.py:3239} INFO - Sync 1 DAGs
[2025-10-16T09:52:15.268+0000] {logging_mixin.py:190} INFO - [2025-10-16T09:52:15.268+0000] {dag.py:4180} INFO - Setting next_dagrun for premier_dag_test to 2025-06-02 09:00:00+00:00, run_after=2025-06-02 10:00:00+00:00
[2025-10-16T09:52:15.286+0000] {processor.py:208} INFO - Processing /opt/airflow/dags/premier_dag.py took 0.078 seconds
[2025-10-16T09:52:45.530+0000] {processor.py:186} INFO - Started process (PID=1953) to work on /opt/airflow/dags/premier_dag.py
[2025-10-16T09:52:45.531+0000] {processor.py:914} INFO - Processing file /opt/airflow/dags/premier_dag.py for tasks to queue
[2025-10-16T09:52:45.534+0000] {logging_mixin.py:190} INFO - [2025-10-16T09:52:45.534+0000] {dagbag.py:588} INFO - Filling up the DagBag from /opt/airflow/dags/premier_dag.py
[2025-10-16T09:52:45.549+0000] {processor.py:925} INFO - DAG(s) 'premier_dag_test' retrieved from /opt/airflow/dags/premier_dag.py
[2025-10-16T09:52:45.573+0000] {logging_mixin.py:190} INFO - [2025-10-16T09:52:45.573+0000] {dag.py:3239} INFO - Sync 1 DAGs
[2025-10-16T09:52:45.595+0000] {logging_mixin.py:190} INFO - [2025-10-16T09:52:45.595+0000] {dag.py:4180} INFO - Setting next_dagrun for premier_dag_test to 2025-06-02 09:00:00+00:00, run_after=2025-06-02 10:00:00+00:00
[2025-10-16T09:52:45.615+0000] {processor.py:208} INFO - Processing /opt/airflow/dags/premier_dag.py took 0.090 seconds
[2025-10-16T09:53:15.827+0000] {processor.py:186} INFO - Started process (PID=1970) to work on /opt/airflow/dags/premier_dag.py
[2025-10-16T09:53:15.827+0000] {processor.py:914} INFO - Processing file /opt/airflow/dags/premier_dag.py for tasks to queue
[2025-10-16T09:53:15.830+0000] {logging_mixin.py:190} INFO - [2025-10-16T09:53:15.830+0000] {dagbag.py:588} INFO - Filling up the DagBag from /opt/airflow/dags/premier_dag.py
[2025-10-16T09:53:15.844+0000] {processor.py:925} INFO - DAG(s) 'premier_dag_test' retrieved from /opt/airflow/dags/premier_dag.py
[2025-10-16T09:53:15.865+0000] {logging_mixin.py:190} INFO - [2025-10-16T09:53:15.865+0000] {dag.py:3239} INFO - Sync 1 DAGs
[2025-10-16T09:53:15.886+0000] {logging_mixin.py:190} INFO - [2025-10-16T09:53:15.886+0000] {dag.py:4180} INFO - Setting next_dagrun for premier_dag_test to 2025-06-02 09:00:00+00:00, run_after=2025-06-02 10:00:00+00:00
[2025-10-16T09:53:15.902+0000] {processor.py:208} INFO - Processing /opt/airflow/dags/premier_dag.py took 0.080 seconds
[2025-10-16T09:53:46.152+0000] {processor.py:186} INFO - Started process (PID=1987) to work on /opt/airflow/dags/premier_dag.py
[2025-10-16T09:53:46.153+0000] {processor.py:914} INFO - Processing file /opt/airflow/dags/premier_dag.py for tasks to queue
[2025-10-16T09:53:46.155+0000] {logging_mixin.py:190} INFO - [2025-10-16T09:53:46.155+0000] {dagbag.py:588} INFO - Filling up the DagBag from /opt/airflow/dags/premier_dag.py
[2025-10-16T09:53:46.169+0000] {processor.py:925} INFO - DAG(s) 'premier_dag_test' retrieved from /opt/airflow/dags/premier_dag.py
[2025-10-16T09:53:46.189+0000] {logging_mixin.py:190} INFO - [2025-10-16T09:53:46.189+0000] {dag.py:3239} INFO - Sync 1 DAGs
[2025-10-16T09:53:46.210+0000] {logging_mixin.py:190} INFO - [2025-10-16T09:53:46.209+0000] {dag.py:4180} INFO - Setting next_dagrun for premier_dag_test to 2025-06-02 09:00:00+00:00, run_after=2025-06-02 10:00:00+00:00
[2025-10-16T09:53:46.224+0000] {processor.py:208} INFO - Processing /opt/airflow/dags/premier_dag.py took 0.076 seconds
[2025-10-16T09:54:16.459+0000] {processor.py:186} INFO - Started process (PID=2004) to work on /opt/airflow/dags/premier_dag.py
[2025-10-16T09:54:16.459+0000] {processor.py:914} INFO - Processing file /opt/airflow/dags/premier_dag.py for tasks to queue
[2025-10-16T09:54:16.462+0000] {logging_mixin.py:190} INFO - [2025-10-16T09:54:16.461+0000] {dagbag.py:588} INFO - Filling up the DagBag from /opt/airflow/dags/premier_dag.py
[2025-10-16T09:54:16.477+0000] {processor.py:925} INFO - DAG(s) 'premier_dag_test' retrieved from /opt/airflow/dags/premier_dag.py
[2025-10-16T09:54:16.511+0000] {logging_mixin.py:190} INFO - [2025-10-16T09:54:16.510+0000] {dag.py:3239} INFO - Sync 1 DAGs
[2025-10-16T09:54:16.551+0000] {logging_mixin.py:190} INFO - [2025-10-16T09:54:16.551+0000] {dag.py:4180} INFO - Setting next_dagrun for premier_dag_test to 2025-06-02 09:00:00+00:00, run_after=2025-06-02 10:00:00+00:00
[2025-10-16T09:54:16.574+0000] {processor.py:208} INFO - Processing /opt/airflow/dags/premier_dag.py took 0.121 seconds
[2025-10-16T09:54:46.812+0000] {processor.py:186} INFO - Started process (PID=2021) to work on /opt/airflow/dags/premier_dag.py
[2025-10-16T09:54:46.813+0000] {processor.py:914} INFO - Processing file /opt/airflow/dags/premier_dag.py for tasks to queue
[2025-10-16T09:54:46.815+0000] {logging_mixin.py:190} INFO - [2025-10-16T09:54:46.815+0000] {dagbag.py:588} INFO - Filling up the DagBag from /opt/airflow/dags/premier_dag.py
[2025-10-16T09:54:46.829+0000] {processor.py:925} INFO - DAG(s) 'premier_dag_test' retrieved from /opt/airflow/dags/premier_dag.py
[2025-10-16T09:54:46.857+0000] {logging_mixin.py:190} INFO - [2025-10-16T09:54:46.857+0000] {dag.py:3239} INFO - Sync 1 DAGs
[2025-10-16T09:54:46.877+0000] {logging_mixin.py:190} INFO - [2025-10-16T09:54:46.877+0000] {dag.py:4180} INFO - Setting next_dagrun for premier_dag_test to 2025-06-02 09:00:00+00:00, run_after=2025-06-02 10:00:00+00:00
[2025-10-16T09:54:46.893+0000] {processor.py:208} INFO - Processing /opt/airflow/dags/premier_dag.py took 0.086 seconds
[2025-10-16T09:55:17.162+0000] {processor.py:186} INFO - Started process (PID=2038) to work on /opt/airflow/dags/premier_dag.py
[2025-10-16T09:55:17.163+0000] {processor.py:914} INFO - Processing file /opt/airflow/dags/premier_dag.py for tasks to queue
[2025-10-16T09:55:17.165+0000] {logging_mixin.py:190} INFO - [2025-10-16T09:55:17.165+0000] {dagbag.py:588} INFO - Filling up the DagBag from /opt/airflow/dags/premier_dag.py
[2025-10-16T09:55:17.179+0000] {processor.py:925} INFO - DAG(s) 'premier_dag_test' retrieved from /opt/airflow/dags/premier_dag.py
[2025-10-16T09:55:17.207+0000] {logging_mixin.py:190} INFO - [2025-10-16T09:55:17.207+0000] {dag.py:3239} INFO - Sync 1 DAGs
[2025-10-16T09:55:17.226+0000] {logging_mixin.py:190} INFO - [2025-10-16T09:55:17.226+0000] {dag.py:4180} INFO - Setting next_dagrun for premier_dag_test to 2025-06-02 09:00:00+00:00, run_after=2025-06-02 10:00:00+00:00
[2025-10-16T09:55:17.241+0000] {processor.py:208} INFO - Processing /opt/airflow/dags/premier_dag.py took 0.083 seconds
[2025-10-16T09:55:47.507+0000] {processor.py:186} INFO - Started process (PID=2055) to work on /opt/airflow/dags/premier_dag.py
[2025-10-16T09:55:47.508+0000] {processor.py:914} INFO - Processing file /opt/airflow/dags/premier_dag.py for tasks to queue
[2025-10-16T09:55:47.510+0000] {logging_mixin.py:190} INFO - [2025-10-16T09:55:47.509+0000] {dagbag.py:588} INFO - Filling up the DagBag from /opt/airflow/dags/premier_dag.py
[2025-10-16T09:55:47.523+0000] {processor.py:925} INFO - DAG(s) 'premier_dag_test' retrieved from /opt/airflow/dags/premier_dag.py
[2025-10-16T09:55:47.552+0000] {logging_mixin.py:190} INFO - [2025-10-16T09:55:47.551+0000] {dag.py:3239} INFO - Sync 1 DAGs
[2025-10-16T09:55:47.571+0000] {logging_mixin.py:190} INFO - [2025-10-16T09:55:47.571+0000] {dag.py:4180} INFO - Setting next_dagrun for premier_dag_test to 2025-06-02 09:00:00+00:00, run_after=2025-06-02 10:00:00+00:00
[2025-10-16T09:55:47.585+0000] {processor.py:208} INFO - Processing /opt/airflow/dags/premier_dag.py took 0.083 seconds
[2025-10-16T09:56:17.836+0000] {processor.py:186} INFO - Started process (PID=2072) to work on /opt/airflow/dags/premier_dag.py
[2025-10-16T09:56:17.837+0000] {processor.py:914} INFO - Processing file /opt/airflow/dags/premier_dag.py for tasks to queue
[2025-10-16T09:56:17.839+0000] {logging_mixin.py:190} INFO - [2025-10-16T09:56:17.839+0000] {dagbag.py:588} INFO - Filling up the DagBag from /opt/airflow/dags/premier_dag.py
[2025-10-16T09:56:17.853+0000] {processor.py:925} INFO - DAG(s) 'premier_dag_test' retrieved from /opt/airflow/dags/premier_dag.py
[2025-10-16T09:56:17.883+0000] {logging_mixin.py:190} INFO - [2025-10-16T09:56:17.883+0000] {dag.py:3239} INFO - Sync 1 DAGs
[2025-10-16T09:56:17.903+0000] {logging_mixin.py:190} INFO - [2025-10-16T09:56:17.903+0000] {dag.py:4180} INFO - Setting next_dagrun for premier_dag_test to 2025-06-02 09:00:00+00:00, run_after=2025-06-02 10:00:00+00:00
[2025-10-16T09:56:17.924+0000] {processor.py:208} INFO - Processing /opt/airflow/dags/premier_dag.py took 0.093 seconds
[2025-10-16T09:56:48.169+0000] {processor.py:186} INFO - Started process (PID=2089) to work on /opt/airflow/dags/premier_dag.py
[2025-10-16T09:56:48.170+0000] {processor.py:914} INFO - Processing file /opt/airflow/dags/premier_dag.py for tasks to queue
[2025-10-16T09:56:48.172+0000] {logging_mixin.py:190} INFO - [2025-10-16T09:56:48.172+0000] {dagbag.py:588} INFO - Filling up the DagBag from /opt/airflow/dags/premier_dag.py
[2025-10-16T09:56:48.189+0000] {processor.py:925} INFO - DAG(s) 'premier_dag_test' retrieved from /opt/airflow/dags/premier_dag.py
[2025-10-16T09:56:48.222+0000] {logging_mixin.py:190} INFO - [2025-10-16T09:56:48.222+0000] {dag.py:3239} INFO - Sync 1 DAGs
[2025-10-16T09:56:48.246+0000] {logging_mixin.py:190} INFO - [2025-10-16T09:56:48.246+0000] {dag.py:4180} INFO - Setting next_dagrun for premier_dag_test to 2025-06-02 09:00:00+00:00, run_after=2025-06-02 10:00:00+00:00
[2025-10-16T09:56:48.263+0000] {processor.py:208} INFO - Processing /opt/airflow/dags/premier_dag.py took 0.099 seconds
[2025-10-16T09:57:18.485+0000] {processor.py:186} INFO - Started process (PID=2106) to work on /opt/airflow/dags/premier_dag.py
[2025-10-16T09:57:18.486+0000] {processor.py:914} INFO - Processing file /opt/airflow/dags/premier_dag.py for tasks to queue
[2025-10-16T09:57:18.488+0000] {logging_mixin.py:190} INFO - [2025-10-16T09:57:18.487+0000] {dagbag.py:588} INFO - Filling up the DagBag from /opt/airflow/dags/premier_dag.py
[2025-10-16T09:57:18.502+0000] {processor.py:925} INFO - DAG(s) 'premier_dag_test' retrieved from /opt/airflow/dags/premier_dag.py
[2025-10-16T09:57:18.530+0000] {logging_mixin.py:190} INFO - [2025-10-16T09:57:18.530+0000] {dag.py:3239} INFO - Sync 1 DAGs
[2025-10-16T09:57:18.549+0000] {logging_mixin.py:190} INFO - [2025-10-16T09:57:18.549+0000] {dag.py:4180} INFO - Setting next_dagrun for premier_dag_test to 2025-06-02 09:00:00+00:00, run_after=2025-06-02 10:00:00+00:00
[2025-10-16T09:57:18.565+0000] {processor.py:208} INFO - Processing /opt/airflow/dags/premier_dag.py took 0.085 seconds
[2025-10-16T09:57:48.800+0000] {processor.py:186} INFO - Started process (PID=2123) to work on /opt/airflow/dags/premier_dag.py
[2025-10-16T09:57:48.800+0000] {processor.py:914} INFO - Processing file /opt/airflow/dags/premier_dag.py for tasks to queue
[2025-10-16T09:57:48.802+0000] {logging_mixin.py:190} INFO - [2025-10-16T09:57:48.802+0000] {dagbag.py:588} INFO - Filling up the DagBag from /opt/airflow/dags/premier_dag.py
[2025-10-16T09:57:48.816+0000] {processor.py:925} INFO - DAG(s) 'premier_dag_test' retrieved from /opt/airflow/dags/premier_dag.py
[2025-10-16T09:57:48.843+0000] {logging_mixin.py:190} INFO - [2025-10-16T09:57:48.843+0000] {dag.py:3239} INFO - Sync 1 DAGs
[2025-10-16T09:57:48.862+0000] {logging_mixin.py:190} INFO - [2025-10-16T09:57:48.862+0000] {dag.py:4180} INFO - Setting next_dagrun for premier_dag_test to 2025-06-02 09:00:00+00:00, run_after=2025-06-02 10:00:00+00:00
[2025-10-16T09:57:48.882+0000] {processor.py:208} INFO - Processing /opt/airflow/dags/premier_dag.py took 0.087 seconds
[2025-10-16T09:58:19.099+0000] {processor.py:186} INFO - Started process (PID=2140) to work on /opt/airflow/dags/premier_dag.py
[2025-10-16T09:58:19.100+0000] {processor.py:914} INFO - Processing file /opt/airflow/dags/premier_dag.py for tasks to queue
[2025-10-16T09:58:19.102+0000] {logging_mixin.py:190} INFO - [2025-10-16T09:58:19.102+0000] {dagbag.py:588} INFO - Filling up the DagBag from /opt/airflow/dags/premier_dag.py
[2025-10-16T09:58:19.115+0000] {processor.py:925} INFO - DAG(s) 'premier_dag_test' retrieved from /opt/airflow/dags/premier_dag.py
[2025-10-16T09:58:19.142+0000] {logging_mixin.py:190} INFO - [2025-10-16T09:58:19.142+0000] {dag.py:3239} INFO - Sync 1 DAGs
[2025-10-16T09:58:19.162+0000] {logging_mixin.py:190} INFO - [2025-10-16T09:58:19.161+0000] {dag.py:4180} INFO - Setting next_dagrun for premier_dag_test to 2025-06-02 09:00:00+00:00, run_after=2025-06-02 10:00:00+00:00
[2025-10-16T09:58:19.178+0000] {processor.py:208} INFO - Processing /opt/airflow/dags/premier_dag.py took 0.084 seconds
[2025-10-16T09:58:49.411+0000] {processor.py:186} INFO - Started process (PID=2157) to work on /opt/airflow/dags/premier_dag.py
[2025-10-16T09:58:49.412+0000] {processor.py:914} INFO - Processing file /opt/airflow/dags/premier_dag.py for tasks to queue
[2025-10-16T09:58:49.414+0000] {logging_mixin.py:190} INFO - [2025-10-16T09:58:49.414+0000] {dagbag.py:588} INFO - Filling up the DagBag from /opt/airflow/dags/premier_dag.py
[2025-10-16T09:58:49.429+0000] {processor.py:925} INFO - DAG(s) 'premier_dag_test' retrieved from /opt/airflow/dags/premier_dag.py
[2025-10-16T09:58:49.457+0000] {logging_mixin.py:190} INFO - [2025-10-16T09:58:49.457+0000] {dag.py:3239} INFO - Sync 1 DAGs
[2025-10-16T09:58:49.476+0000] {logging_mixin.py:190} INFO - [2025-10-16T09:58:49.476+0000] {dag.py:4180} INFO - Setting next_dagrun for premier_dag_test to 2025-06-02 09:00:00+00:00, run_after=2025-06-02 10:00:00+00:00
[2025-10-16T09:58:49.490+0000] {processor.py:208} INFO - Processing /opt/airflow/dags/premier_dag.py took 0.084 seconds
[2025-10-16T09:59:19.721+0000] {processor.py:186} INFO - Started process (PID=2174) to work on /opt/airflow/dags/premier_dag.py
[2025-10-16T09:59:19.722+0000] {processor.py:914} INFO - Processing file /opt/airflow/dags/premier_dag.py for tasks to queue
[2025-10-16T09:59:19.724+0000] {logging_mixin.py:190} INFO - [2025-10-16T09:59:19.724+0000] {dagbag.py:588} INFO - Filling up the DagBag from /opt/airflow/dags/premier_dag.py
[2025-10-16T09:59:19.745+0000] {processor.py:925} INFO - DAG(s) 'premier_dag_test' retrieved from /opt/airflow/dags/premier_dag.py
[2025-10-16T09:59:19.766+0000] {logging_mixin.py:190} INFO - [2025-10-16T09:59:19.765+0000] {dag.py:3239} INFO - Sync 1 DAGs
[2025-10-16T09:59:19.785+0000] {logging_mixin.py:190} INFO - [2025-10-16T09:59:19.785+0000] {dag.py:4180} INFO - Setting next_dagrun for premier_dag_test to 2025-06-02 09:00:00+00:00, run_after=2025-06-02 10:00:00+00:00
[2025-10-16T09:59:19.800+0000] {processor.py:208} INFO - Processing /opt/airflow/dags/premier_dag.py took 0.083 seconds
[2025-10-16T09:59:50.022+0000] {processor.py:186} INFO - Started process (PID=2191) to work on /opt/airflow/dags/premier_dag.py
[2025-10-16T09:59:50.023+0000] {processor.py:914} INFO - Processing file /opt/airflow/dags/premier_dag.py for tasks to queue
[2025-10-16T09:59:50.025+0000] {logging_mixin.py:190} INFO - [2025-10-16T09:59:50.025+0000] {dagbag.py:588} INFO - Filling up the DagBag from /opt/airflow/dags/premier_dag.py
[2025-10-16T09:59:50.047+0000] {processor.py:925} INFO - DAG(s) 'premier_dag_test' retrieved from /opt/airflow/dags/premier_dag.py
[2025-10-16T09:59:50.066+0000] {logging_mixin.py:190} INFO - [2025-10-16T09:59:50.066+0000] {dag.py:3239} INFO - Sync 1 DAGs
[2025-10-16T09:59:50.087+0000] {logging_mixin.py:190} INFO - [2025-10-16T09:59:50.086+0000] {dag.py:4180} INFO - Setting next_dagrun for premier_dag_test to 2025-06-02 09:00:00+00:00, run_after=2025-06-02 10:00:00+00:00
[2025-10-16T09:59:50.107+0000] {processor.py:208} INFO - Processing /opt/airflow/dags/premier_dag.py took 0.089 seconds
[2025-10-16T10:00:20.326+0000] {processor.py:186} INFO - Started process (PID=2216) to work on /opt/airflow/dags/premier_dag.py
[2025-10-16T10:00:20.327+0000] {processor.py:914} INFO - Processing file /opt/airflow/dags/premier_dag.py for tasks to queue
[2025-10-16T10:00:20.329+0000] {logging_mixin.py:190} INFO - [2025-10-16T10:00:20.329+0000] {dagbag.py:588} INFO - Filling up the DagBag from /opt/airflow/dags/premier_dag.py
[2025-10-16T10:00:20.351+0000] {processor.py:925} INFO - DAG(s) 'premier_dag_test' retrieved from /opt/airflow/dags/premier_dag.py
[2025-10-16T10:00:20.374+0000] {logging_mixin.py:190} INFO - [2025-10-16T10:00:20.373+0000] {dag.py:3239} INFO - Sync 1 DAGs
[2025-10-16T10:00:20.393+0000] {logging_mixin.py:190} INFO - [2025-10-16T10:00:20.393+0000] {dag.py:4180} INFO - Setting next_dagrun for premier_dag_test to 2025-06-02 09:00:00+00:00, run_after=2025-06-02 10:00:00+00:00
[2025-10-16T10:00:20.414+0000] {processor.py:208} INFO - Processing /opt/airflow/dags/premier_dag.py took 0.093 seconds
[2025-10-16T10:00:50.634+0000] {processor.py:186} INFO - Started process (PID=2233) to work on /opt/airflow/dags/premier_dag.py
[2025-10-16T10:00:50.635+0000] {processor.py:914} INFO - Processing file /opt/airflow/dags/premier_dag.py for tasks to queue
[2025-10-16T10:00:50.637+0000] {logging_mixin.py:190} INFO - [2025-10-16T10:00:50.637+0000] {dagbag.py:588} INFO - Filling up the DagBag from /opt/airflow/dags/premier_dag.py
[2025-10-16T10:00:50.659+0000] {processor.py:925} INFO - DAG(s) 'premier_dag_test' retrieved from /opt/airflow/dags/premier_dag.py
[2025-10-16T10:00:50.680+0000] {logging_mixin.py:190} INFO - [2025-10-16T10:00:50.680+0000] {dag.py:3239} INFO - Sync 1 DAGs
[2025-10-16T10:00:50.700+0000] {logging_mixin.py:190} INFO - [2025-10-16T10:00:50.700+0000] {dag.py:4180} INFO - Setting next_dagrun for premier_dag_test to 2025-06-02 09:00:00+00:00, run_after=2025-06-02 10:00:00+00:00
[2025-10-16T10:00:50.719+0000] {processor.py:208} INFO - Processing /opt/airflow/dags/premier_dag.py took 0.090 seconds
[2025-10-16T10:01:20.945+0000] {processor.py:186} INFO - Started process (PID=2250) to work on /opt/airflow/dags/premier_dag.py
[2025-10-16T10:01:20.945+0000] {processor.py:914} INFO - Processing file /opt/airflow/dags/premier_dag.py for tasks to queue
[2025-10-16T10:01:20.948+0000] {logging_mixin.py:190} INFO - [2025-10-16T10:01:20.947+0000] {dagbag.py:588} INFO - Filling up the DagBag from /opt/airflow/dags/premier_dag.py
[2025-10-16T10:01:20.968+0000] {processor.py:925} INFO - DAG(s) 'premier_dag_test' retrieved from /opt/airflow/dags/premier_dag.py
[2025-10-16T10:01:20.989+0000] {logging_mixin.py:190} INFO - [2025-10-16T10:01:20.989+0000] {dag.py:3239} INFO - Sync 1 DAGs
[2025-10-16T10:01:21.009+0000] {logging_mixin.py:190} INFO - [2025-10-16T10:01:21.009+0000] {dag.py:4180} INFO - Setting next_dagrun for premier_dag_test to 2025-06-02 09:00:00+00:00, run_after=2025-06-02 10:00:00+00:00
[2025-10-16T10:01:21.028+0000] {processor.py:208} INFO - Processing /opt/airflow/dags/premier_dag.py took 0.088 seconds
[2025-10-16T10:01:51.239+0000] {processor.py:186} INFO - Started process (PID=2267) to work on /opt/airflow/dags/premier_dag.py
[2025-10-16T10:01:51.240+0000] {processor.py:914} INFO - Processing file /opt/airflow/dags/premier_dag.py for tasks to queue
[2025-10-16T10:01:51.242+0000] {logging_mixin.py:190} INFO - [2025-10-16T10:01:51.241+0000] {dagbag.py:588} INFO - Filling up the DagBag from /opt/airflow/dags/premier_dag.py
[2025-10-16T10:01:51.264+0000] {processor.py:925} INFO - DAG(s) 'premier_dag_test' retrieved from /opt/airflow/dags/premier_dag.py
[2025-10-16T10:01:51.284+0000] {logging_mixin.py:190} INFO - [2025-10-16T10:01:51.284+0000] {dag.py:3239} INFO - Sync 1 DAGs
[2025-10-16T10:01:51.305+0000] {logging_mixin.py:190} INFO - [2025-10-16T10:01:51.305+0000] {dag.py:4180} INFO - Setting next_dagrun for premier_dag_test to 2025-06-02 09:00:00+00:00, run_after=2025-06-02 10:00:00+00:00
[2025-10-16T10:01:51.319+0000] {processor.py:208} INFO - Processing /opt/airflow/dags/premier_dag.py took 0.086 seconds
[2025-10-16T10:02:21.525+0000] {processor.py:186} INFO - Started process (PID=2284) to work on /opt/airflow/dags/premier_dag.py
[2025-10-16T10:02:21.526+0000] {processor.py:914} INFO - Processing file /opt/airflow/dags/premier_dag.py for tasks to queue
[2025-10-16T10:02:21.528+0000] {logging_mixin.py:190} INFO - [2025-10-16T10:02:21.528+0000] {dagbag.py:588} INFO - Filling up the DagBag from /opt/airflow/dags/premier_dag.py
[2025-10-16T10:02:21.551+0000] {processor.py:925} INFO - DAG(s) 'premier_dag_test' retrieved from /opt/airflow/dags/premier_dag.py
[2025-10-16T10:02:21.571+0000] {logging_mixin.py:190} INFO - [2025-10-16T10:02:21.571+0000] {dag.py:3239} INFO - Sync 1 DAGs
[2025-10-16T10:02:21.591+0000] {logging_mixin.py:190} INFO - [2025-10-16T10:02:21.591+0000] {dag.py:4180} INFO - Setting next_dagrun for premier_dag_test to 2025-06-02 09:00:00+00:00, run_after=2025-06-02 10:00:00+00:00
[2025-10-16T10:02:21.617+0000] {processor.py:208} INFO - Processing /opt/airflow/dags/premier_dag.py took 0.096 seconds
[2025-10-16T10:02:51.870+0000] {processor.py:186} INFO - Started process (PID=2301) to work on /opt/airflow/dags/premier_dag.py
[2025-10-16T10:02:51.870+0000] {processor.py:914} INFO - Processing file /opt/airflow/dags/premier_dag.py for tasks to queue
[2025-10-16T10:02:51.872+0000] {logging_mixin.py:190} INFO - [2025-10-16T10:02:51.872+0000] {dagbag.py:588} INFO - Filling up the DagBag from /opt/airflow/dags/premier_dag.py
[2025-10-16T10:02:51.894+0000] {processor.py:925} INFO - DAG(s) 'premier_dag_test' retrieved from /opt/airflow/dags/premier_dag.py
[2025-10-16T10:02:51.915+0000] {logging_mixin.py:190} INFO - [2025-10-16T10:02:51.914+0000] {dag.py:3239} INFO - Sync 1 DAGs
[2025-10-16T10:02:51.934+0000] {logging_mixin.py:190} INFO - [2025-10-16T10:02:51.934+0000] {dag.py:4180} INFO - Setting next_dagrun for premier_dag_test to 2025-06-02 09:00:00+00:00, run_after=2025-06-02 10:00:00+00:00
[2025-10-16T10:02:51.954+0000] {processor.py:208} INFO - Processing /opt/airflow/dags/premier_dag.py took 0.089 seconds
[2025-10-16T10:03:22.180+0000] {processor.py:186} INFO - Started process (PID=2318) to work on /opt/airflow/dags/premier_dag.py
[2025-10-16T10:03:22.181+0000] {processor.py:914} INFO - Processing file /opt/airflow/dags/premier_dag.py for tasks to queue
[2025-10-16T10:03:22.183+0000] {logging_mixin.py:190} INFO - [2025-10-16T10:03:22.183+0000] {dagbag.py:588} INFO - Filling up the DagBag from /opt/airflow/dags/premier_dag.py
[2025-10-16T10:03:22.198+0000] {processor.py:925} INFO - DAG(s) 'premier_dag_test' retrieved from /opt/airflow/dags/premier_dag.py
[2025-10-16T10:03:22.219+0000] {logging_mixin.py:190} INFO - [2025-10-16T10:03:22.219+0000] {dag.py:3239} INFO - Sync 1 DAGs
[2025-10-16T10:03:22.239+0000] {logging_mixin.py:190} INFO - [2025-10-16T10:03:22.239+0000] {dag.py:4180} INFO - Setting next_dagrun for premier_dag_test to 2025-06-02 09:00:00+00:00, run_after=2025-06-02 10:00:00+00:00
[2025-10-16T10:03:22.260+0000] {processor.py:208} INFO - Processing /opt/airflow/dags/premier_dag.py took 0.084 seconds
[2025-10-16T10:03:52.474+0000] {processor.py:186} INFO - Started process (PID=2335) to work on /opt/airflow/dags/premier_dag.py
[2025-10-16T10:03:52.475+0000] {processor.py:914} INFO - Processing file /opt/airflow/dags/premier_dag.py for tasks to queue
[2025-10-16T10:03:52.477+0000] {logging_mixin.py:190} INFO - [2025-10-16T10:03:52.477+0000] {dagbag.py:588} INFO - Filling up the DagBag from /opt/airflow/dags/premier_dag.py
[2025-10-16T10:03:52.492+0000] {processor.py:925} INFO - DAG(s) 'premier_dag_test' retrieved from /opt/airflow/dags/premier_dag.py
[2025-10-16T10:03:52.513+0000] {logging_mixin.py:190} INFO - [2025-10-16T10:03:52.513+0000] {dag.py:3239} INFO - Sync 1 DAGs
[2025-10-16T10:03:52.534+0000] {logging_mixin.py:190} INFO - [2025-10-16T10:03:52.534+0000] {dag.py:4180} INFO - Setting next_dagrun for premier_dag_test to 2025-06-02 09:00:00+00:00, run_after=2025-06-02 10:00:00+00:00
[2025-10-16T10:03:52.549+0000] {processor.py:208} INFO - Processing /opt/airflow/dags/premier_dag.py took 0.080 seconds
[2025-10-16T10:04:22.749+0000] {processor.py:186} INFO - Started process (PID=2352) to work on /opt/airflow/dags/premier_dag.py
[2025-10-16T10:04:22.750+0000] {processor.py:914} INFO - Processing file /opt/airflow/dags/premier_dag.py for tasks to queue
[2025-10-16T10:04:22.752+0000] {logging_mixin.py:190} INFO - [2025-10-16T10:04:22.752+0000] {dagbag.py:588} INFO - Filling up the DagBag from /opt/airflow/dags/premier_dag.py
[2025-10-16T10:04:22.766+0000] {processor.py:925} INFO - DAG(s) 'premier_dag_test' retrieved from /opt/airflow/dags/premier_dag.py
[2025-10-16T10:04:22.786+0000] {logging_mixin.py:190} INFO - [2025-10-16T10:04:22.786+0000] {dag.py:3239} INFO - Sync 1 DAGs
[2025-10-16T10:04:22.809+0000] {logging_mixin.py:190} INFO - [2025-10-16T10:04:22.809+0000] {dag.py:4180} INFO - Setting next_dagrun for premier_dag_test to 2025-06-02 09:00:00+00:00, run_after=2025-06-02 10:00:00+00:00
[2025-10-16T10:04:22.824+0000] {processor.py:208} INFO - Processing /opt/airflow/dags/premier_dag.py took 0.080 seconds
[2025-10-16T10:04:53.035+0000] {processor.py:186} INFO - Started process (PID=2369) to work on /opt/airflow/dags/premier_dag.py
[2025-10-16T10:04:53.035+0000] {processor.py:914} INFO - Processing file /opt/airflow/dags/premier_dag.py for tasks to queue
[2025-10-16T10:04:53.037+0000] {logging_mixin.py:190} INFO - [2025-10-16T10:04:53.037+0000] {dagbag.py:588} INFO - Filling up the DagBag from /opt/airflow/dags/premier_dag.py
[2025-10-16T10:04:53.052+0000] {processor.py:925} INFO - DAG(s) 'premier_dag_test' retrieved from /opt/airflow/dags/premier_dag.py
[2025-10-16T10:04:53.073+0000] {logging_mixin.py:190} INFO - [2025-10-16T10:04:53.072+0000] {dag.py:3239} INFO - Sync 1 DAGs
[2025-10-16T10:04:53.093+0000] {logging_mixin.py:190} INFO - [2025-10-16T10:04:53.093+0000] {dag.py:4180} INFO - Setting next_dagrun for premier_dag_test to 2025-06-02 09:00:00+00:00, run_after=2025-06-02 10:00:00+00:00
[2025-10-16T10:04:53.108+0000] {processor.py:208} INFO - Processing /opt/airflow/dags/premier_dag.py took 0.078 seconds
[2025-10-16T10:05:23.328+0000] {processor.py:186} INFO - Started process (PID=2386) to work on /opt/airflow/dags/premier_dag.py
[2025-10-16T10:05:23.329+0000] {processor.py:914} INFO - Processing file /opt/airflow/dags/premier_dag.py for tasks to queue
[2025-10-16T10:05:23.330+0000] {logging_mixin.py:190} INFO - [2025-10-16T10:05:23.330+0000] {dagbag.py:588} INFO - Filling up the DagBag from /opt/airflow/dags/premier_dag.py
[2025-10-16T10:05:23.344+0000] {processor.py:925} INFO - DAG(s) 'premier_dag_test' retrieved from /opt/airflow/dags/premier_dag.py
[2025-10-16T10:05:23.365+0000] {logging_mixin.py:190} INFO - [2025-10-16T10:05:23.365+0000] {dag.py:3239} INFO - Sync 1 DAGs
[2025-10-16T10:05:23.384+0000] {logging_mixin.py:190} INFO - [2025-10-16T10:05:23.384+0000] {dag.py:4180} INFO - Setting next_dagrun for premier_dag_test to 2025-06-02 09:00:00+00:00, run_after=2025-06-02 10:00:00+00:00
[2025-10-16T10:05:23.513+0000] {processor.py:208} INFO - Processing /opt/airflow/dags/premier_dag.py took 0.190 seconds
[2025-10-16T10:05:53.741+0000] {processor.py:186} INFO - Started process (PID=2403) to work on /opt/airflow/dags/premier_dag.py
[2025-10-16T10:05:53.742+0000] {processor.py:914} INFO - Processing file /opt/airflow/dags/premier_dag.py for tasks to queue
[2025-10-16T10:05:53.744+0000] {logging_mixin.py:190} INFO - [2025-10-16T10:05:53.744+0000] {dagbag.py:588} INFO - Filling up the DagBag from /opt/airflow/dags/premier_dag.py
[2025-10-16T10:05:53.758+0000] {processor.py:925} INFO - DAG(s) 'premier_dag_test' retrieved from /opt/airflow/dags/premier_dag.py
[2025-10-16T10:05:53.778+0000] {logging_mixin.py:190} INFO - [2025-10-16T10:05:53.778+0000] {dag.py:3239} INFO - Sync 1 DAGs
[2025-10-16T10:05:53.798+0000] {logging_mixin.py:190} INFO - [2025-10-16T10:05:53.798+0000] {dag.py:4180} INFO - Setting next_dagrun for premier_dag_test to 2025-06-02 09:00:00+00:00, run_after=2025-06-02 10:00:00+00:00
[2025-10-16T10:05:53.813+0000] {processor.py:208} INFO - Processing /opt/airflow/dags/premier_dag.py took 0.076 seconds
[2025-10-16T10:06:23.964+0000] {processor.py:186} INFO - Started process (PID=2417) to work on /opt/airflow/dags/premier_dag.py
[2025-10-16T10:06:23.964+0000] {processor.py:914} INFO - Processing file /opt/airflow/dags/premier_dag.py for tasks to queue
[2025-10-16T10:06:23.966+0000] {logging_mixin.py:190} INFO - [2025-10-16T10:06:23.966+0000] {dagbag.py:588} INFO - Filling up the DagBag from /opt/airflow/dags/premier_dag.py
[2025-10-16T10:06:23.980+0000] {processor.py:925} INFO - DAG(s) 'premier_dag_test' retrieved from /opt/airflow/dags/premier_dag.py
[2025-10-16T10:06:24.001+0000] {logging_mixin.py:190} INFO - [2025-10-16T10:06:24.001+0000] {dag.py:3239} INFO - Sync 1 DAGs
[2025-10-16T10:06:24.021+0000] {logging_mixin.py:190} INFO - [2025-10-16T10:06:24.021+0000] {dag.py:4180} INFO - Setting next_dagrun for premier_dag_test to 2025-06-02 09:00:00+00:00, run_after=2025-06-02 10:00:00+00:00
[2025-10-16T10:06:24.042+0000] {processor.py:208} INFO - Processing /opt/airflow/dags/premier_dag.py took 0.082 seconds
[2025-10-16T10:06:54.276+0000] {processor.py:186} INFO - Started process (PID=2431) to work on /opt/airflow/dags/premier_dag.py
[2025-10-16T10:06:54.276+0000] {processor.py:914} INFO - Processing file /opt/airflow/dags/premier_dag.py for tasks to queue
[2025-10-16T10:06:54.278+0000] {logging_mixin.py:190} INFO - [2025-10-16T10:06:54.278+0000] {dagbag.py:588} INFO - Filling up the DagBag from /opt/airflow/dags/premier_dag.py
[2025-10-16T10:06:54.292+0000] {processor.py:925} INFO - DAG(s) 'premier_dag_test' retrieved from /opt/airflow/dags/premier_dag.py
[2025-10-16T10:06:54.313+0000] {logging_mixin.py:190} INFO - [2025-10-16T10:06:54.313+0000] {dag.py:3239} INFO - Sync 1 DAGs
[2025-10-16T10:06:54.334+0000] {logging_mixin.py:190} INFO - [2025-10-16T10:06:54.334+0000] {dag.py:4180} INFO - Setting next_dagrun for premier_dag_test to 2025-06-02 09:00:00+00:00, run_after=2025-06-02 10:00:00+00:00
[2025-10-16T10:06:54.349+0000] {processor.py:208} INFO - Processing /opt/airflow/dags/premier_dag.py took 0.078 seconds
[2025-10-16T10:07:24.603+0000] {processor.py:186} INFO - Started process (PID=2448) to work on /opt/airflow/dags/premier_dag.py
[2025-10-16T10:07:24.604+0000] {processor.py:914} INFO - Processing file /opt/airflow/dags/premier_dag.py for tasks to queue
[2025-10-16T10:07:24.607+0000] {logging_mixin.py:190} INFO - [2025-10-16T10:07:24.606+0000] {dagbag.py:588} INFO - Filling up the DagBag from /opt/airflow/dags/premier_dag.py
[2025-10-16T10:07:24.625+0000] {processor.py:925} INFO - DAG(s) 'premier_dag_test' retrieved from /opt/airflow/dags/premier_dag.py
[2025-10-16T10:07:24.653+0000] {logging_mixin.py:190} INFO - [2025-10-16T10:07:24.653+0000] {dag.py:3239} INFO - Sync 1 DAGs
[2025-10-16T10:07:24.677+0000] {logging_mixin.py:190} INFO - [2025-10-16T10:07:24.677+0000] {dag.py:4180} INFO - Setting next_dagrun for premier_dag_test to 2025-06-02 09:00:00+00:00, run_after=2025-06-02 10:00:00+00:00
[2025-10-16T10:07:24.699+0000] {processor.py:208} INFO - Processing /opt/airflow/dags/premier_dag.py took 0.101 seconds
[2025-10-16T10:07:54.994+0000] {processor.py:186} INFO - Started process (PID=2465) to work on /opt/airflow/dags/premier_dag.py
[2025-10-16T10:07:54.995+0000] {processor.py:914} INFO - Processing file /opt/airflow/dags/premier_dag.py for tasks to queue
[2025-10-16T10:07:54.997+0000] {logging_mixin.py:190} INFO - [2025-10-16T10:07:54.996+0000] {dagbag.py:588} INFO - Filling up the DagBag from /opt/airflow/dags/premier_dag.py
[2025-10-16T10:07:55.011+0000] {processor.py:925} INFO - DAG(s) 'premier_dag_test' retrieved from /opt/airflow/dags/premier_dag.py
[2025-10-16T10:07:55.031+0000] {logging_mixin.py:190} INFO - [2025-10-16T10:07:55.031+0000] {dag.py:3239} INFO - Sync 1 DAGs
[2025-10-16T10:07:55.050+0000] {logging_mixin.py:190} INFO - [2025-10-16T10:07:55.049+0000] {dag.py:4180} INFO - Setting next_dagrun for premier_dag_test to 2025-06-02 09:00:00+00:00, run_after=2025-06-02 10:00:00+00:00
[2025-10-16T10:07:55.070+0000] {processor.py:208} INFO - Processing /opt/airflow/dags/premier_dag.py took 0.081 seconds
[2025-10-16T10:08:25.330+0000] {processor.py:186} INFO - Started process (PID=2482) to work on /opt/airflow/dags/premier_dag.py
[2025-10-16T10:08:25.330+0000] {processor.py:914} INFO - Processing file /opt/airflow/dags/premier_dag.py for tasks to queue
[2025-10-16T10:08:25.332+0000] {logging_mixin.py:190} INFO - [2025-10-16T10:08:25.332+0000] {dagbag.py:588} INFO - Filling up the DagBag from /opt/airflow/dags/premier_dag.py
[2025-10-16T10:08:25.346+0000] {processor.py:925} INFO - DAG(s) 'premier_dag_test' retrieved from /opt/airflow/dags/premier_dag.py
[2025-10-16T10:08:25.366+0000] {logging_mixin.py:190} INFO - [2025-10-16T10:08:25.366+0000] {dag.py:3239} INFO - Sync 1 DAGs
[2025-10-16T10:08:25.385+0000] {logging_mixin.py:190} INFO - [2025-10-16T10:08:25.385+0000] {dag.py:4180} INFO - Setting next_dagrun for premier_dag_test to 2025-06-02 09:00:00+00:00, run_after=2025-06-02 10:00:00+00:00
[2025-10-16T10:08:25.515+0000] {processor.py:208} INFO - Processing /opt/airflow/dags/premier_dag.py took 0.190 seconds
[2025-10-16T10:08:55.779+0000] {processor.py:186} INFO - Started process (PID=2499) to work on /opt/airflow/dags/premier_dag.py
[2025-10-16T10:08:55.780+0000] {processor.py:914} INFO - Processing file /opt/airflow/dags/premier_dag.py for tasks to queue
[2025-10-16T10:08:55.781+0000] {logging_mixin.py:190} INFO - [2025-10-16T10:08:55.781+0000] {dagbag.py:588} INFO - Filling up the DagBag from /opt/airflow/dags/premier_dag.py
[2025-10-16T10:08:55.796+0000] {processor.py:925} INFO - DAG(s) 'premier_dag_test' retrieved from /opt/airflow/dags/premier_dag.py
[2025-10-16T10:08:55.816+0000] {logging_mixin.py:190} INFO - [2025-10-16T10:08:55.816+0000] {dag.py:3239} INFO - Sync 1 DAGs
[2025-10-16T10:08:55.836+0000] {logging_mixin.py:190} INFO - [2025-10-16T10:08:55.836+0000] {dag.py:4180} INFO - Setting next_dagrun for premier_dag_test to 2025-06-02 09:00:00+00:00, run_after=2025-06-02 10:00:00+00:00
[2025-10-16T10:08:55.855+0000] {processor.py:208} INFO - Processing /opt/airflow/dags/premier_dag.py took 0.081 seconds
[2025-10-16T10:09:26.100+0000] {processor.py:186} INFO - Started process (PID=2516) to work on /opt/airflow/dags/premier_dag.py
[2025-10-16T10:09:26.101+0000] {processor.py:914} INFO - Processing file /opt/airflow/dags/premier_dag.py for tasks to queue
[2025-10-16T10:09:26.104+0000] {logging_mixin.py:190} INFO - [2025-10-16T10:09:26.103+0000] {dagbag.py:588} INFO - Filling up the DagBag from /opt/airflow/dags/premier_dag.py
[2025-10-16T10:09:26.124+0000] {processor.py:925} INFO - DAG(s) 'premier_dag_test' retrieved from /opt/airflow/dags/premier_dag.py
[2025-10-16T10:09:26.158+0000] {logging_mixin.py:190} INFO - [2025-10-16T10:09:26.158+0000] {dag.py:3239} INFO - Sync 1 DAGs
[2025-10-16T10:09:26.182+0000] {logging_mixin.py:190} INFO - [2025-10-16T10:09:26.182+0000] {dag.py:4180} INFO - Setting next_dagrun for premier_dag_test to 2025-06-02 09:00:00+00:00, run_after=2025-06-02 10:00:00+00:00
[2025-10-16T10:09:26.207+0000] {processor.py:208} INFO - Processing /opt/airflow/dags/premier_dag.py took 0.113 seconds
[2025-10-16T10:09:56.502+0000] {processor.py:186} INFO - Started process (PID=2533) to work on /opt/airflow/dags/premier_dag.py
[2025-10-16T10:09:56.503+0000] {processor.py:914} INFO - Processing file /opt/airflow/dags/premier_dag.py for tasks to queue
[2025-10-16T10:09:56.505+0000] {logging_mixin.py:190} INFO - [2025-10-16T10:09:56.505+0000] {dagbag.py:588} INFO - Filling up the DagBag from /opt/airflow/dags/premier_dag.py
[2025-10-16T10:09:56.520+0000] {processor.py:925} INFO - DAG(s) 'premier_dag_test' retrieved from /opt/airflow/dags/premier_dag.py
[2025-10-16T10:09:56.543+0000] {logging_mixin.py:190} INFO - [2025-10-16T10:09:56.543+0000] {dag.py:3239} INFO - Sync 1 DAGs
[2025-10-16T10:09:56.564+0000] {logging_mixin.py:190} INFO - [2025-10-16T10:09:56.564+0000] {dag.py:4180} INFO - Setting next_dagrun for premier_dag_test to 2025-06-02 09:00:00+00:00, run_after=2025-06-02 10:00:00+00:00
[2025-10-16T10:09:56.581+0000] {processor.py:208} INFO - Processing /opt/airflow/dags/premier_dag.py took 0.083 seconds
[2025-10-16T10:10:26.834+0000] {processor.py:186} INFO - Started process (PID=2550) to work on /opt/airflow/dags/premier_dag.py
[2025-10-16T10:10:26.835+0000] {processor.py:914} INFO - Processing file /opt/airflow/dags/premier_dag.py for tasks to queue
[2025-10-16T10:10:26.837+0000] {logging_mixin.py:190} INFO - [2025-10-16T10:10:26.837+0000] {dagbag.py:588} INFO - Filling up the DagBag from /opt/airflow/dags/premier_dag.py
[2025-10-16T10:10:26.851+0000] {processor.py:925} INFO - DAG(s) 'premier_dag_test' retrieved from /opt/airflow/dags/premier_dag.py
[2025-10-16T10:10:26.871+0000] {logging_mixin.py:190} INFO - [2025-10-16T10:10:26.871+0000] {dag.py:3239} INFO - Sync 1 DAGs
[2025-10-16T10:10:26.893+0000] {logging_mixin.py:190} INFO - [2025-10-16T10:10:26.892+0000] {dag.py:4180} INFO - Setting next_dagrun for premier_dag_test to 2025-06-02 09:00:00+00:00, run_after=2025-06-02 10:00:00+00:00
[2025-10-16T10:10:26.912+0000] {processor.py:208} INFO - Processing /opt/airflow/dags/premier_dag.py took 0.083 seconds
[2025-10-16T10:10:57.162+0000] {processor.py:186} INFO - Started process (PID=2567) to work on /opt/airflow/dags/premier_dag.py
[2025-10-16T10:10:57.163+0000] {processor.py:914} INFO - Processing file /opt/airflow/dags/premier_dag.py for tasks to queue
[2025-10-16T10:10:57.165+0000] {logging_mixin.py:190} INFO - [2025-10-16T10:10:57.165+0000] {dagbag.py:588} INFO - Filling up the DagBag from /opt/airflow/dags/premier_dag.py
[2025-10-16T10:10:57.179+0000] {processor.py:925} INFO - DAG(s) 'premier_dag_test' retrieved from /opt/airflow/dags/premier_dag.py
[2025-10-16T10:10:57.198+0000] {logging_mixin.py:190} INFO - [2025-10-16T10:10:57.198+0000] {dag.py:3239} INFO - Sync 1 DAGs
[2025-10-16T10:10:57.217+0000] {logging_mixin.py:190} INFO - [2025-10-16T10:10:57.217+0000] {dag.py:4180} INFO - Setting next_dagrun for premier_dag_test to 2025-06-02 09:00:00+00:00, run_after=2025-06-02 10:00:00+00:00
[2025-10-16T10:10:57.236+0000] {processor.py:208} INFO - Processing /opt/airflow/dags/premier_dag.py took 0.078 seconds
[2025-10-16T10:11:27.494+0000] {processor.py:186} INFO - Started process (PID=2584) to work on /opt/airflow/dags/premier_dag.py
[2025-10-16T10:11:27.495+0000] {processor.py:914} INFO - Processing file /opt/airflow/dags/premier_dag.py for tasks to queue
[2025-10-16T10:11:27.497+0000] {logging_mixin.py:190} INFO - [2025-10-16T10:11:27.497+0000] {dagbag.py:588} INFO - Filling up the DagBag from /opt/airflow/dags/premier_dag.py
[2025-10-16T10:11:27.512+0000] {processor.py:925} INFO - DAG(s) 'premier_dag_test' retrieved from /opt/airflow/dags/premier_dag.py
[2025-10-16T10:11:27.534+0000] {logging_mixin.py:190} INFO - [2025-10-16T10:11:27.534+0000] {dag.py:3239} INFO - Sync 1 DAGs
[2025-10-16T10:11:27.556+0000] {logging_mixin.py:190} INFO - [2025-10-16T10:11:27.555+0000] {dag.py:4180} INFO - Setting next_dagrun for premier_dag_test to 2025-06-02 09:00:00+00:00, run_after=2025-06-02 10:00:00+00:00
[2025-10-16T10:11:27.573+0000] {processor.py:208} INFO - Processing /opt/airflow/dags/premier_dag.py took 0.084 seconds
[2025-10-16T10:11:57.830+0000] {processor.py:186} INFO - Started process (PID=2601) to work on /opt/airflow/dags/premier_dag.py
[2025-10-16T10:11:57.831+0000] {processor.py:914} INFO - Processing file /opt/airflow/dags/premier_dag.py for tasks to queue
[2025-10-16T10:11:57.833+0000] {logging_mixin.py:190} INFO - [2025-10-16T10:11:57.833+0000] {dagbag.py:588} INFO - Filling up the DagBag from /opt/airflow/dags/premier_dag.py
[2025-10-16T10:11:57.847+0000] {processor.py:925} INFO - DAG(s) 'premier_dag_test' retrieved from /opt/airflow/dags/premier_dag.py
[2025-10-16T10:11:57.867+0000] {logging_mixin.py:190} INFO - [2025-10-16T10:11:57.867+0000] {dag.py:3239} INFO - Sync 1 DAGs
[2025-10-16T10:11:57.995+0000] {logging_mixin.py:190} INFO - [2025-10-16T10:11:57.995+0000] {dag.py:4180} INFO - Setting next_dagrun for premier_dag_test to 2025-06-02 09:00:00+00:00, run_after=2025-06-02 10:00:00+00:00
[2025-10-16T10:11:58.012+0000] {processor.py:208} INFO - Processing /opt/airflow/dags/premier_dag.py took 0.186 seconds
[2025-10-16T10:12:28.278+0000] {processor.py:186} INFO - Started process (PID=2618) to work on /opt/airflow/dags/premier_dag.py
[2025-10-16T10:12:28.279+0000] {processor.py:914} INFO - Processing file /opt/airflow/dags/premier_dag.py for tasks to queue
[2025-10-16T10:12:28.281+0000] {logging_mixin.py:190} INFO - [2025-10-16T10:12:28.280+0000] {dagbag.py:588} INFO - Filling up the DagBag from /opt/airflow/dags/premier_dag.py
[2025-10-16T10:12:28.295+0000] {processor.py:925} INFO - DAG(s) 'premier_dag_test' retrieved from /opt/airflow/dags/premier_dag.py
[2025-10-16T10:12:28.314+0000] {logging_mixin.py:190} INFO - [2025-10-16T10:12:28.314+0000] {dag.py:3239} INFO - Sync 1 DAGs
[2025-10-16T10:12:28.334+0000] {logging_mixin.py:190} INFO - [2025-10-16T10:12:28.334+0000] {dag.py:4180} INFO - Setting next_dagrun for premier_dag_test to 2025-06-02 09:00:00+00:00, run_after=2025-06-02 10:00:00+00:00
[2025-10-16T10:12:28.354+0000] {processor.py:208} INFO - Processing /opt/airflow/dags/premier_dag.py took 0.081 seconds
[2025-10-16T10:12:58.653+0000] {processor.py:186} INFO - Started process (PID=2636) to work on /opt/airflow/dags/premier_dag.py
[2025-10-16T10:12:58.653+0000] {processor.py:914} INFO - Processing file /opt/airflow/dags/premier_dag.py for tasks to queue
[2025-10-16T10:12:58.656+0000] {logging_mixin.py:190} INFO - [2025-10-16T10:12:58.655+0000] {dagbag.py:588} INFO - Filling up the DagBag from /opt/airflow/dags/premier_dag.py
[2025-10-16T10:12:58.669+0000] {processor.py:925} INFO - DAG(s) 'premier_dag_test' retrieved from /opt/airflow/dags/premier_dag.py
[2025-10-16T10:12:58.692+0000] {logging_mixin.py:190} INFO - [2025-10-16T10:12:58.692+0000] {dag.py:3239} INFO - Sync 1 DAGs
[2025-10-16T10:12:58.714+0000] {logging_mixin.py:190} INFO - [2025-10-16T10:12:58.714+0000] {dag.py:4180} INFO - Setting next_dagrun for premier_dag_test to 2025-06-02 09:00:00+00:00, run_after=2025-06-02 10:00:00+00:00
[2025-10-16T10:12:58.729+0000] {processor.py:208} INFO - Processing /opt/airflow/dags/premier_dag.py took 0.081 seconds
[2025-10-16T10:13:28.982+0000] {processor.py:186} INFO - Started process (PID=2653) to work on /opt/airflow/dags/premier_dag.py
[2025-10-16T10:13:28.983+0000] {processor.py:914} INFO - Processing file /opt/airflow/dags/premier_dag.py for tasks to queue
[2025-10-16T10:13:28.986+0000] {logging_mixin.py:190} INFO - [2025-10-16T10:13:28.986+0000] {dagbag.py:588} INFO - Filling up the DagBag from /opt/airflow/dags/premier_dag.py
[2025-10-16T10:13:29.008+0000] {processor.py:925} INFO - DAG(s) 'premier_dag_test' retrieved from /opt/airflow/dags/premier_dag.py
[2025-10-16T10:13:29.039+0000] {logging_mixin.py:190} INFO - [2025-10-16T10:13:29.038+0000] {dag.py:3239} INFO - Sync 1 DAGs
[2025-10-16T10:13:29.065+0000] {logging_mixin.py:190} INFO - [2025-10-16T10:13:29.065+0000] {dag.py:4180} INFO - Setting next_dagrun for premier_dag_test to 2025-06-02 09:00:00+00:00, run_after=2025-06-02 10:00:00+00:00
[2025-10-16T10:13:29.084+0000] {processor.py:208} INFO - Processing /opt/airflow/dags/premier_dag.py took 0.108 seconds
[2025-10-16T10:13:59.331+0000] {processor.py:186} INFO - Started process (PID=2670) to work on /opt/airflow/dags/premier_dag.py
[2025-10-16T10:13:59.332+0000] {processor.py:914} INFO - Processing file /opt/airflow/dags/premier_dag.py for tasks to queue
[2025-10-16T10:13:59.333+0000] {logging_mixin.py:190} INFO - [2025-10-16T10:13:59.333+0000] {dagbag.py:588} INFO - Filling up the DagBag from /opt/airflow/dags/premier_dag.py
[2025-10-16T10:13:59.350+0000] {processor.py:925} INFO - DAG(s) 'premier_dag_test' retrieved from /opt/airflow/dags/premier_dag.py
[2025-10-16T10:13:59.372+0000] {logging_mixin.py:190} INFO - [2025-10-16T10:13:59.372+0000] {dag.py:3239} INFO - Sync 1 DAGs
[2025-10-16T10:13:59.395+0000] {logging_mixin.py:190} INFO - [2025-10-16T10:13:59.394+0000] {dag.py:4180} INFO - Setting next_dagrun for premier_dag_test to 2025-06-02 09:00:00+00:00, run_after=2025-06-02 10:00:00+00:00
[2025-10-16T10:13:59.413+0000] {processor.py:208} INFO - Processing /opt/airflow/dags/premier_dag.py took 0.087 seconds
[2025-10-16T10:14:29.642+0000] {processor.py:186} INFO - Started process (PID=2687) to work on /opt/airflow/dags/premier_dag.py
[2025-10-16T10:14:29.643+0000] {processor.py:914} INFO - Processing file /opt/airflow/dags/premier_dag.py for tasks to queue
[2025-10-16T10:14:29.645+0000] {logging_mixin.py:190} INFO - [2025-10-16T10:14:29.645+0000] {dagbag.py:588} INFO - Filling up the DagBag from /opt/airflow/dags/premier_dag.py
[2025-10-16T10:14:29.660+0000] {processor.py:925} INFO - DAG(s) 'premier_dag_test' retrieved from /opt/airflow/dags/premier_dag.py
[2025-10-16T10:14:29.683+0000] {logging_mixin.py:190} INFO - [2025-10-16T10:14:29.683+0000] {dag.py:3239} INFO - Sync 1 DAGs
[2025-10-16T10:14:29.704+0000] {logging_mixin.py:190} INFO - [2025-10-16T10:14:29.704+0000] {dag.py:4180} INFO - Setting next_dagrun for premier_dag_test to 2025-06-02 09:00:00+00:00, run_after=2025-06-02 10:00:00+00:00
[2025-10-16T10:14:29.837+0000] {processor.py:208} INFO - Processing /opt/airflow/dags/premier_dag.py took 0.200 seconds
[2025-10-16T10:15:00.053+0000] {processor.py:186} INFO - Started process (PID=2704) to work on /opt/airflow/dags/premier_dag.py
[2025-10-16T10:15:00.054+0000] {processor.py:914} INFO - Processing file /opt/airflow/dags/premier_dag.py for tasks to queue
[2025-10-16T10:15:00.056+0000] {logging_mixin.py:190} INFO - [2025-10-16T10:15:00.055+0000] {dagbag.py:588} INFO - Filling up the DagBag from /opt/airflow/dags/premier_dag.py
[2025-10-16T10:15:00.071+0000] {processor.py:925} INFO - DAG(s) 'premier_dag_test' retrieved from /opt/airflow/dags/premier_dag.py
[2025-10-16T10:15:00.092+0000] {logging_mixin.py:190} INFO - [2025-10-16T10:15:00.092+0000] {dag.py:3239} INFO - Sync 1 DAGs
[2025-10-16T10:15:00.112+0000] {logging_mixin.py:190} INFO - [2025-10-16T10:15:00.112+0000] {dag.py:4180} INFO - Setting next_dagrun for premier_dag_test to 2025-06-02 09:00:00+00:00, run_after=2025-06-02 10:00:00+00:00
[2025-10-16T10:15:00.130+0000] {processor.py:208} INFO - Processing /opt/airflow/dags/premier_dag.py took 0.082 seconds
[2025-10-16T10:15:30.354+0000] {processor.py:186} INFO - Started process (PID=2721) to work on /opt/airflow/dags/premier_dag.py
[2025-10-16T10:15:30.354+0000] {processor.py:914} INFO - Processing file /opt/airflow/dags/premier_dag.py for tasks to queue
[2025-10-16T10:15:30.356+0000] {logging_mixin.py:190} INFO - [2025-10-16T10:15:30.356+0000] {dagbag.py:588} INFO - Filling up the DagBag from /opt/airflow/dags/premier_dag.py
[2025-10-16T10:15:30.370+0000] {processor.py:925} INFO - DAG(s) 'premier_dag_test' retrieved from /opt/airflow/dags/premier_dag.py
[2025-10-16T10:15:30.391+0000] {logging_mixin.py:190} INFO - [2025-10-16T10:15:30.391+0000] {dag.py:3239} INFO - Sync 1 DAGs
[2025-10-16T10:15:30.413+0000] {logging_mixin.py:190} INFO - [2025-10-16T10:15:30.413+0000] {dag.py:4180} INFO - Setting next_dagrun for premier_dag_test to 2025-06-02 09:00:00+00:00, run_after=2025-06-02 10:00:00+00:00
[2025-10-16T10:15:30.430+0000] {processor.py:208} INFO - Processing /opt/airflow/dags/premier_dag.py took 0.081 seconds
[2025-10-16T10:16:00.680+0000] {processor.py:186} INFO - Started process (PID=2738) to work on /opt/airflow/dags/premier_dag.py
[2025-10-16T10:16:00.681+0000] {processor.py:914} INFO - Processing file /opt/airflow/dags/premier_dag.py for tasks to queue
[2025-10-16T10:16:00.683+0000] {logging_mixin.py:190} INFO - [2025-10-16T10:16:00.683+0000] {dagbag.py:588} INFO - Filling up the DagBag from /opt/airflow/dags/premier_dag.py
[2025-10-16T10:16:00.697+0000] {processor.py:925} INFO - DAG(s) 'premier_dag_test' retrieved from /opt/airflow/dags/premier_dag.py
[2025-10-16T10:16:00.718+0000] {logging_mixin.py:190} INFO - [2025-10-16T10:16:00.718+0000] {dag.py:3239} INFO - Sync 1 DAGs
[2025-10-16T10:16:00.738+0000] {logging_mixin.py:190} INFO - [2025-10-16T10:16:00.738+0000] {dag.py:4180} INFO - Setting next_dagrun for premier_dag_test to 2025-06-02 09:00:00+00:00, run_after=2025-06-02 10:00:00+00:00
[2025-10-16T10:16:00.758+0000] {processor.py:208} INFO - Processing /opt/airflow/dags/premier_dag.py took 0.082 seconds
[2025-10-16T10:16:30.996+0000] {processor.py:186} INFO - Started process (PID=2755) to work on /opt/airflow/dags/premier_dag.py
[2025-10-16T10:16:30.996+0000] {processor.py:914} INFO - Processing file /opt/airflow/dags/premier_dag.py for tasks to queue
[2025-10-16T10:16:30.998+0000] {logging_mixin.py:190} INFO - [2025-10-16T10:16:30.998+0000] {dagbag.py:588} INFO - Filling up the DagBag from /opt/airflow/dags/premier_dag.py
[2025-10-16T10:16:31.012+0000] {processor.py:925} INFO - DAG(s) 'premier_dag_test' retrieved from /opt/airflow/dags/premier_dag.py
[2025-10-16T10:16:31.034+0000] {logging_mixin.py:190} INFO - [2025-10-16T10:16:31.033+0000] {dag.py:3239} INFO - Sync 1 DAGs
[2025-10-16T10:16:31.053+0000] {logging_mixin.py:190} INFO - [2025-10-16T10:16:31.052+0000] {dag.py:4180} INFO - Setting next_dagrun for premier_dag_test to 2025-06-02 09:00:00+00:00, run_after=2025-06-02 10:00:00+00:00
[2025-10-16T10:16:31.072+0000] {processor.py:208} INFO - Processing /opt/airflow/dags/premier_dag.py took 0.081 seconds
[2025-10-16T10:17:01.341+0000] {processor.py:186} INFO - Started process (PID=2773) to work on /opt/airflow/dags/premier_dag.py
[2025-10-16T10:17:01.342+0000] {processor.py:914} INFO - Processing file /opt/airflow/dags/premier_dag.py for tasks to queue
[2025-10-16T10:17:01.344+0000] {logging_mixin.py:190} INFO - [2025-10-16T10:17:01.344+0000] {dagbag.py:588} INFO - Filling up the DagBag from /opt/airflow/dags/premier_dag.py
[2025-10-16T10:17:01.362+0000] {processor.py:925} INFO - DAG(s) 'premier_dag_test' retrieved from /opt/airflow/dags/premier_dag.py
[2025-10-16T10:17:01.383+0000] {logging_mixin.py:190} INFO - [2025-10-16T10:17:01.383+0000] {dag.py:3239} INFO - Sync 1 DAGs
[2025-10-16T10:17:01.402+0000] {logging_mixin.py:190} INFO - [2025-10-16T10:17:01.402+0000] {dag.py:4180} INFO - Setting next_dagrun for premier_dag_test to 2025-06-02 09:00:00+00:00, run_after=2025-06-02 10:00:00+00:00
[2025-10-16T10:17:01.417+0000] {processor.py:208} INFO - Processing /opt/airflow/dags/premier_dag.py took 0.080 seconds
[2025-10-16T10:17:31.667+0000] {processor.py:186} INFO - Started process (PID=2790) to work on /opt/airflow/dags/premier_dag.py
[2025-10-16T10:17:31.668+0000] {processor.py:914} INFO - Processing file /opt/airflow/dags/premier_dag.py for tasks to queue
[2025-10-16T10:17:31.670+0000] {logging_mixin.py:190} INFO - [2025-10-16T10:17:31.669+0000] {dagbag.py:588} INFO - Filling up the DagBag from /opt/airflow/dags/premier_dag.py
[2025-10-16T10:17:31.684+0000] {processor.py:925} INFO - DAG(s) 'premier_dag_test' retrieved from /opt/airflow/dags/premier_dag.py
[2025-10-16T10:17:31.706+0000] {logging_mixin.py:190} INFO - [2025-10-16T10:17:31.705+0000] {dag.py:3239} INFO - Sync 1 DAGs
[2025-10-16T10:17:31.725+0000] {logging_mixin.py:190} INFO - [2025-10-16T10:17:31.725+0000] {dag.py:4180} INFO - Setting next_dagrun for premier_dag_test to 2025-06-02 09:00:00+00:00, run_after=2025-06-02 10:00:00+00:00
[2025-10-16T10:17:31.741+0000] {processor.py:208} INFO - Processing /opt/airflow/dags/premier_dag.py took 0.079 seconds
[2025-10-16T10:18:02.034+0000] {processor.py:186} INFO - Started process (PID=2807) to work on /opt/airflow/dags/premier_dag.py
[2025-10-16T10:18:02.034+0000] {processor.py:914} INFO - Processing file /opt/airflow/dags/premier_dag.py for tasks to queue
[2025-10-16T10:18:02.037+0000] {logging_mixin.py:190} INFO - [2025-10-16T10:18:02.037+0000] {dagbag.py:588} INFO - Filling up the DagBag from /opt/airflow/dags/premier_dag.py
[2025-10-16T10:18:02.051+0000] {processor.py:925} INFO - DAG(s) 'premier_dag_test' retrieved from /opt/airflow/dags/premier_dag.py
[2025-10-16T10:18:02.072+0000] {logging_mixin.py:190} INFO - [2025-10-16T10:18:02.072+0000] {dag.py:3239} INFO - Sync 1 DAGs
[2025-10-16T10:18:02.091+0000] {logging_mixin.py:190} INFO - [2025-10-16T10:18:02.091+0000] {dag.py:4180} INFO - Setting next_dagrun for premier_dag_test to 2025-06-02 09:00:00+00:00, run_after=2025-06-02 10:00:00+00:00
[2025-10-16T10:18:02.111+0000] {processor.py:208} INFO - Processing /opt/airflow/dags/premier_dag.py took 0.083 seconds
[2025-10-16T10:18:32.377+0000] {processor.py:186} INFO - Started process (PID=2824) to work on /opt/airflow/dags/premier_dag.py
[2025-10-16T10:18:32.377+0000] {processor.py:914} INFO - Processing file /opt/airflow/dags/premier_dag.py for tasks to queue
[2025-10-16T10:18:32.380+0000] {logging_mixin.py:190} INFO - [2025-10-16T10:18:32.380+0000] {dagbag.py:588} INFO - Filling up the DagBag from /opt/airflow/dags/premier_dag.py
[2025-10-16T10:18:32.396+0000] {processor.py:925} INFO - DAG(s) 'premier_dag_test' retrieved from /opt/airflow/dags/premier_dag.py
[2025-10-16T10:18:32.417+0000] {logging_mixin.py:190} INFO - [2025-10-16T10:18:32.416+0000] {dag.py:3239} INFO - Sync 1 DAGs
[2025-10-16T10:18:32.436+0000] {logging_mixin.py:190} INFO - [2025-10-16T10:18:32.436+0000] {dag.py:4180} INFO - Setting next_dagrun for premier_dag_test to 2025-06-02 09:00:00+00:00, run_after=2025-06-02 10:00:00+00:00
[2025-10-16T10:18:32.452+0000] {processor.py:208} INFO - Processing /opt/airflow/dags/premier_dag.py took 0.080 seconds
[2025-10-16T10:19:02.681+0000] {processor.py:186} INFO - Started process (PID=2841) to work on /opt/airflow/dags/premier_dag.py
[2025-10-16T10:19:02.681+0000] {processor.py:914} INFO - Processing file /opt/airflow/dags/premier_dag.py for tasks to queue
[2025-10-16T10:19:02.684+0000] {logging_mixin.py:190} INFO - [2025-10-16T10:19:02.683+0000] {dagbag.py:588} INFO - Filling up the DagBag from /opt/airflow/dags/premier_dag.py
[2025-10-16T10:19:02.697+0000] {processor.py:925} INFO - DAG(s) 'premier_dag_test' retrieved from /opt/airflow/dags/premier_dag.py
[2025-10-16T10:19:02.717+0000] {logging_mixin.py:190} INFO - [2025-10-16T10:19:02.717+0000] {dag.py:3239} INFO - Sync 1 DAGs
[2025-10-16T10:19:02.736+0000] {logging_mixin.py:190} INFO - [2025-10-16T10:19:02.736+0000] {dag.py:4180} INFO - Setting next_dagrun for premier_dag_test to 2025-06-02 09:00:00+00:00, run_after=2025-06-02 10:00:00+00:00
[2025-10-16T10:19:02.751+0000] {processor.py:208} INFO - Processing /opt/airflow/dags/premier_dag.py took 0.075 seconds
[2025-10-16T10:19:32.992+0000] {processor.py:186} INFO - Started process (PID=2858) to work on /opt/airflow/dags/premier_dag.py
[2025-10-16T10:19:32.993+0000] {processor.py:914} INFO - Processing file /opt/airflow/dags/premier_dag.py for tasks to queue
[2025-10-16T10:19:32.996+0000] {logging_mixin.py:190} INFO - [2025-10-16T10:19:32.995+0000] {dagbag.py:588} INFO - Filling up the DagBag from /opt/airflow/dags/premier_dag.py
[2025-10-16T10:19:33.011+0000] {processor.py:925} INFO - DAG(s) 'premier_dag_test' retrieved from /opt/airflow/dags/premier_dag.py
[2025-10-16T10:19:33.033+0000] {logging_mixin.py:190} INFO - [2025-10-16T10:19:33.033+0000] {dag.py:3239} INFO - Sync 1 DAGs
[2025-10-16T10:19:33.055+0000] {logging_mixin.py:190} INFO - [2025-10-16T10:19:33.054+0000] {dag.py:4180} INFO - Setting next_dagrun for premier_dag_test to 2025-06-02 09:00:00+00:00, run_after=2025-06-02 10:00:00+00:00
[2025-10-16T10:19:33.069+0000] {processor.py:208} INFO - Processing /opt/airflow/dags/premier_dag.py took 0.082 seconds
[2025-10-16T10:20:03.348+0000] {processor.py:186} INFO - Started process (PID=2875) to work on /opt/airflow/dags/premier_dag.py
[2025-10-16T10:20:03.349+0000] {processor.py:914} INFO - Processing file /opt/airflow/dags/premier_dag.py for tasks to queue
[2025-10-16T10:20:03.351+0000] {logging_mixin.py:190} INFO - [2025-10-16T10:20:03.351+0000] {dagbag.py:588} INFO - Filling up the DagBag from /opt/airflow/dags/premier_dag.py
[2025-10-16T10:20:03.365+0000] {processor.py:925} INFO - DAG(s) 'premier_dag_test' retrieved from /opt/airflow/dags/premier_dag.py
[2025-10-16T10:20:03.385+0000] {logging_mixin.py:190} INFO - [2025-10-16T10:20:03.385+0000] {dag.py:3239} INFO - Sync 1 DAGs
[2025-10-16T10:20:03.404+0000] {logging_mixin.py:190} INFO - [2025-10-16T10:20:03.404+0000] {dag.py:4180} INFO - Setting next_dagrun for premier_dag_test to 2025-06-02 09:00:00+00:00, run_after=2025-06-02 10:00:00+00:00
[2025-10-16T10:20:03.423+0000] {processor.py:208} INFO - Processing /opt/airflow/dags/premier_dag.py took 0.080 seconds
[2025-10-16T10:20:33.690+0000] {processor.py:186} INFO - Started process (PID=2892) to work on /opt/airflow/dags/premier_dag.py
[2025-10-16T10:20:33.691+0000] {processor.py:914} INFO - Processing file /opt/airflow/dags/premier_dag.py for tasks to queue
[2025-10-16T10:20:33.693+0000] {logging_mixin.py:190} INFO - [2025-10-16T10:20:33.693+0000] {dagbag.py:588} INFO - Filling up the DagBag from /opt/airflow/dags/premier_dag.py
[2025-10-16T10:20:33.706+0000] {processor.py:925} INFO - DAG(s) 'premier_dag_test' retrieved from /opt/airflow/dags/premier_dag.py
[2025-10-16T10:20:33.726+0000] {logging_mixin.py:190} INFO - [2025-10-16T10:20:33.726+0000] {dag.py:3239} INFO - Sync 1 DAGs
[2025-10-16T10:20:33.746+0000] {logging_mixin.py:190} INFO - [2025-10-16T10:20:33.746+0000] {dag.py:4180} INFO - Setting next_dagrun for premier_dag_test to 2025-06-02 09:00:00+00:00, run_after=2025-06-02 10:00:00+00:00
[2025-10-16T10:20:33.873+0000] {processor.py:208} INFO - Processing /opt/airflow/dags/premier_dag.py took 0.187 seconds
[2025-10-16T10:21:04.144+0000] {processor.py:186} INFO - Started process (PID=2909) to work on /opt/airflow/dags/premier_dag.py
[2025-10-16T10:21:04.145+0000] {processor.py:914} INFO - Processing file /opt/airflow/dags/premier_dag.py for tasks to queue
[2025-10-16T10:21:04.147+0000] {logging_mixin.py:190} INFO - [2025-10-16T10:21:04.147+0000] {dagbag.py:588} INFO - Filling up the DagBag from /opt/airflow/dags/premier_dag.py
[2025-10-16T10:21:04.162+0000] {processor.py:925} INFO - DAG(s) 'premier_dag_test' retrieved from /opt/airflow/dags/premier_dag.py
[2025-10-16T10:21:04.184+0000] {logging_mixin.py:190} INFO - [2025-10-16T10:21:04.184+0000] {dag.py:3239} INFO - Sync 1 DAGs
[2025-10-16T10:21:04.318+0000] {logging_mixin.py:190} INFO - [2025-10-16T10:21:04.318+0000] {dag.py:4180} INFO - Setting next_dagrun for premier_dag_test to 2025-06-02 09:00:00+00:00, run_after=2025-06-02 10:00:00+00:00
[2025-10-16T10:21:04.338+0000] {processor.py:208} INFO - Processing /opt/airflow/dags/premier_dag.py took 0.198 seconds
[2025-10-16T10:21:34.608+0000] {processor.py:186} INFO - Started process (PID=2926) to work on /opt/airflow/dags/premier_dag.py
[2025-10-16T10:21:34.609+0000] {processor.py:914} INFO - Processing file /opt/airflow/dags/premier_dag.py for tasks to queue
[2025-10-16T10:21:34.611+0000] {logging_mixin.py:190} INFO - [2025-10-16T10:21:34.611+0000] {dagbag.py:588} INFO - Filling up the DagBag from /opt/airflow/dags/premier_dag.py
[2025-10-16T10:21:34.626+0000] {processor.py:925} INFO - DAG(s) 'premier_dag_test' retrieved from /opt/airflow/dags/premier_dag.py
[2025-10-16T10:21:34.646+0000] {logging_mixin.py:190} INFO - [2025-10-16T10:21:34.646+0000] {dag.py:3239} INFO - Sync 1 DAGs
[2025-10-16T10:21:34.667+0000] {logging_mixin.py:190} INFO - [2025-10-16T10:21:34.666+0000] {dag.py:4180} INFO - Setting next_dagrun for premier_dag_test to 2025-06-02 09:00:00+00:00, run_after=2025-06-02 10:00:00+00:00
[2025-10-16T10:21:34.681+0000] {processor.py:208} INFO - Processing /opt/airflow/dags/premier_dag.py took 0.079 seconds
[2025-10-16T10:22:04.938+0000] {processor.py:186} INFO - Started process (PID=2943) to work on /opt/airflow/dags/premier_dag.py
[2025-10-16T10:22:04.939+0000] {processor.py:914} INFO - Processing file /opt/airflow/dags/premier_dag.py for tasks to queue
[2025-10-16T10:22:04.941+0000] {logging_mixin.py:190} INFO - [2025-10-16T10:22:04.940+0000] {dagbag.py:588} INFO - Filling up the DagBag from /opt/airflow/dags/premier_dag.py
[2025-10-16T10:22:04.955+0000] {processor.py:925} INFO - DAG(s) 'premier_dag_test' retrieved from /opt/airflow/dags/premier_dag.py
[2025-10-16T10:22:04.974+0000] {logging_mixin.py:190} INFO - [2025-10-16T10:22:04.974+0000] {dag.py:3239} INFO - Sync 1 DAGs
[2025-10-16T10:22:04.994+0000] {logging_mixin.py:190} INFO - [2025-10-16T10:22:04.994+0000] {dag.py:4180} INFO - Setting next_dagrun for premier_dag_test to 2025-06-02 09:00:00+00:00, run_after=2025-06-02 10:00:00+00:00
[2025-10-16T10:22:05.009+0000] {processor.py:208} INFO - Processing /opt/airflow/dags/premier_dag.py took 0.076 seconds
[2025-10-16T10:22:35.258+0000] {processor.py:186} INFO - Started process (PID=2960) to work on /opt/airflow/dags/premier_dag.py
[2025-10-16T10:22:35.259+0000] {processor.py:914} INFO - Processing file /opt/airflow/dags/premier_dag.py for tasks to queue
[2025-10-16T10:22:35.261+0000] {logging_mixin.py:190} INFO - [2025-10-16T10:22:35.261+0000] {dagbag.py:588} INFO - Filling up the DagBag from /opt/airflow/dags/premier_dag.py
[2025-10-16T10:22:35.274+0000] {processor.py:925} INFO - DAG(s) 'premier_dag_test' retrieved from /opt/airflow/dags/premier_dag.py
[2025-10-16T10:22:35.294+0000] {logging_mixin.py:190} INFO - [2025-10-16T10:22:35.294+0000] {dag.py:3239} INFO - Sync 1 DAGs
[2025-10-16T10:22:35.315+0000] {logging_mixin.py:190} INFO - [2025-10-16T10:22:35.315+0000] {dag.py:4180} INFO - Setting next_dagrun for premier_dag_test to 2025-06-02 09:00:00+00:00, run_after=2025-06-02 10:00:00+00:00
[2025-10-16T10:22:35.332+0000] {processor.py:208} INFO - Processing /opt/airflow/dags/premier_dag.py took 0.078 seconds
[2025-10-16T10:23:05.542+0000] {processor.py:186} INFO - Started process (PID=2978) to work on /opt/airflow/dags/premier_dag.py
[2025-10-16T10:23:05.543+0000] {processor.py:914} INFO - Processing file /opt/airflow/dags/premier_dag.py for tasks to queue
[2025-10-16T10:23:05.545+0000] {logging_mixin.py:190} INFO - [2025-10-16T10:23:05.545+0000] {dagbag.py:588} INFO - Filling up the DagBag from /opt/airflow/dags/premier_dag.py
[2025-10-16T10:23:05.560+0000] {processor.py:925} INFO - DAG(s) 'premier_dag_test' retrieved from /opt/airflow/dags/premier_dag.py
[2025-10-16T10:23:05.580+0000] {logging_mixin.py:190} INFO - [2025-10-16T10:23:05.580+0000] {dag.py:3239} INFO - Sync 1 DAGs
[2025-10-16T10:23:05.599+0000] {logging_mixin.py:190} INFO - [2025-10-16T10:23:05.599+0000] {dag.py:4180} INFO - Setting next_dagrun for premier_dag_test to 2025-06-02 09:00:00+00:00, run_after=2025-06-02 10:00:00+00:00
[2025-10-16T10:23:05.614+0000] {processor.py:208} INFO - Processing /opt/airflow/dags/premier_dag.py took 0.077 seconds
[2025-10-16T10:23:35.844+0000] {processor.py:186} INFO - Started process (PID=2995) to work on /opt/airflow/dags/premier_dag.py
[2025-10-16T10:23:35.845+0000] {processor.py:914} INFO - Processing file /opt/airflow/dags/premier_dag.py for tasks to queue
[2025-10-16T10:23:35.847+0000] {logging_mixin.py:190} INFO - [2025-10-16T10:23:35.847+0000] {dagbag.py:588} INFO - Filling up the DagBag from /opt/airflow/dags/premier_dag.py
[2025-10-16T10:23:35.862+0000] {processor.py:925} INFO - DAG(s) 'premier_dag_test' retrieved from /opt/airflow/dags/premier_dag.py
[2025-10-16T10:23:35.882+0000] {logging_mixin.py:190} INFO - [2025-10-16T10:23:35.882+0000] {dag.py:3239} INFO - Sync 1 DAGs
[2025-10-16T10:23:35.903+0000] {logging_mixin.py:190} INFO - [2025-10-16T10:23:35.903+0000] {dag.py:4180} INFO - Setting next_dagrun for premier_dag_test to 2025-06-02 09:00:00+00:00, run_after=2025-06-02 10:00:00+00:00
[2025-10-16T10:23:36.031+0000] {processor.py:208} INFO - Processing /opt/airflow/dags/premier_dag.py took 0.192 seconds
[2025-10-16T10:24:06.294+0000] {processor.py:186} INFO - Started process (PID=3012) to work on /opt/airflow/dags/premier_dag.py
[2025-10-16T10:24:06.294+0000] {processor.py:914} INFO - Processing file /opt/airflow/dags/premier_dag.py for tasks to queue
[2025-10-16T10:24:06.297+0000] {logging_mixin.py:190} INFO - [2025-10-16T10:24:06.296+0000] {dagbag.py:588} INFO - Filling up the DagBag from /opt/airflow/dags/premier_dag.py
[2025-10-16T10:24:06.311+0000] {processor.py:925} INFO - DAG(s) 'premier_dag_test' retrieved from /opt/airflow/dags/premier_dag.py
[2025-10-16T10:24:06.332+0000] {logging_mixin.py:190} INFO - [2025-10-16T10:24:06.332+0000] {dag.py:3239} INFO - Sync 1 DAGs
[2025-10-16T10:24:06.460+0000] {logging_mixin.py:190} INFO - [2025-10-16T10:24:06.460+0000] {dag.py:4180} INFO - Setting next_dagrun for premier_dag_test to 2025-06-02 09:00:00+00:00, run_after=2025-06-02 10:00:00+00:00
[2025-10-16T10:24:06.480+0000] {processor.py:208} INFO - Processing /opt/airflow/dags/premier_dag.py took 0.191 seconds
[2025-10-16T10:24:36.738+0000] {processor.py:186} INFO - Started process (PID=3029) to work on /opt/airflow/dags/premier_dag.py
[2025-10-16T10:24:36.739+0000] {processor.py:914} INFO - Processing file /opt/airflow/dags/premier_dag.py for tasks to queue
[2025-10-16T10:24:36.741+0000] {logging_mixin.py:190} INFO - [2025-10-16T10:24:36.741+0000] {dagbag.py:588} INFO - Filling up the DagBag from /opt/airflow/dags/premier_dag.py
[2025-10-16T10:24:36.755+0000] {processor.py:925} INFO - DAG(s) 'premier_dag_test' retrieved from /opt/airflow/dags/premier_dag.py
[2025-10-16T10:24:36.776+0000] {logging_mixin.py:190} INFO - [2025-10-16T10:24:36.776+0000] {dag.py:3239} INFO - Sync 1 DAGs
[2025-10-16T10:24:36.795+0000] {logging_mixin.py:190} INFO - [2025-10-16T10:24:36.795+0000] {dag.py:4180} INFO - Setting next_dagrun for premier_dag_test to 2025-06-02 09:00:00+00:00, run_after=2025-06-02 10:00:00+00:00
[2025-10-16T10:24:36.815+0000] {processor.py:208} INFO - Processing /opt/airflow/dags/premier_dag.py took 0.082 seconds
[2025-10-16T10:25:07.068+0000] {processor.py:186} INFO - Started process (PID=3046) to work on /opt/airflow/dags/premier_dag.py
[2025-10-16T10:25:07.069+0000] {processor.py:914} INFO - Processing file /opt/airflow/dags/premier_dag.py for tasks to queue
[2025-10-16T10:25:07.071+0000] {logging_mixin.py:190} INFO - [2025-10-16T10:25:07.071+0000] {dagbag.py:588} INFO - Filling up the DagBag from /opt/airflow/dags/premier_dag.py
[2025-10-16T10:25:07.087+0000] {processor.py:925} INFO - DAG(s) 'premier_dag_test' retrieved from /opt/airflow/dags/premier_dag.py
[2025-10-16T10:25:07.108+0000] {logging_mixin.py:190} INFO - [2025-10-16T10:25:07.108+0000] {dag.py:3239} INFO - Sync 1 DAGs
[2025-10-16T10:25:07.129+0000] {logging_mixin.py:190} INFO - [2025-10-16T10:25:07.128+0000] {dag.py:4180} INFO - Setting next_dagrun for premier_dag_test to 2025-06-02 09:00:00+00:00, run_after=2025-06-02 10:00:00+00:00
[2025-10-16T10:25:07.145+0000] {processor.py:208} INFO - Processing /opt/airflow/dags/premier_dag.py took 0.082 seconds
[2025-10-16T10:25:37.377+0000] {processor.py:186} INFO - Started process (PID=3063) to work on /opt/airflow/dags/premier_dag.py
[2025-10-16T10:25:37.378+0000] {processor.py:914} INFO - Processing file /opt/airflow/dags/premier_dag.py for tasks to queue
[2025-10-16T10:25:37.380+0000] {logging_mixin.py:190} INFO - [2025-10-16T10:25:37.379+0000] {dagbag.py:588} INFO - Filling up the DagBag from /opt/airflow/dags/premier_dag.py
[2025-10-16T10:25:37.394+0000] {processor.py:925} INFO - DAG(s) 'premier_dag_test' retrieved from /opt/airflow/dags/premier_dag.py
[2025-10-16T10:25:37.414+0000] {logging_mixin.py:190} INFO - [2025-10-16T10:25:37.414+0000] {dag.py:3239} INFO - Sync 1 DAGs
[2025-10-16T10:25:37.434+0000] {logging_mixin.py:190} INFO - [2025-10-16T10:25:37.434+0000] {dag.py:4180} INFO - Setting next_dagrun for premier_dag_test to 2025-06-02 09:00:00+00:00, run_after=2025-06-02 10:00:00+00:00
[2025-10-16T10:25:37.448+0000] {processor.py:208} INFO - Processing /opt/airflow/dags/premier_dag.py took 0.076 seconds
[2025-10-16T10:26:07.692+0000] {processor.py:186} INFO - Started process (PID=3080) to work on /opt/airflow/dags/premier_dag.py
[2025-10-16T10:26:07.692+0000] {processor.py:914} INFO - Processing file /opt/airflow/dags/premier_dag.py for tasks to queue
[2025-10-16T10:26:07.694+0000] {logging_mixin.py:190} INFO - [2025-10-16T10:26:07.694+0000] {dagbag.py:588} INFO - Filling up the DagBag from /opt/airflow/dags/premier_dag.py
[2025-10-16T10:26:07.709+0000] {processor.py:925} INFO - DAG(s) 'premier_dag_test' retrieved from /opt/airflow/dags/premier_dag.py
[2025-10-16T10:26:07.730+0000] {logging_mixin.py:190} INFO - [2025-10-16T10:26:07.730+0000] {dag.py:3239} INFO - Sync 1 DAGs
[2025-10-16T10:26:07.750+0000] {logging_mixin.py:190} INFO - [2025-10-16T10:26:07.750+0000] {dag.py:4180} INFO - Setting next_dagrun for premier_dag_test to 2025-06-02 09:00:00+00:00, run_after=2025-06-02 10:00:00+00:00
[2025-10-16T10:26:07.769+0000] {processor.py:208} INFO - Processing /opt/airflow/dags/premier_dag.py took 0.082 seconds
[2025-10-16T10:26:38.005+0000] {processor.py:186} INFO - Started process (PID=3097) to work on /opt/airflow/dags/premier_dag.py
[2025-10-16T10:26:38.006+0000] {processor.py:914} INFO - Processing file /opt/airflow/dags/premier_dag.py for tasks to queue
[2025-10-16T10:26:38.008+0000] {logging_mixin.py:190} INFO - [2025-10-16T10:26:38.008+0000] {dagbag.py:588} INFO - Filling up the DagBag from /opt/airflow/dags/premier_dag.py
[2025-10-16T10:26:38.022+0000] {processor.py:925} INFO - DAG(s) 'premier_dag_test' retrieved from /opt/airflow/dags/premier_dag.py
[2025-10-16T10:26:38.043+0000] {logging_mixin.py:190} INFO - [2025-10-16T10:26:38.042+0000] {dag.py:3239} INFO - Sync 1 DAGs
[2025-10-16T10:26:38.062+0000] {logging_mixin.py:190} INFO - [2025-10-16T10:26:38.062+0000] {dag.py:4180} INFO - Setting next_dagrun for premier_dag_test to 2025-06-02 09:00:00+00:00, run_after=2025-06-02 10:00:00+00:00
[2025-10-16T10:26:38.194+0000] {processor.py:208} INFO - Processing /opt/airflow/dags/premier_dag.py took 0.194 seconds
[2025-10-16T10:27:08.452+0000] {processor.py:186} INFO - Started process (PID=3114) to work on /opt/airflow/dags/premier_dag.py
[2025-10-16T10:27:08.453+0000] {processor.py:914} INFO - Processing file /opt/airflow/dags/premier_dag.py for tasks to queue
[2025-10-16T10:27:08.455+0000] {logging_mixin.py:190} INFO - [2025-10-16T10:27:08.455+0000] {dagbag.py:588} INFO - Filling up the DagBag from /opt/airflow/dags/premier_dag.py
[2025-10-16T10:27:08.470+0000] {processor.py:925} INFO - DAG(s) 'premier_dag_test' retrieved from /opt/airflow/dags/premier_dag.py
[2025-10-16T10:27:08.490+0000] {logging_mixin.py:190} INFO - [2025-10-16T10:27:08.490+0000] {dag.py:3239} INFO - Sync 1 DAGs
[2025-10-16T10:27:08.623+0000] {logging_mixin.py:190} INFO - [2025-10-16T10:27:08.623+0000] {dag.py:4180} INFO - Setting next_dagrun for premier_dag_test to 2025-06-02 09:00:00+00:00, run_after=2025-06-02 10:00:00+00:00
[2025-10-16T10:27:08.644+0000] {processor.py:208} INFO - Processing /opt/airflow/dags/premier_dag.py took 0.197 seconds
[2025-10-16T10:27:38.896+0000] {processor.py:186} INFO - Started process (PID=3132) to work on /opt/airflow/dags/premier_dag.py
[2025-10-16T10:27:38.897+0000] {processor.py:914} INFO - Processing file /opt/airflow/dags/premier_dag.py for tasks to queue
[2025-10-16T10:27:38.899+0000] {logging_mixin.py:190} INFO - [2025-10-16T10:27:38.898+0000] {dagbag.py:588} INFO - Filling up the DagBag from /opt/airflow/dags/premier_dag.py
[2025-10-16T10:27:38.912+0000] {processor.py:925} INFO - DAG(s) 'premier_dag_test' retrieved from /opt/airflow/dags/premier_dag.py
[2025-10-16T10:27:38.933+0000] {logging_mixin.py:190} INFO - [2025-10-16T10:27:38.933+0000] {dag.py:3239} INFO - Sync 1 DAGs
[2025-10-16T10:27:38.952+0000] {logging_mixin.py:190} INFO - [2025-10-16T10:27:38.952+0000] {dag.py:4180} INFO - Setting next_dagrun for premier_dag_test to 2025-06-02 09:00:00+00:00, run_after=2025-06-02 10:00:00+00:00
[2025-10-16T10:27:38.972+0000] {processor.py:208} INFO - Processing /opt/airflow/dags/premier_dag.py took 0.080 seconds
[2025-10-16T10:28:09.223+0000] {processor.py:186} INFO - Started process (PID=3149) to work on /opt/airflow/dags/premier_dag.py
[2025-10-16T10:28:09.224+0000] {processor.py:914} INFO - Processing file /opt/airflow/dags/premier_dag.py for tasks to queue
[2025-10-16T10:28:09.226+0000] {logging_mixin.py:190} INFO - [2025-10-16T10:28:09.225+0000] {dagbag.py:588} INFO - Filling up the DagBag from /opt/airflow/dags/premier_dag.py
[2025-10-16T10:28:09.241+0000] {processor.py:925} INFO - DAG(s) 'premier_dag_test' retrieved from /opt/airflow/dags/premier_dag.py
[2025-10-16T10:28:09.264+0000] {logging_mixin.py:190} INFO - [2025-10-16T10:28:09.264+0000] {dag.py:3239} INFO - Sync 1 DAGs
[2025-10-16T10:28:09.284+0000] {logging_mixin.py:190} INFO - [2025-10-16T10:28:09.284+0000] {dag.py:4180} INFO - Setting next_dagrun for premier_dag_test to 2025-06-02 09:00:00+00:00, run_after=2025-06-02 10:00:00+00:00
[2025-10-16T10:28:09.303+0000] {processor.py:208} INFO - Processing /opt/airflow/dags/premier_dag.py took 0.085 seconds
[2025-10-16T10:28:39.469+0000] {processor.py:186} INFO - Started process (PID=3164) to work on /opt/airflow/dags/premier_dag.py
[2025-10-16T10:28:39.470+0000] {processor.py:914} INFO - Processing file /opt/airflow/dags/premier_dag.py for tasks to queue
[2025-10-16T10:28:39.472+0000] {logging_mixin.py:190} INFO - [2025-10-16T10:28:39.472+0000] {dagbag.py:588} INFO - Filling up the DagBag from /opt/airflow/dags/premier_dag.py
[2025-10-16T10:28:39.486+0000] {processor.py:925} INFO - DAG(s) 'premier_dag_test' retrieved from /opt/airflow/dags/premier_dag.py
[2025-10-16T10:28:39.508+0000] {logging_mixin.py:190} INFO - [2025-10-16T10:28:39.508+0000] {dag.py:3239} INFO - Sync 1 DAGs
[2025-10-16T10:28:39.528+0000] {logging_mixin.py:190} INFO - [2025-10-16T10:28:39.528+0000] {dag.py:4180} INFO - Setting next_dagrun for premier_dag_test to 2025-06-02 09:00:00+00:00, run_after=2025-06-02 10:00:00+00:00
[2025-10-16T10:28:39.548+0000] {processor.py:208} INFO - Processing /opt/airflow/dags/premier_dag.py took 0.084 seconds
[2025-10-16T10:29:09.788+0000] {processor.py:186} INFO - Started process (PID=3178) to work on /opt/airflow/dags/premier_dag.py
[2025-10-16T10:29:09.789+0000] {processor.py:914} INFO - Processing file /opt/airflow/dags/premier_dag.py for tasks to queue
[2025-10-16T10:29:09.790+0000] {logging_mixin.py:190} INFO - [2025-10-16T10:29:09.790+0000] {dagbag.py:588} INFO - Filling up the DagBag from /opt/airflow/dags/premier_dag.py
[2025-10-16T10:29:09.804+0000] {processor.py:925} INFO - DAG(s) 'premier_dag_test' retrieved from /opt/airflow/dags/premier_dag.py
[2025-10-16T10:29:09.825+0000] {logging_mixin.py:190} INFO - [2025-10-16T10:29:09.825+0000] {dag.py:3239} INFO - Sync 1 DAGs
[2025-10-16T10:29:09.844+0000] {logging_mixin.py:190} INFO - [2025-10-16T10:29:09.844+0000] {dag.py:4180} INFO - Setting next_dagrun for premier_dag_test to 2025-06-02 09:00:00+00:00, run_after=2025-06-02 10:00:00+00:00
[2025-10-16T10:29:09.859+0000] {processor.py:208} INFO - Processing /opt/airflow/dags/premier_dag.py took 0.077 seconds
[2025-10-16T10:29:40.131+0000] {processor.py:186} INFO - Started process (PID=3195) to work on /opt/airflow/dags/premier_dag.py
[2025-10-16T10:29:40.131+0000] {processor.py:914} INFO - Processing file /opt/airflow/dags/premier_dag.py for tasks to queue
[2025-10-16T10:29:40.134+0000] {logging_mixin.py:190} INFO - [2025-10-16T10:29:40.133+0000] {dagbag.py:588} INFO - Filling up the DagBag from /opt/airflow/dags/premier_dag.py
[2025-10-16T10:29:40.147+0000] {processor.py:925} INFO - DAG(s) 'premier_dag_test' retrieved from /opt/airflow/dags/premier_dag.py
[2025-10-16T10:29:40.169+0000] {logging_mixin.py:190} INFO - [2025-10-16T10:29:40.168+0000] {dag.py:3239} INFO - Sync 1 DAGs
[2025-10-16T10:29:40.189+0000] {logging_mixin.py:190} INFO - [2025-10-16T10:29:40.189+0000] {dag.py:4180} INFO - Setting next_dagrun for premier_dag_test to 2025-06-02 09:00:00+00:00, run_after=2025-06-02 10:00:00+00:00
[2025-10-16T10:29:40.321+0000] {processor.py:208} INFO - Processing /opt/airflow/dags/premier_dag.py took 0.195 seconds
[2025-10-16T10:30:10.601+0000] {processor.py:186} INFO - Started process (PID=3212) to work on /opt/airflow/dags/premier_dag.py
[2025-10-16T10:30:10.602+0000] {processor.py:914} INFO - Processing file /opt/airflow/dags/premier_dag.py for tasks to queue
[2025-10-16T10:30:10.605+0000] {logging_mixin.py:190} INFO - [2025-10-16T10:30:10.604+0000] {dagbag.py:588} INFO - Filling up the DagBag from /opt/airflow/dags/premier_dag.py
[2025-10-16T10:30:10.619+0000] {processor.py:925} INFO - DAG(s) 'premier_dag_test' retrieved from /opt/airflow/dags/premier_dag.py
[2025-10-16T10:30:10.640+0000] {logging_mixin.py:190} INFO - [2025-10-16T10:30:10.639+0000] {dag.py:3239} INFO - Sync 1 DAGs
[2025-10-16T10:30:10.784+0000] {logging_mixin.py:190} INFO - [2025-10-16T10:30:10.784+0000] {dag.py:4180} INFO - Setting next_dagrun for premier_dag_test to 2025-06-02 09:00:00+00:00, run_after=2025-06-02 10:00:00+00:00
[2025-10-16T10:30:10.803+0000] {processor.py:208} INFO - Processing /opt/airflow/dags/premier_dag.py took 0.207 seconds
[2025-10-16T10:30:41.047+0000] {processor.py:186} INFO - Started process (PID=3229) to work on /opt/airflow/dags/premier_dag.py
[2025-10-16T10:30:41.047+0000] {processor.py:914} INFO - Processing file /opt/airflow/dags/premier_dag.py for tasks to queue
[2025-10-16T10:30:41.050+0000] {logging_mixin.py:190} INFO - [2025-10-16T10:30:41.049+0000] {dagbag.py:588} INFO - Filling up the DagBag from /opt/airflow/dags/premier_dag.py
[2025-10-16T10:30:41.064+0000] {processor.py:925} INFO - DAG(s) 'premier_dag_test' retrieved from /opt/airflow/dags/premier_dag.py
[2025-10-16T10:30:41.084+0000] {logging_mixin.py:190} INFO - [2025-10-16T10:30:41.084+0000] {dag.py:3239} INFO - Sync 1 DAGs
[2025-10-16T10:30:41.103+0000] {logging_mixin.py:190} INFO - [2025-10-16T10:30:41.103+0000] {dag.py:4180} INFO - Setting next_dagrun for premier_dag_test to 2025-06-02 09:00:00+00:00, run_after=2025-06-02 10:00:00+00:00
[2025-10-16T10:30:41.117+0000] {processor.py:208} INFO - Processing /opt/airflow/dags/premier_dag.py took 0.076 seconds
[2025-10-16T10:31:11.389+0000] {processor.py:186} INFO - Started process (PID=3246) to work on /opt/airflow/dags/premier_dag.py
[2025-10-16T10:31:11.389+0000] {processor.py:914} INFO - Processing file /opt/airflow/dags/premier_dag.py for tasks to queue
[2025-10-16T10:31:11.392+0000] {logging_mixin.py:190} INFO - [2025-10-16T10:31:11.391+0000] {dagbag.py:588} INFO - Filling up the DagBag from /opt/airflow/dags/premier_dag.py
[2025-10-16T10:31:11.405+0000] {processor.py:925} INFO - DAG(s) 'premier_dag_test' retrieved from /opt/airflow/dags/premier_dag.py
[2025-10-16T10:31:11.425+0000] {logging_mixin.py:190} INFO - [2025-10-16T10:31:11.425+0000] {dag.py:3239} INFO - Sync 1 DAGs
[2025-10-16T10:31:11.445+0000] {logging_mixin.py:190} INFO - [2025-10-16T10:31:11.445+0000] {dag.py:4180} INFO - Setting next_dagrun for premier_dag_test to 2025-06-02 09:00:00+00:00, run_after=2025-06-02 10:00:00+00:00
[2025-10-16T10:31:11.463+0000] {processor.py:208} INFO - Processing /opt/airflow/dags/premier_dag.py took 0.079 seconds
[2025-10-16T10:31:41.722+0000] {processor.py:186} INFO - Started process (PID=3263) to work on /opt/airflow/dags/premier_dag.py
[2025-10-16T10:31:41.722+0000] {processor.py:914} INFO - Processing file /opt/airflow/dags/premier_dag.py for tasks to queue
[2025-10-16T10:31:41.725+0000] {logging_mixin.py:190} INFO - [2025-10-16T10:31:41.724+0000] {dagbag.py:588} INFO - Filling up the DagBag from /opt/airflow/dags/premier_dag.py
[2025-10-16T10:31:41.738+0000] {processor.py:925} INFO - DAG(s) 'premier_dag_test' retrieved from /opt/airflow/dags/premier_dag.py
[2025-10-16T10:31:41.759+0000] {logging_mixin.py:190} INFO - [2025-10-16T10:31:41.759+0000] {dag.py:3239} INFO - Sync 1 DAGs
[2025-10-16T10:31:41.779+0000] {logging_mixin.py:190} INFO - [2025-10-16T10:31:41.778+0000] {dag.py:4180} INFO - Setting next_dagrun for premier_dag_test to 2025-06-02 09:00:00+00:00, run_after=2025-06-02 10:00:00+00:00
[2025-10-16T10:31:41.798+0000] {processor.py:208} INFO - Processing /opt/airflow/dags/premier_dag.py took 0.081 seconds
[2025-10-16T10:32:12.057+0000] {processor.py:186} INFO - Started process (PID=3280) to work on /opt/airflow/dags/premier_dag.py
[2025-10-16T10:32:12.058+0000] {processor.py:914} INFO - Processing file /opt/airflow/dags/premier_dag.py for tasks to queue
[2025-10-16T10:32:12.060+0000] {logging_mixin.py:190} INFO - [2025-10-16T10:32:12.060+0000] {dagbag.py:588} INFO - Filling up the DagBag from /opt/airflow/dags/premier_dag.py
[2025-10-16T10:32:12.074+0000] {processor.py:925} INFO - DAG(s) 'premier_dag_test' retrieved from /opt/airflow/dags/premier_dag.py
[2025-10-16T10:32:12.094+0000] {logging_mixin.py:190} INFO - [2025-10-16T10:32:12.094+0000] {dag.py:3239} INFO - Sync 1 DAGs
[2025-10-16T10:32:12.114+0000] {logging_mixin.py:190} INFO - [2025-10-16T10:32:12.114+0000] {dag.py:4180} INFO - Setting next_dagrun for premier_dag_test to 2025-06-02 09:00:00+00:00, run_after=2025-06-02 10:00:00+00:00
[2025-10-16T10:32:12.134+0000] {processor.py:208} INFO - Processing /opt/airflow/dags/premier_dag.py took 0.082 seconds
[2025-10-16T10:32:42.374+0000] {processor.py:186} INFO - Started process (PID=3297) to work on /opt/airflow/dags/premier_dag.py
[2025-10-16T10:32:42.374+0000] {processor.py:914} INFO - Processing file /opt/airflow/dags/premier_dag.py for tasks to queue
[2025-10-16T10:32:42.376+0000] {logging_mixin.py:190} INFO - [2025-10-16T10:32:42.376+0000] {dagbag.py:588} INFO - Filling up the DagBag from /opt/airflow/dags/premier_dag.py
[2025-10-16T10:32:42.390+0000] {processor.py:925} INFO - DAG(s) 'premier_dag_test' retrieved from /opt/airflow/dags/premier_dag.py
[2025-10-16T10:32:42.412+0000] {logging_mixin.py:190} INFO - [2025-10-16T10:32:42.412+0000] {dag.py:3239} INFO - Sync 1 DAGs
[2025-10-16T10:32:42.432+0000] {logging_mixin.py:190} INFO - [2025-10-16T10:32:42.432+0000] {dag.py:4180} INFO - Setting next_dagrun for premier_dag_test to 2025-06-02 09:00:00+00:00, run_after=2025-06-02 10:00:00+00:00
[2025-10-16T10:32:42.560+0000] {processor.py:208} INFO - Processing /opt/airflow/dags/premier_dag.py took 0.191 seconds
[2025-10-16T10:33:12.822+0000] {processor.py:186} INFO - Started process (PID=3314) to work on /opt/airflow/dags/premier_dag.py
[2025-10-16T10:33:12.822+0000] {processor.py:914} INFO - Processing file /opt/airflow/dags/premier_dag.py for tasks to queue
[2025-10-16T10:33:12.824+0000] {logging_mixin.py:190} INFO - [2025-10-16T10:33:12.824+0000] {dagbag.py:588} INFO - Filling up the DagBag from /opt/airflow/dags/premier_dag.py
[2025-10-16T10:33:12.838+0000] {processor.py:925} INFO - DAG(s) 'premier_dag_test' retrieved from /opt/airflow/dags/premier_dag.py
[2025-10-16T10:33:12.859+0000] {logging_mixin.py:190} INFO - [2025-10-16T10:33:12.859+0000] {dag.py:3239} INFO - Sync 1 DAGs
[2025-10-16T10:33:12.987+0000] {logging_mixin.py:190} INFO - [2025-10-16T10:33:12.987+0000] {dag.py:4180} INFO - Setting next_dagrun for premier_dag_test to 2025-06-02 09:00:00+00:00, run_after=2025-06-02 10:00:00+00:00
[2025-10-16T10:33:13.004+0000] {processor.py:208} INFO - Processing /opt/airflow/dags/premier_dag.py took 0.187 seconds
[2025-10-16T10:33:43.255+0000] {processor.py:186} INFO - Started process (PID=3331) to work on /opt/airflow/dags/premier_dag.py
[2025-10-16T10:33:43.256+0000] {processor.py:914} INFO - Processing file /opt/airflow/dags/premier_dag.py for tasks to queue
[2025-10-16T10:33:43.258+0000] {logging_mixin.py:190} INFO - [2025-10-16T10:33:43.258+0000] {dagbag.py:588} INFO - Filling up the DagBag from /opt/airflow/dags/premier_dag.py
[2025-10-16T10:33:43.272+0000] {processor.py:925} INFO - DAG(s) 'premier_dag_test' retrieved from /opt/airflow/dags/premier_dag.py
[2025-10-16T10:33:43.292+0000] {logging_mixin.py:190} INFO - [2025-10-16T10:33:43.292+0000] {dag.py:3239} INFO - Sync 1 DAGs
[2025-10-16T10:33:43.312+0000] {logging_mixin.py:190} INFO - [2025-10-16T10:33:43.312+0000] {dag.py:4180} INFO - Setting next_dagrun for premier_dag_test to 2025-06-02 09:00:00+00:00, run_after=2025-06-02 10:00:00+00:00
[2025-10-16T10:33:43.326+0000] {processor.py:208} INFO - Processing /opt/airflow/dags/premier_dag.py took 0.076 seconds
[2025-10-16T10:34:13.565+0000] {processor.py:186} INFO - Started process (PID=3348) to work on /opt/airflow/dags/premier_dag.py
[2025-10-16T10:34:13.566+0000] {processor.py:914} INFO - Processing file /opt/airflow/dags/premier_dag.py for tasks to queue
[2025-10-16T10:34:13.568+0000] {logging_mixin.py:190} INFO - [2025-10-16T10:34:13.567+0000] {dagbag.py:588} INFO - Filling up the DagBag from /opt/airflow/dags/premier_dag.py
[2025-10-16T10:34:13.581+0000] {processor.py:925} INFO - DAG(s) 'premier_dag_test' retrieved from /opt/airflow/dags/premier_dag.py
[2025-10-16T10:34:13.602+0000] {logging_mixin.py:190} INFO - [2025-10-16T10:34:13.602+0000] {dag.py:3239} INFO - Sync 1 DAGs
[2025-10-16T10:34:13.622+0000] {logging_mixin.py:190} INFO - [2025-10-16T10:34:13.622+0000] {dag.py:4180} INFO - Setting next_dagrun for premier_dag_test to 2025-06-02 09:00:00+00:00, run_after=2025-06-02 10:00:00+00:00
[2025-10-16T10:34:13.635+0000] {processor.py:208} INFO - Processing /opt/airflow/dags/premier_dag.py took 0.075 seconds
[2025-10-16T10:34:43.873+0000] {processor.py:186} INFO - Started process (PID=3365) to work on /opt/airflow/dags/premier_dag.py
[2025-10-16T10:34:43.874+0000] {processor.py:914} INFO - Processing file /opt/airflow/dags/premier_dag.py for tasks to queue
[2025-10-16T10:34:43.876+0000] {logging_mixin.py:190} INFO - [2025-10-16T10:34:43.876+0000] {dagbag.py:588} INFO - Filling up the DagBag from /opt/airflow/dags/premier_dag.py
[2025-10-16T10:34:43.890+0000] {processor.py:925} INFO - DAG(s) 'premier_dag_test' retrieved from /opt/airflow/dags/premier_dag.py
[2025-10-16T10:34:43.910+0000] {logging_mixin.py:190} INFO - [2025-10-16T10:34:43.910+0000] {dag.py:3239} INFO - Sync 1 DAGs
[2025-10-16T10:34:43.931+0000] {logging_mixin.py:190} INFO - [2025-10-16T10:34:43.930+0000] {dag.py:4180} INFO - Setting next_dagrun for premier_dag_test to 2025-06-02 09:00:00+00:00, run_after=2025-06-02 10:00:00+00:00
[2025-10-16T10:34:43.950+0000] {processor.py:208} INFO - Processing /opt/airflow/dags/premier_dag.py took 0.082 seconds
[2025-10-16T10:35:14.223+0000] {processor.py:186} INFO - Started process (PID=3382) to work on /opt/airflow/dags/premier_dag.py
[2025-10-16T10:35:14.224+0000] {processor.py:914} INFO - Processing file /opt/airflow/dags/premier_dag.py for tasks to queue
[2025-10-16T10:35:14.226+0000] {logging_mixin.py:190} INFO - [2025-10-16T10:35:14.225+0000] {dagbag.py:588} INFO - Filling up the DagBag from /opt/airflow/dags/premier_dag.py
[2025-10-16T10:35:14.240+0000] {processor.py:925} INFO - DAG(s) 'premier_dag_test' retrieved from /opt/airflow/dags/premier_dag.py
[2025-10-16T10:35:14.260+0000] {logging_mixin.py:190} INFO - [2025-10-16T10:35:14.260+0000] {dag.py:3239} INFO - Sync 1 DAGs
[2025-10-16T10:35:14.280+0000] {logging_mixin.py:190} INFO - [2025-10-16T10:35:14.280+0000] {dag.py:4180} INFO - Setting next_dagrun for premier_dag_test to 2025-06-02 09:00:00+00:00, run_after=2025-06-02 10:00:00+00:00
[2025-10-16T10:35:14.300+0000] {processor.py:208} INFO - Processing /opt/airflow/dags/premier_dag.py took 0.084 seconds
[2025-10-16T10:35:44.559+0000] {processor.py:186} INFO - Started process (PID=3399) to work on /opt/airflow/dags/premier_dag.py
[2025-10-16T10:35:44.560+0000] {processor.py:914} INFO - Processing file /opt/airflow/dags/premier_dag.py for tasks to queue
[2025-10-16T10:35:44.562+0000] {logging_mixin.py:190} INFO - [2025-10-16T10:35:44.561+0000] {dagbag.py:588} INFO - Filling up the DagBag from /opt/airflow/dags/premier_dag.py
[2025-10-16T10:35:44.575+0000] {processor.py:925} INFO - DAG(s) 'premier_dag_test' retrieved from /opt/airflow/dags/premier_dag.py
[2025-10-16T10:35:44.596+0000] {logging_mixin.py:190} INFO - [2025-10-16T10:35:44.596+0000] {dag.py:3239} INFO - Sync 1 DAGs
[2025-10-16T10:35:44.620+0000] {logging_mixin.py:190} INFO - [2025-10-16T10:35:44.620+0000] {dag.py:4180} INFO - Setting next_dagrun for premier_dag_test to 2025-06-02 09:00:00+00:00, run_after=2025-06-02 10:00:00+00:00
[2025-10-16T10:35:44.765+0000] {processor.py:208} INFO - Processing /opt/airflow/dags/premier_dag.py took 0.211 seconds
[2025-10-16T10:36:15.023+0000] {processor.py:186} INFO - Started process (PID=3416) to work on /opt/airflow/dags/premier_dag.py
[2025-10-16T10:36:15.024+0000] {processor.py:914} INFO - Processing file /opt/airflow/dags/premier_dag.py for tasks to queue
[2025-10-16T10:36:15.025+0000] {logging_mixin.py:190} INFO - [2025-10-16T10:36:15.025+0000] {dagbag.py:588} INFO - Filling up the DagBag from /opt/airflow/dags/premier_dag.py
[2025-10-16T10:36:15.039+0000] {processor.py:925} INFO - DAG(s) 'premier_dag_test' retrieved from /opt/airflow/dags/premier_dag.py
[2025-10-16T10:36:15.061+0000] {logging_mixin.py:190} INFO - [2025-10-16T10:36:15.061+0000] {dag.py:3239} INFO - Sync 1 DAGs
[2025-10-16T10:36:15.191+0000] {logging_mixin.py:190} INFO - [2025-10-16T10:36:15.190+0000] {dag.py:4180} INFO - Setting next_dagrun for premier_dag_test to 2025-06-02 09:00:00+00:00, run_after=2025-06-02 10:00:00+00:00
[2025-10-16T10:36:15.204+0000] {processor.py:208} INFO - Processing /opt/airflow/dags/premier_dag.py took 0.186 seconds
[2025-10-16T10:36:45.438+0000] {processor.py:186} INFO - Started process (PID=3433) to work on /opt/airflow/dags/premier_dag.py
[2025-10-16T10:36:45.439+0000] {processor.py:914} INFO - Processing file /opt/airflow/dags/premier_dag.py for tasks to queue
[2025-10-16T10:36:45.441+0000] {logging_mixin.py:190} INFO - [2025-10-16T10:36:45.441+0000] {dagbag.py:588} INFO - Filling up the DagBag from /opt/airflow/dags/premier_dag.py
[2025-10-16T10:36:45.455+0000] {processor.py:925} INFO - DAG(s) 'premier_dag_test' retrieved from /opt/airflow/dags/premier_dag.py
[2025-10-16T10:36:45.475+0000] {logging_mixin.py:190} INFO - [2025-10-16T10:36:45.475+0000] {dag.py:3239} INFO - Sync 1 DAGs
[2025-10-16T10:36:45.495+0000] {logging_mixin.py:190} INFO - [2025-10-16T10:36:45.495+0000] {dag.py:4180} INFO - Setting next_dagrun for premier_dag_test to 2025-06-02 09:00:00+00:00, run_after=2025-06-02 10:00:00+00:00
[2025-10-16T10:36:45.510+0000] {processor.py:208} INFO - Processing /opt/airflow/dags/premier_dag.py took 0.076 seconds
[2025-10-16T10:37:15.782+0000] {processor.py:186} INFO - Started process (PID=3450) to work on /opt/airflow/dags/premier_dag.py
[2025-10-16T10:37:15.783+0000] {processor.py:914} INFO - Processing file /opt/airflow/dags/premier_dag.py for tasks to queue
[2025-10-16T10:37:15.785+0000] {logging_mixin.py:190} INFO - [2025-10-16T10:37:15.784+0000] {dagbag.py:588} INFO - Filling up the DagBag from /opt/airflow/dags/premier_dag.py
[2025-10-16T10:37:15.800+0000] {processor.py:925} INFO - DAG(s) 'premier_dag_test' retrieved from /opt/airflow/dags/premier_dag.py
[2025-10-16T10:37:15.820+0000] {logging_mixin.py:190} INFO - [2025-10-16T10:37:15.820+0000] {dag.py:3239} INFO - Sync 1 DAGs
[2025-10-16T10:37:15.839+0000] {logging_mixin.py:190} INFO - [2025-10-16T10:37:15.838+0000] {dag.py:4180} INFO - Setting next_dagrun for premier_dag_test to 2025-06-02 09:00:00+00:00, run_after=2025-06-02 10:00:00+00:00
[2025-10-16T10:37:15.858+0000] {processor.py:208} INFO - Processing /opt/airflow/dags/premier_dag.py took 0.081 seconds
[2025-10-16T10:37:46.111+0000] {processor.py:186} INFO - Started process (PID=3467) to work on /opt/airflow/dags/premier_dag.py
[2025-10-16T10:37:46.112+0000] {processor.py:914} INFO - Processing file /opt/airflow/dags/premier_dag.py for tasks to queue
[2025-10-16T10:37:46.114+0000] {logging_mixin.py:190} INFO - [2025-10-16T10:37:46.113+0000] {dagbag.py:588} INFO - Filling up the DagBag from /opt/airflow/dags/premier_dag.py
[2025-10-16T10:37:46.129+0000] {processor.py:925} INFO - DAG(s) 'premier_dag_test' retrieved from /opt/airflow/dags/premier_dag.py
[2025-10-16T10:37:46.149+0000] {logging_mixin.py:190} INFO - [2025-10-16T10:37:46.149+0000] {dag.py:3239} INFO - Sync 1 DAGs
[2025-10-16T10:37:46.169+0000] {logging_mixin.py:190} INFO - [2025-10-16T10:37:46.169+0000] {dag.py:4180} INFO - Setting next_dagrun for premier_dag_test to 2025-06-02 09:00:00+00:00, run_after=2025-06-02 10:00:00+00:00
[2025-10-16T10:37:46.189+0000] {processor.py:208} INFO - Processing /opt/airflow/dags/premier_dag.py took 0.083 seconds
[2025-10-16T10:38:16.433+0000] {processor.py:186} INFO - Started process (PID=3490) to work on /opt/airflow/dags/premier_dag.py
[2025-10-16T10:38:16.433+0000] {processor.py:914} INFO - Processing file /opt/airflow/dags/premier_dag.py for tasks to queue
[2025-10-16T10:38:16.436+0000] {logging_mixin.py:190} INFO - [2025-10-16T10:38:16.435+0000] {dagbag.py:588} INFO - Filling up the DagBag from /opt/airflow/dags/premier_dag.py
[2025-10-16T10:38:16.450+0000] {processor.py:925} INFO - DAG(s) 'premier_dag_test' retrieved from /opt/airflow/dags/premier_dag.py
[2025-10-16T10:38:16.473+0000] {logging_mixin.py:190} INFO - [2025-10-16T10:38:16.473+0000] {dag.py:3239} INFO - Sync 1 DAGs
[2025-10-16T10:38:16.494+0000] {logging_mixin.py:190} INFO - [2025-10-16T10:38:16.493+0000] {dag.py:4180} INFO - Setting next_dagrun for premier_dag_test to 2025-06-02 09:00:00+00:00, run_after=2025-06-02 10:00:00+00:00
[2025-10-16T10:38:16.510+0000] {processor.py:208} INFO - Processing /opt/airflow/dags/premier_dag.py took 0.082 seconds
[2025-10-16T10:38:46.760+0000] {processor.py:186} INFO - Started process (PID=3508) to work on /opt/airflow/dags/premier_dag.py
[2025-10-16T10:38:46.761+0000] {processor.py:914} INFO - Processing file /opt/airflow/dags/premier_dag.py for tasks to queue
[2025-10-16T10:38:46.763+0000] {logging_mixin.py:190} INFO - [2025-10-16T10:38:46.762+0000] {dagbag.py:588} INFO - Filling up the DagBag from /opt/airflow/dags/premier_dag.py
[2025-10-16T10:38:46.776+0000] {processor.py:925} INFO - DAG(s) 'premier_dag_test' retrieved from /opt/airflow/dags/premier_dag.py
[2025-10-16T10:38:46.796+0000] {logging_mixin.py:190} INFO - [2025-10-16T10:38:46.796+0000] {dag.py:3239} INFO - Sync 1 DAGs
[2025-10-16T10:38:46.935+0000] {logging_mixin.py:190} INFO - [2025-10-16T10:38:46.934+0000] {dag.py:4180} INFO - Setting next_dagrun for premier_dag_test to 2025-06-02 09:00:00+00:00, run_after=2025-06-02 10:00:00+00:00
[2025-10-16T10:38:46.954+0000] {processor.py:208} INFO - Processing /opt/airflow/dags/premier_dag.py took 0.199 seconds
[2025-10-16T10:39:17.222+0000] {processor.py:186} INFO - Started process (PID=3525) to work on /opt/airflow/dags/premier_dag.py
[2025-10-16T10:39:17.223+0000] {processor.py:914} INFO - Processing file /opt/airflow/dags/premier_dag.py for tasks to queue
[2025-10-16T10:39:17.225+0000] {logging_mixin.py:190} INFO - [2025-10-16T10:39:17.225+0000] {dagbag.py:588} INFO - Filling up the DagBag from /opt/airflow/dags/premier_dag.py
[2025-10-16T10:39:17.240+0000] {processor.py:925} INFO - DAG(s) 'premier_dag_test' retrieved from /opt/airflow/dags/premier_dag.py
[2025-10-16T10:39:17.262+0000] {logging_mixin.py:190} INFO - [2025-10-16T10:39:17.261+0000] {dag.py:3239} INFO - Sync 1 DAGs
[2025-10-16T10:39:17.395+0000] {logging_mixin.py:190} INFO - [2025-10-16T10:39:17.395+0000] {dag.py:4180} INFO - Setting next_dagrun for premier_dag_test to 2025-06-02 09:00:00+00:00, run_after=2025-06-02 10:00:00+00:00
[2025-10-16T10:39:17.411+0000] {processor.py:208} INFO - Processing /opt/airflow/dags/premier_dag.py took 0.194 seconds
[2025-10-16T10:39:47.667+0000] {processor.py:186} INFO - Started process (PID=3542) to work on /opt/airflow/dags/premier_dag.py
[2025-10-16T10:39:47.667+0000] {processor.py:914} INFO - Processing file /opt/airflow/dags/premier_dag.py for tasks to queue
[2025-10-16T10:39:47.669+0000] {logging_mixin.py:190} INFO - [2025-10-16T10:39:47.669+0000] {dagbag.py:588} INFO - Filling up the DagBag from /opt/airflow/dags/premier_dag.py
[2025-10-16T10:39:47.683+0000] {processor.py:925} INFO - DAG(s) 'premier_dag_test' retrieved from /opt/airflow/dags/premier_dag.py
[2025-10-16T10:39:47.705+0000] {logging_mixin.py:190} INFO - [2025-10-16T10:39:47.704+0000] {dag.py:3239} INFO - Sync 1 DAGs
[2025-10-16T10:39:47.723+0000] {logging_mixin.py:190} INFO - [2025-10-16T10:39:47.723+0000] {dag.py:4180} INFO - Setting next_dagrun for premier_dag_test to 2025-06-02 09:00:00+00:00, run_after=2025-06-02 10:00:00+00:00
[2025-10-16T10:39:47.739+0000] {processor.py:208} INFO - Processing /opt/airflow/dags/premier_dag.py took 0.078 seconds
[2025-10-16T10:40:18.011+0000] {processor.py:186} INFO - Started process (PID=3559) to work on /opt/airflow/dags/premier_dag.py
[2025-10-16T10:40:18.012+0000] {processor.py:914} INFO - Processing file /opt/airflow/dags/premier_dag.py for tasks to queue
[2025-10-16T10:40:18.014+0000] {logging_mixin.py:190} INFO - [2025-10-16T10:40:18.014+0000] {dagbag.py:588} INFO - Filling up the DagBag from /opt/airflow/dags/premier_dag.py
[2025-10-16T10:40:18.028+0000] {processor.py:925} INFO - DAG(s) 'premier_dag_test' retrieved from /opt/airflow/dags/premier_dag.py
[2025-10-16T10:40:18.049+0000] {logging_mixin.py:190} INFO - [2025-10-16T10:40:18.048+0000] {dag.py:3239} INFO - Sync 1 DAGs
[2025-10-16T10:40:18.068+0000] {logging_mixin.py:190} INFO - [2025-10-16T10:40:18.068+0000] {dag.py:4180} INFO - Setting next_dagrun for premier_dag_test to 2025-06-02 09:00:00+00:00, run_after=2025-06-02 10:00:00+00:00
[2025-10-16T10:40:18.087+0000] {processor.py:208} INFO - Processing /opt/airflow/dags/premier_dag.py took 0.080 seconds
[2025-10-16T10:40:48.324+0000] {processor.py:186} INFO - Started process (PID=3576) to work on /opt/airflow/dags/premier_dag.py
[2025-10-16T10:40:48.325+0000] {processor.py:914} INFO - Processing file /opt/airflow/dags/premier_dag.py for tasks to queue
[2025-10-16T10:40:48.327+0000] {logging_mixin.py:190} INFO - [2025-10-16T10:40:48.326+0000] {dagbag.py:588} INFO - Filling up the DagBag from /opt/airflow/dags/premier_dag.py
[2025-10-16T10:40:48.341+0000] {processor.py:925} INFO - DAG(s) 'premier_dag_test' retrieved from /opt/airflow/dags/premier_dag.py
[2025-10-16T10:40:48.363+0000] {logging_mixin.py:190} INFO - [2025-10-16T10:40:48.363+0000] {dag.py:3239} INFO - Sync 1 DAGs
[2025-10-16T10:40:48.385+0000] {logging_mixin.py:190} INFO - [2025-10-16T10:40:48.385+0000] {dag.py:4180} INFO - Setting next_dagrun for premier_dag_test to 2025-06-02 09:00:00+00:00, run_after=2025-06-02 10:00:00+00:00
[2025-10-16T10:40:48.399+0000] {processor.py:208} INFO - Processing /opt/airflow/dags/premier_dag.py took 0.080 seconds
[2025-10-16T10:41:18.656+0000] {processor.py:186} INFO - Started process (PID=3593) to work on /opt/airflow/dags/premier_dag.py
[2025-10-16T10:41:18.656+0000] {processor.py:914} INFO - Processing file /opt/airflow/dags/premier_dag.py for tasks to queue
[2025-10-16T10:41:18.658+0000] {logging_mixin.py:190} INFO - [2025-10-16T10:41:18.658+0000] {dagbag.py:588} INFO - Filling up the DagBag from /opt/airflow/dags/premier_dag.py
[2025-10-16T10:41:18.673+0000] {processor.py:925} INFO - DAG(s) 'premier_dag_test' retrieved from /opt/airflow/dags/premier_dag.py
[2025-10-16T10:41:18.693+0000] {logging_mixin.py:190} INFO - [2025-10-16T10:41:18.693+0000] {dag.py:3239} INFO - Sync 1 DAGs
[2025-10-16T10:41:18.713+0000] {logging_mixin.py:190} INFO - [2025-10-16T10:41:18.712+0000] {dag.py:4180} INFO - Setting next_dagrun for premier_dag_test to 2025-06-02 09:00:00+00:00, run_after=2025-06-02 10:00:00+00:00
[2025-10-16T10:41:18.734+0000] {processor.py:208} INFO - Processing /opt/airflow/dags/premier_dag.py took 0.083 seconds
[2025-10-16T10:41:48.972+0000] {processor.py:186} INFO - Started process (PID=3610) to work on /opt/airflow/dags/premier_dag.py
[2025-10-16T10:41:48.973+0000] {processor.py:914} INFO - Processing file /opt/airflow/dags/premier_dag.py for tasks to queue
[2025-10-16T10:41:48.975+0000] {logging_mixin.py:190} INFO - [2025-10-16T10:41:48.974+0000] {dagbag.py:588} INFO - Filling up the DagBag from /opt/airflow/dags/premier_dag.py
[2025-10-16T10:41:48.989+0000] {processor.py:925} INFO - DAG(s) 'premier_dag_test' retrieved from /opt/airflow/dags/premier_dag.py
[2025-10-16T10:41:49.009+0000] {logging_mixin.py:190} INFO - [2025-10-16T10:41:49.009+0000] {dag.py:3239} INFO - Sync 1 DAGs
[2025-10-16T10:41:49.030+0000] {logging_mixin.py:190} INFO - [2025-10-16T10:41:49.030+0000] {dag.py:4180} INFO - Setting next_dagrun for premier_dag_test to 2025-06-02 09:00:00+00:00, run_after=2025-06-02 10:00:00+00:00
[2025-10-16T10:41:49.163+0000] {processor.py:208} INFO - Processing /opt/airflow/dags/premier_dag.py took 0.196 seconds
[2025-10-16T10:42:19.395+0000] {processor.py:186} INFO - Started process (PID=3627) to work on /opt/airflow/dags/premier_dag.py
[2025-10-16T10:42:19.395+0000] {processor.py:914} INFO - Processing file /opt/airflow/dags/premier_dag.py for tasks to queue
[2025-10-16T10:42:19.398+0000] {logging_mixin.py:190} INFO - [2025-10-16T10:42:19.397+0000] {dagbag.py:588} INFO - Filling up the DagBag from /opt/airflow/dags/premier_dag.py
[2025-10-16T10:42:19.412+0000] {processor.py:925} INFO - DAG(s) 'premier_dag_test' retrieved from /opt/airflow/dags/premier_dag.py
[2025-10-16T10:42:19.432+0000] {logging_mixin.py:190} INFO - [2025-10-16T10:42:19.432+0000] {dag.py:3239} INFO - Sync 1 DAGs
[2025-10-16T10:42:19.561+0000] {logging_mixin.py:190} INFO - [2025-10-16T10:42:19.561+0000] {dag.py:4180} INFO - Setting next_dagrun for premier_dag_test to 2025-06-02 09:00:00+00:00, run_after=2025-06-02 10:00:00+00:00
[2025-10-16T10:42:19.582+0000] {processor.py:208} INFO - Processing /opt/airflow/dags/premier_dag.py took 0.192 seconds
[2025-10-16T10:42:49.828+0000] {processor.py:186} INFO - Started process (PID=3644) to work on /opt/airflow/dags/premier_dag.py
[2025-10-16T10:42:49.829+0000] {processor.py:914} INFO - Processing file /opt/airflow/dags/premier_dag.py for tasks to queue
[2025-10-16T10:42:49.832+0000] {logging_mixin.py:190} INFO - [2025-10-16T10:42:49.831+0000] {dagbag.py:588} INFO - Filling up the DagBag from /opt/airflow/dags/premier_dag.py
[2025-10-16T10:42:49.848+0000] {processor.py:925} INFO - DAG(s) 'premier_dag_test' retrieved from /opt/airflow/dags/premier_dag.py
[2025-10-16T10:42:49.869+0000] {logging_mixin.py:190} INFO - [2025-10-16T10:42:49.869+0000] {dag.py:3239} INFO - Sync 1 DAGs
[2025-10-16T10:42:49.889+0000] {logging_mixin.py:190} INFO - [2025-10-16T10:42:49.888+0000] {dag.py:4180} INFO - Setting next_dagrun for premier_dag_test to 2025-06-02 09:00:00+00:00, run_after=2025-06-02 10:00:00+00:00
[2025-10-16T10:42:49.904+0000] {processor.py:208} INFO - Processing /opt/airflow/dags/premier_dag.py took 0.082 seconds
[2025-10-16T10:43:20.124+0000] {processor.py:186} INFO - Started process (PID=3661) to work on /opt/airflow/dags/premier_dag.py
[2025-10-16T10:43:20.125+0000] {processor.py:914} INFO - Processing file /opt/airflow/dags/premier_dag.py for tasks to queue
[2025-10-16T10:43:20.127+0000] {logging_mixin.py:190} INFO - [2025-10-16T10:43:20.127+0000] {dagbag.py:588} INFO - Filling up the DagBag from /opt/airflow/dags/premier_dag.py
[2025-10-16T10:43:20.141+0000] {processor.py:925} INFO - DAG(s) 'premier_dag_test' retrieved from /opt/airflow/dags/premier_dag.py
[2025-10-16T10:43:20.160+0000] {logging_mixin.py:190} INFO - [2025-10-16T10:43:20.160+0000] {dag.py:3239} INFO - Sync 1 DAGs
[2025-10-16T10:43:20.179+0000] {logging_mixin.py:190} INFO - [2025-10-16T10:43:20.179+0000] {dag.py:4180} INFO - Setting next_dagrun for premier_dag_test to 2025-06-02 09:00:00+00:00, run_after=2025-06-02 10:00:00+00:00
[2025-10-16T10:43:20.194+0000] {processor.py:208} INFO - Processing /opt/airflow/dags/premier_dag.py took 0.075 seconds
[2025-10-16T10:43:50.399+0000] {processor.py:186} INFO - Started process (PID=3678) to work on /opt/airflow/dags/premier_dag.py
[2025-10-16T10:43:50.400+0000] {processor.py:914} INFO - Processing file /opt/airflow/dags/premier_dag.py for tasks to queue
[2025-10-16T10:43:50.403+0000] {logging_mixin.py:190} INFO - [2025-10-16T10:43:50.402+0000] {dagbag.py:588} INFO - Filling up the DagBag from /opt/airflow/dags/premier_dag.py
[2025-10-16T10:43:50.416+0000] {processor.py:925} INFO - DAG(s) 'premier_dag_test' retrieved from /opt/airflow/dags/premier_dag.py
[2025-10-16T10:43:50.436+0000] {logging_mixin.py:190} INFO - [2025-10-16T10:43:50.436+0000] {dag.py:3239} INFO - Sync 1 DAGs
[2025-10-16T10:43:50.455+0000] {logging_mixin.py:190} INFO - [2025-10-16T10:43:50.455+0000] {dag.py:4180} INFO - Setting next_dagrun for premier_dag_test to 2025-06-02 09:00:00+00:00, run_after=2025-06-02 10:00:00+00:00
[2025-10-16T10:43:50.472+0000] {processor.py:208} INFO - Processing /opt/airflow/dags/premier_dag.py took 0.077 seconds
[2025-10-16T10:44:20.703+0000] {processor.py:186} INFO - Started process (PID=3695) to work on /opt/airflow/dags/premier_dag.py
[2025-10-16T10:44:20.704+0000] {processor.py:914} INFO - Processing file /opt/airflow/dags/premier_dag.py for tasks to queue
[2025-10-16T10:44:20.707+0000] {logging_mixin.py:190} INFO - [2025-10-16T10:44:20.706+0000] {dagbag.py:588} INFO - Filling up the DagBag from /opt/airflow/dags/premier_dag.py
[2025-10-16T10:44:20.722+0000] {processor.py:925} INFO - DAG(s) 'premier_dag_test' retrieved from /opt/airflow/dags/premier_dag.py
[2025-10-16T10:44:20.743+0000] {logging_mixin.py:190} INFO - [2025-10-16T10:44:20.742+0000] {dag.py:3239} INFO - Sync 1 DAGs
[2025-10-16T10:44:20.762+0000] {logging_mixin.py:190} INFO - [2025-10-16T10:44:20.762+0000] {dag.py:4180} INFO - Setting next_dagrun for premier_dag_test to 2025-06-02 09:00:00+00:00, run_after=2025-06-02 10:00:00+00:00
[2025-10-16T10:44:20.783+0000] {processor.py:208} INFO - Processing /opt/airflow/dags/premier_dag.py took 0.084 seconds
[2025-10-16T10:44:51.005+0000] {processor.py:186} INFO - Started process (PID=3712) to work on /opt/airflow/dags/premier_dag.py
[2025-10-16T10:44:51.006+0000] {processor.py:914} INFO - Processing file /opt/airflow/dags/premier_dag.py for tasks to queue
[2025-10-16T10:44:51.009+0000] {logging_mixin.py:190} INFO - [2025-10-16T10:44:51.009+0000] {dagbag.py:588} INFO - Filling up the DagBag from /opt/airflow/dags/premier_dag.py
[2025-10-16T10:44:51.026+0000] {processor.py:925} INFO - DAG(s) 'premier_dag_test' retrieved from /opt/airflow/dags/premier_dag.py
[2025-10-16T10:44:51.049+0000] {logging_mixin.py:190} INFO - [2025-10-16T10:44:51.049+0000] {dag.py:3239} INFO - Sync 1 DAGs
[2025-10-16T10:44:51.200+0000] {logging_mixin.py:190} INFO - [2025-10-16T10:44:51.200+0000] {dag.py:4180} INFO - Setting next_dagrun for premier_dag_test to 2025-06-02 09:00:00+00:00, run_after=2025-06-02 10:00:00+00:00
[2025-10-16T10:44:51.218+0000] {processor.py:208} INFO - Processing /opt/airflow/dags/premier_dag.py took 0.218 seconds
[2025-10-16T10:45:21.514+0000] {processor.py:186} INFO - Started process (PID=3730) to work on /opt/airflow/dags/premier_dag.py
[2025-10-16T10:45:21.515+0000] {processor.py:914} INFO - Processing file /opt/airflow/dags/premier_dag.py for tasks to queue
[2025-10-16T10:45:21.518+0000] {logging_mixin.py:190} INFO - [2025-10-16T10:45:21.517+0000] {dagbag.py:588} INFO - Filling up the DagBag from /opt/airflow/dags/premier_dag.py
[2025-10-16T10:45:21.534+0000] {processor.py:925} INFO - DAG(s) 'premier_dag_test' retrieved from /opt/airflow/dags/premier_dag.py
[2025-10-16T10:45:21.557+0000] {logging_mixin.py:190} INFO - [2025-10-16T10:45:21.556+0000] {dag.py:3239} INFO - Sync 1 DAGs
[2025-10-16T10:45:21.699+0000] {logging_mixin.py:190} INFO - [2025-10-16T10:45:21.699+0000] {dag.py:4180} INFO - Setting next_dagrun for premier_dag_test to 2025-06-02 09:00:00+00:00, run_after=2025-06-02 10:00:00+00:00
[2025-10-16T10:45:21.716+0000] {processor.py:208} INFO - Processing /opt/airflow/dags/premier_dag.py took 0.206 seconds
[2025-10-16T10:45:51.909+0000] {processor.py:186} INFO - Started process (PID=3747) to work on /opt/airflow/dags/premier_dag.py
[2025-10-16T10:45:51.910+0000] {processor.py:914} INFO - Processing file /opt/airflow/dags/premier_dag.py for tasks to queue
[2025-10-16T10:45:51.912+0000] {logging_mixin.py:190} INFO - [2025-10-16T10:45:51.912+0000] {dagbag.py:588} INFO - Filling up the DagBag from /opt/airflow/dags/premier_dag.py
[2025-10-16T10:45:51.926+0000] {processor.py:925} INFO - DAG(s) 'premier_dag_test' retrieved from /opt/airflow/dags/premier_dag.py
[2025-10-16T10:45:51.945+0000] {logging_mixin.py:190} INFO - [2025-10-16T10:45:51.945+0000] {dag.py:3239} INFO - Sync 1 DAGs
[2025-10-16T10:45:51.964+0000] {logging_mixin.py:190} INFO - [2025-10-16T10:45:51.964+0000] {dag.py:4180} INFO - Setting next_dagrun for premier_dag_test to 2025-06-02 09:00:00+00:00, run_after=2025-06-02 10:00:00+00:00
[2025-10-16T10:45:51.980+0000] {processor.py:208} INFO - Processing /opt/airflow/dags/premier_dag.py took 0.076 seconds
[2025-10-16T10:46:22.206+0000] {processor.py:186} INFO - Started process (PID=3764) to work on /opt/airflow/dags/premier_dag.py
[2025-10-16T10:46:22.207+0000] {processor.py:914} INFO - Processing file /opt/airflow/dags/premier_dag.py for tasks to queue
[2025-10-16T10:46:22.209+0000] {logging_mixin.py:190} INFO - [2025-10-16T10:46:22.209+0000] {dagbag.py:588} INFO - Filling up the DagBag from /opt/airflow/dags/premier_dag.py
[2025-10-16T10:46:22.224+0000] {processor.py:925} INFO - DAG(s) 'premier_dag_test' retrieved from /opt/airflow/dags/premier_dag.py
[2025-10-16T10:46:22.245+0000] {logging_mixin.py:190} INFO - [2025-10-16T10:46:22.245+0000] {dag.py:3239} INFO - Sync 1 DAGs
[2025-10-16T10:46:22.267+0000] {logging_mixin.py:190} INFO - [2025-10-16T10:46:22.267+0000] {dag.py:4180} INFO - Setting next_dagrun for premier_dag_test to 2025-06-02 09:00:00+00:00, run_after=2025-06-02 10:00:00+00:00
[2025-10-16T10:46:22.283+0000] {processor.py:208} INFO - Processing /opt/airflow/dags/premier_dag.py took 0.082 seconds
[2025-10-16T10:46:52.524+0000] {processor.py:186} INFO - Started process (PID=3781) to work on /opt/airflow/dags/premier_dag.py
[2025-10-16T10:46:52.525+0000] {processor.py:914} INFO - Processing file /opt/airflow/dags/premier_dag.py for tasks to queue
[2025-10-16T10:46:52.528+0000] {logging_mixin.py:190} INFO - [2025-10-16T10:46:52.527+0000] {dagbag.py:588} INFO - Filling up the DagBag from /opt/airflow/dags/premier_dag.py
[2025-10-16T10:46:52.543+0000] {processor.py:925} INFO - DAG(s) 'premier_dag_test' retrieved from /opt/airflow/dags/premier_dag.py
[2025-10-16T10:46:52.565+0000] {logging_mixin.py:190} INFO - [2025-10-16T10:46:52.565+0000] {dag.py:3239} INFO - Sync 1 DAGs
[2025-10-16T10:46:52.585+0000] {logging_mixin.py:190} INFO - [2025-10-16T10:46:52.585+0000] {dag.py:4180} INFO - Setting next_dagrun for premier_dag_test to 2025-06-02 09:00:00+00:00, run_after=2025-06-02 10:00:00+00:00
[2025-10-16T10:46:52.600+0000] {processor.py:208} INFO - Processing /opt/airflow/dags/premier_dag.py took 0.081 seconds
[2025-10-16T10:47:22.832+0000] {processor.py:186} INFO - Started process (PID=3798) to work on /opt/airflow/dags/premier_dag.py
[2025-10-16T10:47:22.833+0000] {processor.py:914} INFO - Processing file /opt/airflow/dags/premier_dag.py for tasks to queue
[2025-10-16T10:47:22.835+0000] {logging_mixin.py:190} INFO - [2025-10-16T10:47:22.835+0000] {dagbag.py:588} INFO - Filling up the DagBag from /opt/airflow/dags/premier_dag.py
[2025-10-16T10:47:22.851+0000] {processor.py:925} INFO - DAG(s) 'premier_dag_test' retrieved from /opt/airflow/dags/premier_dag.py
[2025-10-16T10:47:22.871+0000] {logging_mixin.py:190} INFO - [2025-10-16T10:47:22.871+0000] {dag.py:3239} INFO - Sync 1 DAGs
[2025-10-16T10:47:22.891+0000] {logging_mixin.py:190} INFO - [2025-10-16T10:47:22.891+0000] {dag.py:4180} INFO - Setting next_dagrun for premier_dag_test to 2025-06-02 09:00:00+00:00, run_after=2025-06-02 10:00:00+00:00
[2025-10-16T10:47:22.907+0000] {processor.py:208} INFO - Processing /opt/airflow/dags/premier_dag.py took 0.081 seconds
[2025-10-16T10:47:53.189+0000] {processor.py:186} INFO - Started process (PID=3815) to work on /opt/airflow/dags/premier_dag.py
[2025-10-16T10:47:53.189+0000] {processor.py:914} INFO - Processing file /opt/airflow/dags/premier_dag.py for tasks to queue
[2025-10-16T10:47:53.191+0000] {logging_mixin.py:190} INFO - [2025-10-16T10:47:53.191+0000] {dagbag.py:588} INFO - Filling up the DagBag from /opt/airflow/dags/premier_dag.py
[2025-10-16T10:47:53.205+0000] {processor.py:925} INFO - DAG(s) 'premier_dag_test' retrieved from /opt/airflow/dags/premier_dag.py
[2025-10-16T10:47:53.226+0000] {logging_mixin.py:190} INFO - [2025-10-16T10:47:53.225+0000] {dag.py:3239} INFO - Sync 1 DAGs
[2025-10-16T10:47:53.354+0000] {logging_mixin.py:190} INFO - [2025-10-16T10:47:53.353+0000] {dag.py:4180} INFO - Setting next_dagrun for premier_dag_test to 2025-06-02 09:00:00+00:00, run_after=2025-06-02 10:00:00+00:00
[2025-10-16T10:47:53.372+0000] {processor.py:208} INFO - Processing /opt/airflow/dags/premier_dag.py took 0.189 seconds
[2025-10-16T10:48:23.643+0000] {processor.py:186} INFO - Started process (PID=3832) to work on /opt/airflow/dags/premier_dag.py
[2025-10-16T10:48:23.644+0000] {processor.py:914} INFO - Processing file /opt/airflow/dags/premier_dag.py for tasks to queue
[2025-10-16T10:48:23.646+0000] {logging_mixin.py:190} INFO - [2025-10-16T10:48:23.646+0000] {dagbag.py:588} INFO - Filling up the DagBag from /opt/airflow/dags/premier_dag.py
[2025-10-16T10:48:23.667+0000] {processor.py:925} INFO - DAG(s) 'premier_dag_test' retrieved from /opt/airflow/dags/premier_dag.py
[2025-10-16T10:48:23.694+0000] {logging_mixin.py:190} INFO - [2025-10-16T10:48:23.694+0000] {dag.py:3239} INFO - Sync 1 DAGs
[2025-10-16T10:48:23.827+0000] {logging_mixin.py:190} INFO - [2025-10-16T10:48:23.827+0000] {dag.py:4180} INFO - Setting next_dagrun for premier_dag_test to 2025-06-02 09:00:00+00:00, run_after=2025-06-02 10:00:00+00:00
[2025-10-16T10:48:23.840+0000] {processor.py:208} INFO - Processing /opt/airflow/dags/premier_dag.py took 0.206 seconds
[2025-10-16T10:48:54.072+0000] {processor.py:186} INFO - Started process (PID=3849) to work on /opt/airflow/dags/premier_dag.py
[2025-10-16T10:48:54.073+0000] {processor.py:914} INFO - Processing file /opt/airflow/dags/premier_dag.py for tasks to queue
[2025-10-16T10:48:54.075+0000] {logging_mixin.py:190} INFO - [2025-10-16T10:48:54.075+0000] {dagbag.py:588} INFO - Filling up the DagBag from /opt/airflow/dags/premier_dag.py
[2025-10-16T10:48:54.089+0000] {processor.py:925} INFO - DAG(s) 'premier_dag_test' retrieved from /opt/airflow/dags/premier_dag.py
[2025-10-16T10:48:54.222+0000] {logging_mixin.py:190} INFO - [2025-10-16T10:48:54.222+0000] {dag.py:3239} INFO - Sync 1 DAGs
[2025-10-16T10:48:54.239+0000] {logging_mixin.py:190} INFO - [2025-10-16T10:48:54.238+0000] {dag.py:4180} INFO - Setting next_dagrun for premier_dag_test to 2025-06-02 09:00:00+00:00, run_after=2025-06-02 10:00:00+00:00
[2025-10-16T10:48:54.254+0000] {processor.py:208} INFO - Processing /opt/airflow/dags/premier_dag.py took 0.187 seconds
[2025-10-16T10:49:24.513+0000] {processor.py:186} INFO - Started process (PID=3866) to work on /opt/airflow/dags/premier_dag.py
[2025-10-16T10:49:24.513+0000] {processor.py:914} INFO - Processing file /opt/airflow/dags/premier_dag.py for tasks to queue
[2025-10-16T10:49:24.516+0000] {logging_mixin.py:190} INFO - [2025-10-16T10:49:24.516+0000] {dagbag.py:588} INFO - Filling up the DagBag from /opt/airflow/dags/premier_dag.py
[2025-10-16T10:49:24.530+0000] {processor.py:925} INFO - DAG(s) 'premier_dag_test' retrieved from /opt/airflow/dags/premier_dag.py
[2025-10-16T10:49:24.553+0000] {logging_mixin.py:190} INFO - [2025-10-16T10:49:24.552+0000] {dag.py:3239} INFO - Sync 1 DAGs
[2025-10-16T10:49:24.574+0000] {logging_mixin.py:190} INFO - [2025-10-16T10:49:24.574+0000] {dag.py:4180} INFO - Setting next_dagrun for premier_dag_test to 2025-06-02 09:00:00+00:00, run_after=2025-06-02 10:00:00+00:00
[2025-10-16T10:49:24.592+0000] {processor.py:208} INFO - Processing /opt/airflow/dags/premier_dag.py took 0.085 seconds
[2025-10-16T10:49:54.827+0000] {processor.py:186} INFO - Started process (PID=3883) to work on /opt/airflow/dags/premier_dag.py
[2025-10-16T10:49:54.828+0000] {processor.py:914} INFO - Processing file /opt/airflow/dags/premier_dag.py for tasks to queue
[2025-10-16T10:49:54.830+0000] {logging_mixin.py:190} INFO - [2025-10-16T10:49:54.830+0000] {dagbag.py:588} INFO - Filling up the DagBag from /opt/airflow/dags/premier_dag.py
[2025-10-16T10:49:54.844+0000] {processor.py:925} INFO - DAG(s) 'premier_dag_test' retrieved from /opt/airflow/dags/premier_dag.py
[2025-10-16T10:49:54.864+0000] {logging_mixin.py:190} INFO - [2025-10-16T10:49:54.864+0000] {dag.py:3239} INFO - Sync 1 DAGs
[2025-10-16T10:49:54.883+0000] {logging_mixin.py:190} INFO - [2025-10-16T10:49:54.883+0000] {dag.py:4180} INFO - Setting next_dagrun for premier_dag_test to 2025-06-02 09:00:00+00:00, run_after=2025-06-02 10:00:00+00:00
[2025-10-16T10:49:54.905+0000] {processor.py:208} INFO - Processing /opt/airflow/dags/premier_dag.py took 0.083 seconds
[2025-10-16T10:50:25.145+0000] {processor.py:186} INFO - Started process (PID=3900) to work on /opt/airflow/dags/premier_dag.py
[2025-10-16T10:50:25.146+0000] {processor.py:914} INFO - Processing file /opt/airflow/dags/premier_dag.py for tasks to queue
[2025-10-16T10:50:25.148+0000] {logging_mixin.py:190} INFO - [2025-10-16T10:50:25.148+0000] {dagbag.py:588} INFO - Filling up the DagBag from /opt/airflow/dags/premier_dag.py
[2025-10-16T10:50:25.161+0000] {processor.py:925} INFO - DAG(s) 'premier_dag_test' retrieved from /opt/airflow/dags/premier_dag.py
[2025-10-16T10:50:25.183+0000] {logging_mixin.py:190} INFO - [2025-10-16T10:50:25.183+0000] {dag.py:3239} INFO - Sync 1 DAGs
[2025-10-16T10:50:25.203+0000] {logging_mixin.py:190} INFO - [2025-10-16T10:50:25.203+0000] {dag.py:4180} INFO - Setting next_dagrun for premier_dag_test to 2025-06-02 09:00:00+00:00, run_after=2025-06-02 10:00:00+00:00
[2025-10-16T10:50:25.223+0000] {processor.py:208} INFO - Processing /opt/airflow/dags/premier_dag.py took 0.083 seconds
[2025-10-16T10:50:55.461+0000] {processor.py:186} INFO - Started process (PID=3917) to work on /opt/airflow/dags/premier_dag.py
[2025-10-16T10:50:55.462+0000] {processor.py:914} INFO - Processing file /opt/airflow/dags/premier_dag.py for tasks to queue
[2025-10-16T10:50:55.464+0000] {logging_mixin.py:190} INFO - [2025-10-16T10:50:55.464+0000] {dagbag.py:588} INFO - Filling up the DagBag from /opt/airflow/dags/premier_dag.py
[2025-10-16T10:50:55.480+0000] {processor.py:925} INFO - DAG(s) 'premier_dag_test' retrieved from /opt/airflow/dags/premier_dag.py
[2025-10-16T10:50:55.501+0000] {logging_mixin.py:190} INFO - [2025-10-16T10:50:55.501+0000] {dag.py:3239} INFO - Sync 1 DAGs
[2025-10-16T10:50:55.637+0000] {logging_mixin.py:190} INFO - [2025-10-16T10:50:55.637+0000] {dag.py:4180} INFO - Setting next_dagrun for premier_dag_test to 2025-06-02 09:00:00+00:00, run_after=2025-06-02 10:00:00+00:00
[2025-10-16T10:50:55.652+0000] {processor.py:208} INFO - Processing /opt/airflow/dags/premier_dag.py took 0.196 seconds
[2025-10-16T10:51:25.907+0000] {processor.py:186} INFO - Started process (PID=3934) to work on /opt/airflow/dags/premier_dag.py
[2025-10-16T10:51:25.908+0000] {processor.py:914} INFO - Processing file /opt/airflow/dags/premier_dag.py for tasks to queue
[2025-10-16T10:51:25.910+0000] {logging_mixin.py:190} INFO - [2025-10-16T10:51:25.909+0000] {dagbag.py:588} INFO - Filling up the DagBag from /opt/airflow/dags/premier_dag.py
[2025-10-16T10:51:25.924+0000] {processor.py:925} INFO - DAG(s) 'premier_dag_test' retrieved from /opt/airflow/dags/premier_dag.py
[2025-10-16T10:51:25.944+0000] {logging_mixin.py:190} INFO - [2025-10-16T10:51:25.944+0000] {dag.py:3239} INFO - Sync 1 DAGs
[2025-10-16T10:51:26.077+0000] {logging_mixin.py:190} INFO - [2025-10-16T10:51:26.076+0000] {dag.py:4180} INFO - Setting next_dagrun for premier_dag_test to 2025-06-02 09:00:00+00:00, run_after=2025-06-02 10:00:00+00:00
[2025-10-16T10:51:26.096+0000] {processor.py:208} INFO - Processing /opt/airflow/dags/premier_dag.py took 0.194 seconds
[2025-10-16T10:51:56.344+0000] {processor.py:186} INFO - Started process (PID=3951) to work on /opt/airflow/dags/premier_dag.py
[2025-10-16T10:51:56.344+0000] {processor.py:914} INFO - Processing file /opt/airflow/dags/premier_dag.py for tasks to queue
[2025-10-16T10:51:56.346+0000] {logging_mixin.py:190} INFO - [2025-10-16T10:51:56.346+0000] {dagbag.py:588} INFO - Filling up the DagBag from /opt/airflow/dags/premier_dag.py
[2025-10-16T10:51:56.361+0000] {processor.py:925} INFO - DAG(s) 'premier_dag_test' retrieved from /opt/airflow/dags/premier_dag.py
[2025-10-16T10:51:56.493+0000] {logging_mixin.py:190} INFO - [2025-10-16T10:51:56.493+0000] {dag.py:3239} INFO - Sync 1 DAGs
[2025-10-16T10:51:56.510+0000] {logging_mixin.py:190} INFO - [2025-10-16T10:51:56.510+0000] {dag.py:4180} INFO - Setting next_dagrun for premier_dag_test to 2025-06-02 09:00:00+00:00, run_after=2025-06-02 10:00:00+00:00
[2025-10-16T10:51:56.530+0000] {processor.py:208} INFO - Processing /opt/airflow/dags/premier_dag.py took 0.192 seconds
[2025-10-16T10:52:26.791+0000] {processor.py:186} INFO - Started process (PID=3968) to work on /opt/airflow/dags/premier_dag.py
[2025-10-16T10:52:26.792+0000] {processor.py:914} INFO - Processing file /opt/airflow/dags/premier_dag.py for tasks to queue
[2025-10-16T10:52:26.794+0000] {logging_mixin.py:190} INFO - [2025-10-16T10:52:26.794+0000] {dagbag.py:588} INFO - Filling up the DagBag from /opt/airflow/dags/premier_dag.py
[2025-10-16T10:52:26.811+0000] {processor.py:925} INFO - DAG(s) 'premier_dag_test' retrieved from /opt/airflow/dags/premier_dag.py
[2025-10-16T10:52:26.832+0000] {logging_mixin.py:190} INFO - [2025-10-16T10:52:26.832+0000] {dag.py:3239} INFO - Sync 1 DAGs
[2025-10-16T10:52:26.851+0000] {logging_mixin.py:190} INFO - [2025-10-16T10:52:26.850+0000] {dag.py:4180} INFO - Setting next_dagrun for premier_dag_test to 2025-06-02 09:00:00+00:00, run_after=2025-06-02 10:00:00+00:00
[2025-10-16T10:52:26.870+0000] {processor.py:208} INFO - Processing /opt/airflow/dags/premier_dag.py took 0.084 seconds
[2025-10-16T10:52:57.088+0000] {processor.py:186} INFO - Started process (PID=3982) to work on /opt/airflow/dags/premier_dag.py
[2025-10-16T10:52:57.089+0000] {processor.py:914} INFO - Processing file /opt/airflow/dags/premier_dag.py for tasks to queue
[2025-10-16T10:52:57.091+0000] {logging_mixin.py:190} INFO - [2025-10-16T10:52:57.090+0000] {dagbag.py:588} INFO - Filling up the DagBag from /opt/airflow/dags/premier_dag.py
[2025-10-16T10:52:57.104+0000] {processor.py:925} INFO - DAG(s) 'premier_dag_test' retrieved from /opt/airflow/dags/premier_dag.py
[2025-10-16T10:52:57.125+0000] {logging_mixin.py:190} INFO - [2025-10-16T10:52:57.125+0000] {dag.py:3239} INFO - Sync 1 DAGs
[2025-10-16T10:52:57.145+0000] {logging_mixin.py:190} INFO - [2025-10-16T10:52:57.145+0000] {dag.py:4180} INFO - Setting next_dagrun for premier_dag_test to 2025-06-02 09:00:00+00:00, run_after=2025-06-02 10:00:00+00:00
[2025-10-16T10:52:57.161+0000] {processor.py:208} INFO - Processing /opt/airflow/dags/premier_dag.py took 0.077 seconds
[2025-10-16T10:53:27.402+0000] {processor.py:186} INFO - Started process (PID=3996) to work on /opt/airflow/dags/premier_dag.py
[2025-10-16T10:53:27.403+0000] {processor.py:914} INFO - Processing file /opt/airflow/dags/premier_dag.py for tasks to queue
[2025-10-16T10:53:27.405+0000] {logging_mixin.py:190} INFO - [2025-10-16T10:53:27.405+0000] {dagbag.py:588} INFO - Filling up the DagBag from /opt/airflow/dags/premier_dag.py
[2025-10-16T10:53:27.419+0000] {processor.py:925} INFO - DAG(s) 'premier_dag_test' retrieved from /opt/airflow/dags/premier_dag.py
[2025-10-16T10:53:27.439+0000] {logging_mixin.py:190} INFO - [2025-10-16T10:53:27.439+0000] {dag.py:3239} INFO - Sync 1 DAGs
[2025-10-16T10:53:27.458+0000] {logging_mixin.py:190} INFO - [2025-10-16T10:53:27.458+0000] {dag.py:4180} INFO - Setting next_dagrun for premier_dag_test to 2025-06-02 09:00:00+00:00, run_after=2025-06-02 10:00:00+00:00
[2025-10-16T10:53:27.478+0000] {processor.py:208} INFO - Processing /opt/airflow/dags/premier_dag.py took 0.081 seconds
[2025-10-16T10:53:57.738+0000] {processor.py:186} INFO - Started process (PID=4013) to work on /opt/airflow/dags/premier_dag.py
[2025-10-16T10:53:57.739+0000] {processor.py:914} INFO - Processing file /opt/airflow/dags/premier_dag.py for tasks to queue
[2025-10-16T10:53:57.741+0000] {logging_mixin.py:190} INFO - [2025-10-16T10:53:57.741+0000] {dagbag.py:588} INFO - Filling up the DagBag from /opt/airflow/dags/premier_dag.py
[2025-10-16T10:53:57.755+0000] {processor.py:925} INFO - DAG(s) 'premier_dag_test' retrieved from /opt/airflow/dags/premier_dag.py
[2025-10-16T10:53:57.776+0000] {logging_mixin.py:190} INFO - [2025-10-16T10:53:57.775+0000] {dag.py:3239} INFO - Sync 1 DAGs
[2025-10-16T10:53:57.798+0000] {logging_mixin.py:190} INFO - [2025-10-16T10:53:57.798+0000] {dag.py:4180} INFO - Setting next_dagrun for premier_dag_test to 2025-06-02 09:00:00+00:00, run_after=2025-06-02 10:00:00+00:00
[2025-10-16T10:53:57.945+0000] {processor.py:208} INFO - Processing /opt/airflow/dags/premier_dag.py took 0.212 seconds
[2025-10-16T10:54:28.185+0000] {processor.py:186} INFO - Started process (PID=4030) to work on /opt/airflow/dags/premier_dag.py
[2025-10-16T10:54:28.186+0000] {processor.py:914} INFO - Processing file /opt/airflow/dags/premier_dag.py for tasks to queue
[2025-10-16T10:54:28.188+0000] {logging_mixin.py:190} INFO - [2025-10-16T10:54:28.188+0000] {dagbag.py:588} INFO - Filling up the DagBag from /opt/airflow/dags/premier_dag.py
[2025-10-16T10:54:28.203+0000] {processor.py:925} INFO - DAG(s) 'premier_dag_test' retrieved from /opt/airflow/dags/premier_dag.py
[2025-10-16T10:54:28.224+0000] {logging_mixin.py:190} INFO - [2025-10-16T10:54:28.224+0000] {dag.py:3239} INFO - Sync 1 DAGs
[2025-10-16T10:54:28.358+0000] {logging_mixin.py:190} INFO - [2025-10-16T10:54:28.358+0000] {dag.py:4180} INFO - Setting next_dagrun for premier_dag_test to 2025-06-02 09:00:00+00:00, run_after=2025-06-02 10:00:00+00:00
[2025-10-16T10:54:28.372+0000] {processor.py:208} INFO - Processing /opt/airflow/dags/premier_dag.py took 0.192 seconds
[2025-10-16T10:54:58.611+0000] {processor.py:186} INFO - Started process (PID=4047) to work on /opt/airflow/dags/premier_dag.py
[2025-10-16T10:54:58.612+0000] {processor.py:914} INFO - Processing file /opt/airflow/dags/premier_dag.py for tasks to queue
[2025-10-16T10:54:58.615+0000] {logging_mixin.py:190} INFO - [2025-10-16T10:54:58.614+0000] {dagbag.py:588} INFO - Filling up the DagBag from /opt/airflow/dags/premier_dag.py
[2025-10-16T10:54:58.629+0000] {processor.py:925} INFO - DAG(s) 'premier_dag_test' retrieved from /opt/airflow/dags/premier_dag.py
[2025-10-16T10:54:58.761+0000] {logging_mixin.py:190} INFO - [2025-10-16T10:54:58.761+0000] {dag.py:3239} INFO - Sync 1 DAGs
[2025-10-16T10:54:58.778+0000] {logging_mixin.py:190} INFO - [2025-10-16T10:54:58.778+0000] {dag.py:4180} INFO - Setting next_dagrun for premier_dag_test to 2025-06-02 09:00:00+00:00, run_after=2025-06-02 10:00:00+00:00
[2025-10-16T10:54:58.797+0000] {processor.py:208} INFO - Processing /opt/airflow/dags/premier_dag.py took 0.191 seconds
[2025-10-16T10:55:29.043+0000] {processor.py:186} INFO - Started process (PID=4064) to work on /opt/airflow/dags/premier_dag.py
[2025-10-16T10:55:29.044+0000] {processor.py:914} INFO - Processing file /opt/airflow/dags/premier_dag.py for tasks to queue
[2025-10-16T10:55:29.046+0000] {logging_mixin.py:190} INFO - [2025-10-16T10:55:29.046+0000] {dagbag.py:588} INFO - Filling up the DagBag from /opt/airflow/dags/premier_dag.py
[2025-10-16T10:55:29.063+0000] {processor.py:925} INFO - DAG(s) 'premier_dag_test' retrieved from /opt/airflow/dags/premier_dag.py
[2025-10-16T10:55:29.084+0000] {logging_mixin.py:190} INFO - [2025-10-16T10:55:29.084+0000] {dag.py:3239} INFO - Sync 1 DAGs
[2025-10-16T10:55:29.105+0000] {logging_mixin.py:190} INFO - [2025-10-16T10:55:29.104+0000] {dag.py:4180} INFO - Setting next_dagrun for premier_dag_test to 2025-06-02 09:00:00+00:00, run_after=2025-06-02 10:00:00+00:00
[2025-10-16T10:55:29.124+0000] {processor.py:208} INFO - Processing /opt/airflow/dags/premier_dag.py took 0.086 seconds
[2025-10-16T10:55:59.353+0000] {processor.py:186} INFO - Started process (PID=4081) to work on /opt/airflow/dags/premier_dag.py
[2025-10-16T10:55:59.353+0000] {processor.py:914} INFO - Processing file /opt/airflow/dags/premier_dag.py for tasks to queue
[2025-10-16T10:55:59.356+0000] {logging_mixin.py:190} INFO - [2025-10-16T10:55:59.355+0000] {dagbag.py:588} INFO - Filling up the DagBag from /opt/airflow/dags/premier_dag.py
[2025-10-16T10:55:59.369+0000] {processor.py:925} INFO - DAG(s) 'premier_dag_test' retrieved from /opt/airflow/dags/premier_dag.py
[2025-10-16T10:55:59.391+0000] {logging_mixin.py:190} INFO - [2025-10-16T10:55:59.390+0000] {dag.py:3239} INFO - Sync 1 DAGs
[2025-10-16T10:55:59.412+0000] {logging_mixin.py:190} INFO - [2025-10-16T10:55:59.412+0000] {dag.py:4180} INFO - Setting next_dagrun for premier_dag_test to 2025-06-02 09:00:00+00:00, run_after=2025-06-02 10:00:00+00:00
[2025-10-16T10:55:59.429+0000] {processor.py:208} INFO - Processing /opt/airflow/dags/premier_dag.py took 0.081 seconds
